season,week,game_id,game_date,player_id,player_display_name,position,team,opponent,field_goals_made,field_goals_attempted,field_goals_missed,field_goals_blocked,field_goals_made_0_19,field_goals_made_20_29,field_goals_made_30_39,field_goals_made_40_49,field_goals_made_50_59,field_goals_made_60_plus,extra_points_made,extra_points_attempted,extra_points_missed,extra_points_blocked,espn_fantasy_points,yahoo_fantasy_points
2025,1,2025_01_ARI_NO,2025-09-07,00-0038567,Chad Ryland,K,ARI,NO,2,3,0,1,0,0,0,1,1,0,2,2,0,0,11.0,11.0
2025,1,2025_01_ARI_NO,2025-09-07,00-0038905,Blake Grupe,K,NO,ARI,2,3,1,0,0,1,1,0,0,0,1,1,0,0,6.0,7.0
2025,1,2025_01_BAL_BUF,2025-09-07,00-0040074,Tyler Loop,K,BAL,BUF,2,2,0,0,0,0,0,1,1,0,4,5,1,0,13.0,13.0
2025,1,2025_01_BAL_BUF,2025-09-07,00-0023853,Matt Prater,K,BUF,BAL,3,3,0,0,0,1,1,1,0,0,2,2,0,0,12.0,12.0
2025,1,2025_01_CAR_JAX,2025-09-07,00-0040279,Ryan Fitzgerald,K,CAR,JAX,1,1,0,0,0,0,0,1,0,0,1,1,0,0,5.0,5.0
2025,1,2025_01_CAR_JAX,2025-09-07,00-0039409,Cam Little,K,JAX,CAR,4,4,0,0,0,1,2,1,0,0,2,2,0,0,15.0,15.0
2025,1,2025_01_CIN_CLE,2025-09-07,00-0036854,Evan McPherson,K,CIN,CLE,1,1,0,0,0,0,1,0,0,0,2,2,0,0,5.0,5.0
2025,1,2025_01_CIN_CLE,2025-09-07,00-0038428,Andre Szmyt,K,CLE,CIN,1,2,1,0,0,0,0,1,0,0,1,2,1,0,4.0,5.0
2025,1,2025_01_DAL_PHI,2025-09-04,00-0037692,Brandon Aubrey,K,DAL,PHI,2,2,0,0,0,0,0,1,1,0,2,2,0,0,11.0,11.0
2025,1,2025_01_DAL_PHI,2025-09-04,00-0033787,Jake Elliott,K,PHI,DAL,1,1,0,0,0,0,0,0,1,0,3,3,0,0,8.0,8.0
2025,1,2025_01_DET_GB,2025-09-07,00-0039172,Jake Bates,K,DET,GB,2,2,0,0,0,1,1,0,0,0,1,1,0,0,7.0,7.0
2025,1,2025_01_DET_GB,2025-09-07,00-0029822,Brandon McManus,K,GB,DET,2,2,0,0,0,0,2,0,0,0,3,3,0,0,9.0,9.0
2025,1,2025_01_HOU_LA,2025-09-07,00-0032726,Ka'imi Fairbairn,K,HOU,LA,3,3,0,0,0,0,0,1,2,0,0,0,0,0,14.0,14.0
2025,1,2025_01_HOU_LA,2025-09-07,00-0039750,Joshua Karty,K,LA,HOU,0,0,0,0,0,0,0,0,0,0,2,2,0,0,2.0,2.0
2025,1,2025_01_KC_LAC,2025-09-05,00-0033303,Harrison Butker,K,KC,LAC,3,3,0,0,0,1,1,0,1,0,0,1,1,0,11.0,11.0
2025,1,2025_01_KC_LAC,2025-09-05,00-0037224,Cameron Dicker,K,LAC,KC,2,2,0,0,0,0,2,0,0,0,3,3,0,0,9.0,9.0
2025,1,2025_01_LV_NE,2025-09-07,00-0034161,Daniel Carlson,K,LV,NE,2,3,1,0,0,0,0,1,1,0,2,2,0,0,10.0,11.0
2025,1,2025_01_LV_NE,2025-09-07,00-0040200,Andy Borregales,K,NE,LV,2,3,1,0,0,0,1,1,0,0,1,1,0,0,7.0,8.0
2025,1,2025_01_MIA_IND,2025-09-07,00-0039576,Spencer Shrader,K,IND,MIA,4,4,0,0,0,2,1,1,0,0,3,3,0,0,16.0,16.0
2025,1,2025_01_MIA_IND,2025-09-07,00-0036816,Riley Patterson,K,MIA,IND,0,0,0,0,0,0,0,0,0,0,0,0,0,0,0.0,0.0
2025,1,2025_01_MIN_CHI,2025-09-08,00-0031203,Cairo Santos,K,CHI,MIN,1,2,1,0,0,0,0,1,0,0,3,3,0,0,6.0,7.0
2025,1,2025_01_MIN_CHI,2025-09-08,00-0039404,Will Reichard,K,MIN,CHI,2,2,0,0,0,0,1,0,1,0,1,1,0,0,9.0,9.0
2025,1,2025_01_NYG_WAS,2025-09-07,00-0026858,Graham Gano,K,NYG,WAS,2,2,0,0,0,1,0,0,1,0,0,0,0,0,8.0,8.0
2025,1,2025_01_NYG_WAS,2025-09-07,00-0035269,Matt Gay,K,WAS,NYG,0,0,0,0,0,0,0,0,0,0,3,3,0,0,3.0,3.0
2025,1,2025_01_PIT_NYJ,2025-09-07,00-0025565,Nick Folk,K,NYJ,PIT,2,2,0,0,0,0,1,0,1,0,2,2,0,0,10.0,10.0
2025,1,2025_01_PIT_NYJ,2025-09-07,00-0031136,Chris Boswell,K,PIT,NYJ,2,2,0,0,0,0,0,0,1,1,4,4,0,0,15.0,14.0
2025,1,2025_01_SF_SEA,2025-09-07,00-0031492,Jason Myers,K,SEA,SF,2,2,0,0,0,0,1,1,0,0,1,1,0,0,8.0,8.0
2025,1,2025_01_SF_SEA,2025-09-07,00-0038562,Jake Moody,K,SF,SEA,1,3,1,1,0,0,1,0,0,0,2,2,0,0,4.0,5.0
2025,1,2025_01_TB_ATL,2025-09-07,00-0033702,Younghoe Koo,K,ATL,TB,2,3,1,0,0,0,1,1,0,0,2,2,0,0,8.0,9.0
2025,1,2025_01_TB_ATL,2025-09-07,00-0035358,Chase McLaughlin,K,TB,ATL,1,2,1,0,0,0,0,1,0,0,2,3,1,0,5.0,6.0
2025,1,2025_01_TEN_DEN,2025-09-07,00-0032569,Wil Lutz,K,DEN,TEN,2,2,0,0,0,0,2,0,0,0,2,2,0,0,8.0,8.0
2025,1,2025_01_TEN_DEN,2025-09-07,00-0035192,Joey Slye,K,TEN,DEN,4,4,0,0,0,0,2,1,1,0,0,0,0,0,15.0,15.0
2025,2,2025_02_ATL_MIN,2025-09-14,00-0037542,John Parker Romo,K,ATL,MIN,5,5,0,0,0,1,3,0,1,0,1,1,0,0,18.0,18.0
2025,2,2025_02_ATL_MIN,2025-09-14,00-0039404,Will Reichard,K,MIN,ATL,2,2,0,0,0,0,1,0,1,0,0,0,0,0,8.0,8.0
2025,2,2025_02_BUF_NYJ,2025-09-14,00-0023853,Matt Prater,K,BUF,NYJ,3,3,0,0,0,1,1,0,1,0,3,3,0,0,14.0,14.0
2025,2,2025_02_BUF_NYJ,2025-09-14,00-0025565,Nick Folk,K,NYJ,BUF,1,1,0,0,0,0,0,0,1,0,1,1,0,0,6.0,6.0
2025,2,2025_02_CAR_ARI,2025-09-14,00-0038567,Chad Ryland,K,ARI,CAR,2,2,0,0,0,1,0,1,0,0,3,3,0,0,10.0,10.0
2025,2,2025_02_CAR_ARI,2025-09-14,00-0040279,Ryan Fitzgerald,K,CAR,ARI,1,1,0,0,0,1,0,0,0,0,1,1,0,0,4.0,4.0
2025,2,2025_02_CHI_DET,2025-09-14,00-0031203,Cairo Santos,K,CHI,DET,0,0,0,0,0,0,0,0,0,0,3,3,0,0,3.0,3.0
2025,2,2025_02_CHI_DET,2025-09-14,00-0039172,Jake Bates,K,DET,CHI,1,2,1,0,0,0,1,0,0,0,7,7,0,0,9.0,10.0
2025,2,2025_02_CLE_BAL,2025-09-14,00-0040074,Tyler Loop,K,BAL,CLE,2,2,0,0,0,0,1,1,0,0,5,5,0,0,12.0,12.0
2025,2,2025_02_CLE_BAL,2025-09-14,00-0038428,Andre Szmyt,K,CLE,BAL,1,1,0,0,0,0,1,0,0,0,2,2,0,0,5.0,5.0
2025,2,2025_02_DEN_IND,2025-09-14,00-0032569,Wil Lutz,K,DEN,IND,0,1,1,0,0,0,0,0,0,0,4,4,0,0,3.0,4.0
2025,2,2025_02_DEN_IND,2025-09-14,00-0039576,Spencer Shrader,K,IND,DEN,5,5,0,0,0,2,2,1,0,0,2,2,0,0,18.0,18.0
2025,2,2025_02_JAX_CIN,2025-09-14,00-0036854,Evan McPherson,K,CIN,JAX,1,1,0,0,0,0,1,0,0,0,4,4,0,0,7.0,7.0
2025,2,2025_02_JAX_CIN,2025-09-14,00-0039409,Cam Little,K,JAX,CIN,2,2,0,0,0,1,0,1,0,0,3,3,0,0,10.0,10.0
2025,2,2025_02_LAC_LV,2025-09-15,00-0037224,Cameron Dicker,K,LAC,LV,2,2,0,0,0,1,1,0,0,0,2,2,0,0,8.0,8.0
2025,2,2025_02_LAC_LV,2025-09-15,00-0034161,Daniel Carlson,K,LV,LAC,3,3,0,0,0,0,1,1,1,0,0,0,0,0,12.0,12.0
2025,2,2025_02_LA_TEN,2025-09-14,00-0039750,Joshua Karty,K,LA,TEN,2,2,0,0,0,2,0,0,0,0,3,4,0,1,9.0,9.0
2025,2,2025_02_LA_TEN,2025-09-14,00-0035192,Joey Slye,K,TEN,LA,4,4,0,0,0,0,2,0,2,0,1,1,0,0,17.0,17.0
2025,2,2025_02_NE_MIA,2025-09-14,00-0036816,Riley Patterson,K,MIA,NE,2,2,0,0,0,0,0,2,0,0,3,3,0,0,11.0,11.0
2025,2,2025_02_NE_MIA,2025-09-14,00-0040200,Andy Borregales,K,NE,MIA,2,2,0,0,0,1,0,0,1,0,1,3,2,0,9.0,9.0
2025,2,2025_02_NYG_DAL,2025-09-14,00-0037692,Brandon Aubrey,K,DAL,NYG,4,4,0,0,0,0,0,2,1,1,4,4,0,0,23.0,22.0
2025,2,2025_02_NYG_DAL,2025-09-14,00-0026858,Graham Gano,K,NYG,DAL,3,3,0,0,0,0,3,0,0,0,4,4,0,0,13.0,13.0
2025,2,2025_02_PHI_KC,2025-09-14,00-0033303,Harrison Butker,K,KC,PHI,1,2,1,0,0,0,0,0,1,0,2,2,0,0,6.0,7.0
2025,2,2025_02_PHI_KC,2025-09-14,00-0033787,Jake Elliott,K,PHI,KC,2,2,0,0,0,0,0,0,2,0,2,2,0,0,12.0,12.0
2025,2,2025_02_SEA_PIT,2025-09-14,00-0031136,Chris Boswell,K,PIT,SEA,3,3,0,0,0,0,0,3,0,0,0,0,0,0,12.0,12.0
2025,2,2025_02_SEA_PIT,2025-09-14,00-0031492,Jason Myers,K,SEA,PIT,1,2,1,0,0,0,0,0,1,0,4,4,0,0,8.0,9.0
2025,2,2025_02_SF_NO,2025-09-14,00-0038905,Blake Grupe,K,NO,SF,0,1,1,0,0,0,0,0,0,0,3,3,0,0,2.0,3.0
2025,2,2025_02_SF_NO,2025-09-14,00-0034173,Eddy Pineiro,K,SF,NO,2,2,0,0,0,0,0,2,0,0,2,3,1,0,10.0,10.0
2025,2,2025_02_TB_HOU,2025-09-15,00-0032726,Ka'imi Fairbairn,K,HOU,TB,2,2,0,0,0,0,1,0,1,0,1,1,0,0,9.0,9.0
2025,2,2025_02_TB_HOU,2025-09-15,00-0035358,Chase McLaughlin,K,TB,HOU,0,1,1,0,0,0,0,0,0,0,2,2,0,0,1.0,2.0
2025,2,2025_02_WAS_GB,2025-09-11,00-0029822,Brandon McManus,K,GB,WAS,2,3,1,0,0,1,0,0,1,0,3,3,0,0,10.0,11.0
2025,2,2025_02_WAS_GB,2025-09-11,00-0035269,Matt Gay,K,WAS,GB,1,3,2,0,0,0,0,0,1,0,1,1,0,0,4.0,6.0
2025,3,2025_03_ARI_SF,2025-09-21,00-0038567,Chad Ryland,K,ARI,SF,2,3,1,0,0,1,1,0,0,0,1,1,0,0,6.0,7.0
2025,3,2025_03_ARI_SF,2025-09-21,00-0034173,Eddy Pineiro,K,SF,ARI,3,3,0,0,0,0,2,0,1,0,1,1,0,0,12.0,12.0
2025,3,2025_03_ATL_CAR,2025-09-21,00-0037542,John Parker Romo,K,ATL,CAR,0,2,2,0,0,0,0,0,0,0,0,0,0,0,-2.0,0.0
2025,3,2025_03_ATL_CAR,2025-09-21,00-0040279,Ryan Fitzgerald,K,CAR,ATL,3,3,0,0,0,0,1,1,1,0,3,3,0,0,15.0,15.0
2025,3,2025_03_CIN_MIN,2025-09-21,00-0036854,Evan McPherson,K,CIN,MIN,1,1,0,0,0,0,0,1,0,0,1,1,0,0,5.0,5.0
2025,3,2025_03_CIN_MIN,2025-09-21,00-0039404,Will Reichard,K,MIN,CIN,2,2,0,0,0,0,1,0,0,1,6,6,0,0,15.0,14.0
2025,3,2025_03_DAL_CHI,2025-09-21,00-0031203,Cairo Santos,K,CHI,DAL,1,1,0,0,0,0,1,0,0,0,4,4,0,0,7.0,7.0
2025,3,2025_03_DAL_CHI,2025-09-21,00-0037692,Brandon Aubrey,K,DAL,CHI,2,2,0,0,0,0,1,0,1,0,0,0,0,0,8.0,8.0
2025,3,2025_03_DEN_LAC,2025-09-21,00-0032569,Wil Lutz,K,DEN,LAC,2,2,0,0,0,1,0,1,0,0,2,2,0,0,9.0,9.0
2025,3,2025_03_DEN_LAC,2025-09-21,00-0037224,Cameron Dicker,K,LAC,DEN,3,3,0,0,0,1,1,1,0,0,2,2,0,0,12.0,12.0
2025,3,2025_03_DET_BAL,2025-09-22,00-0040074,Tyler Loop,K,BAL,DET,1,1,0,0,0,0,0,1,0,0,3,3,0,0,7.0,7.0
2025,3,2025_03_DET_BAL,2025-09-22,00-0039172,Jake Bates,K,DET,BAL,1,2,1,0,0,0,0,1,0,0,5,5,0,0,8.0,9.0
2025,3,2025_03_GB_CLE,2025-09-21,00-0038428,Andre Szmyt,K,CLE,GB,2,2,0,0,0,0,1,0,1,0,1,1,0,0,9.0,9.0
2025,3,2025_03_GB_CLE,2025-09-21,00-0029822,Brandon McManus,K,GB,CLE,1,2,0,1,0,0,1,0,0,0,1,1,0,0,4.0,4.0
2025,3,2025_03_HOU_JAX,2025-09-21,00-0032726,Ka'imi Fairbairn,K,HOU,JAX,1,2,1,0,0,1,0,0,0,0,1,1,0,0,3.0,4.0
2025,3,2025_03_HOU_JAX,2025-09-21,00-0039409,Cam Little,K,JAX,HOU,1,2,1,0,0,0,1,0,0,0,2,2,0,0,4.0,5.0
2025,3,2025_03_IND_TEN,2025-09-21,00-0039576,Spencer Shrader,K,IND,TEN,2,3,1,0,0,1,1,0,0,0,5,5,0,0,10.0,11.0
2025,3,2025_03_IND_TEN,2025-09-21,00-0035192,Joey Slye,K,TEN,IND,2,4,1,1,0,0,0,1,1,0,2,2,0,0,10.0,11.0
2025,3,2025_03_KC_NYG,2025-09-21,00-0033303,Harrison Butker,K,KC,NYG,3,4,1,0,0,1,0,1,1,0,1,2,1,0,12.0,13.0
2025,3,2025_03_KC_NYG,2025-09-21,00-0026858,Graham Gano,K,NYG,KC,1,1,0,0,0,1,0,0,0,0,0,0,0,0,3.0,3.0
2025,3,2025_03_LA_PHI,2025-09-21,00-0039750,Joshua Karty,K,LA,PHI,4,6,0,2,0,1,1,1,1,0,2,2,0,0,17.0,17.0
2025,3,2025_03_LA_PHI,2025-09-21,00-0033787,Jake Elliott,K,PHI,LA,0,0,0,0,0,0,0,0,0,0,3,3,0,0,3.0,3.0
2025,3,2025_03_LV_WAS,2025-09-21,00-0034161,Daniel Carlson,K,LV,WAS,1,1,0,0,0,0,1,0,0,0,1,1,0,0,4.0,4.0
2025,3,2025_03_LV_WAS,2025-09-21,00-0035269,Matt Gay,K,WAS,LV,2,3,1,0,0,0,0,1,1,0,5,5,0,0,13.0,14.0
2025,3,2025_03_MIA_BUF,2025-09-18,00-0023853,Matt Prater,K,BUF,MIA,1,2,1,0,0,0,0,1,0,0,4,4,0,0,7.0,8.0
2025,3,2025_03_MIA_BUF,2025-09-18,00-0036816,Riley Patterson,K,MIA,BUF,0,0,0,0,0,0,0,0,0,0,3,3,0,0,3.0,3.0
2025,3,2025_03_NO_SEA,2025-09-21,00-0038905,Blake Grupe,K,NO,SEA,2,3,1,0,0,2,0,0,0,0,1,1,0,0,6.0,7.0
2025,3,2025_03_NO_SEA,2025-09-21,00-0031492,Jason Myers,K,SEA,NO,3,3,0,0,0,0,1,1,1,0,5,5,0,0,17.0,17.0
2025,3,2025_03_NYJ_TB,2025-09-21,00-0025565,Nick Folk,K,NYJ,TB,2,2,0,0,0,0,1,1,0,0,3,3,0,0,10.0,10.0
2025,3,2025_03_NYJ_TB,2025-09-21,00-0035358,Chase McLaughlin,K,TB,NYJ,5,6,0,1,0,1,2,0,2,0,2,2,0,0,21.0,21.0
2025,3,2025_03_PIT_NE,2025-09-21,00-0040200,Andy Borregales,K,NE,PIT,0,0,0,0,0,0,0,0,0,0,2,2,0,0,2.0,2.0
2025,3,2025_03_PIT_NE,2025-09-21,00-0031136,Chris Boswell,K,PIT,NE,0,0,0,0,0,0,0,0,0,0,3,3,0,0,3.0,3.0
2025,4,2025_04_BAL_KC,2025-09-28,00-0040074,Tyler Loop,K,BAL,KC,2,2,0,0,0,0,1,1,0,0,2,2,0,0,9.0,9.0
2025,4,2025_04_BAL_KC,2025-09-28,00-0033303,Harrison Butker,K,KC,BAL,3,4,1,0,0,1,2,0,0,0,4,4,0,0,12.0,13.0
2025,4,2025_04_CAR_NE,2025-09-28,00-0040279,Ryan Fitzgerald,K,CAR,NE,0,1,1,0,0,0,0,0,0,0,1,2,1,0,0.0,1.0
2025,4,2025_04_CAR_NE,2025-09-28,00-0040200,Andy Borregales,K,NE,CAR,0,0,0,0,0,0,0,0,0,0,6,6,0,0,6.0,6.0
2025,4,2025_04_CHI_LV,2025-09-28,00-0031203,Cairo Santos,K,CHI,LV,4,4,0,0,0,0,0,2,2,0,1,1,0,0,19.0,19.0
2025,4,2025_04_CHI_LV,2025-09-28,00-0034161,Daniel Carlson,K,LV,CHI,1,2,0,1,0,1,0,0,0,0,3,3,0,0,6.0,6.0
2025,4,2025_04_CIN_DEN,2025-09-29,00-0036854,Evan McPherson,K,CIN,DEN,1,1,0,0,0,1,0,0,0,0,0,0,0,0,3.0,3.0
2025,4,2025_04_CIN_DEN,2025-09-29,00-0032569,Wil Lutz,K,DEN,CIN,0,0,0,0,0,0,0,0,0,0,4,4,0,0,4.0,4.0
2025,4,2025_04_CLE_DET,2025-09-28,00-0038428,Andre Szmyt,K,CLE,DET,1,2,1,0,0,0,1,0,0,0,1,1,0,0,3.0,4.0
2025,4,2025_04_CLE_DET,2025-09-28,00-0039172,Jake Bates,K,DET,CLE,2,2,0,0,0,0,0,1,1,0,4,4,0,0,13.0,13.0
2025,4,2025_04_GB_DAL,2025-09-28,00-0037692,Brandon Aubrey,K,DAL,GB,1,1,0,0,0,1,0,0,0,0,5,5,0,0,8.0,8.0
2025,4,2025_04_GB_DAL,2025-09-28,00-0029822,Brandon McManus,K,GB,DAL,2,2,0,0,0,0,1,0,1,0,4,5,0,1,12.0,12.0
2025,4,2025_04_IND_LA,2025-09-28,00-0039576,Spencer Shrader,K,IND,LA,2,2,0,0,0,0,1,0,1,0,2,2,0,0,10.0,10.0
2025,4,2025_04_IND_LA,2025-09-28,00-0039750,Joshua Karty,K,LA,IND,2,2,0,0,0,0,1,1,0,0,3,3,0,0,10.0,10.0
2025,4,2025_04_JAX_SF,2025-09-28,00-0039409,Cam Little,K,JAX,SF,2,3,1,0,0,1,0,1,0,0,2,2,0,0,8.0,9.0
2025,4,2025_04_JAX_SF,2025-09-28,00-0034173,Eddy Pineiro,K,SF,JAX,2,2,0,0,0,2,0,0,0,0,1,1,0,0,7.0,7.0
2025,4,2025_04_LAC_NYG,2025-09-28,00-0037224,Cameron Dicker,K,LAC,NYG,1,1,0,0,0,0,0,1,0,0,1,1,0,0,5.0,5.0
2025,4,2025_04_LAC_NYG,2025-09-28,00-0039934,Jude McAtamney,K,NYG,LAC,2,2,0,0,0,1,1,0,0,0,1,1,0,0,7.0,7.0
2025,4,2025_04_MIN_PIT,2025-09-28,00-0039404,Will Reichard,K,MIN,PIT,2,2,0,0,0,1,0,1,0,0,1,1,0,0,8.0,8.0
2025,4,2025_04_MIN_PIT,2025-09-28,00-0031136,Chris Boswell,K,PIT,MIN,1,2,0,1,0,0,1,0,0,0,3,3,0,0,6.0,6.0
2025,4,2025_04_NO_BUF,2025-09-28,00-0023853,Matt Prater,K,BUF,NO,1,1,0,0,0,0,1,0,0,0,4,4,0,0,7.0,7.0
2025,4,2025_04_NO_BUF,2025-09-28,00-0038905,Blake Grupe,K,NO,BUF,2,2,0,0,0,0,1,0,1,0,1,1,0,0,9.0,9.0
2025,4,2025_04_NYJ_MIA,2025-09-29,00-0036816,Riley Patterson,K,MIA,NYJ,2,2,0,0,0,0,1,1,0,0,3,3,0,0,10.0,10.0
2025,4,2025_04_NYJ_MIA,2025-09-29,00-0025565,Nick Folk,K,NYJ,MIA,2,2,0,0,0,0,0,0,2,0,1,1,0,0,11.0,11.0
2025,4,2025_04_PHI_TB,2025-09-28,00-0033787,Jake Elliott,K,PHI,TB,1,1,0,0,0,0,1,0,0,0,4,4,0,0,7.0,7.0
2025,4,2025_04_PHI_TB,2025-09-28,00-0035358,Chase McLaughlin,K,TB,PHI,3,3,0,0,0,0,0,1,1,1,2,2,0,0,17.0,16.0
2025,4,2025_04_SEA_ARI,2025-09-25,00-0038567,Chad Ryland,K,ARI,SEA,2,2,0,0,0,0,1,0,1,0,2,2,0,0,10.0,10.0
2025,4,2025_04_SEA_ARI,2025-09-25,00-0031492,Jason Myers,K,SEA,ARI,3,4,1,0,0,0,1,1,1,0,2,2,0,0,13.0,14.0
2025,4,2025_04_TEN_HOU,2025-09-28,00-0032726,Ka'imi Fairbairn,K,HOU,TEN,2,3,1,0,0,0,0,2,0,0,2,2,0,0,9.0,10.0
2025,4,2025_04_TEN_HOU,2025-09-28,00-0035192,Joey Slye,K,TEN,HOU,0,2,2,0,0,0,0,0,0,0,0,0,0,0,-2.0,0.0
2025,4,2025_04_WAS_ATL,2025-09-28,00-0037542,John Parker Romo,K,ATL,WAS,2,2,0,0,0,1,1,0,0,0,4,4,0,0,10.0,10.0
2025,4,2025_04_WAS_ATL,2025-09-28,00-0035269,Matt Gay,K,WAS,ATL,4,4,0,0,0,0,0,3,1,0,1,1,0,0,18.0,18.0
2025,5,2025_05_DAL_NYJ,2025-10-05,00-0037692,Brandon Aubrey,K,DAL,NYJ,1,1,0,0,0,0,1,0,0,0,4,5,1,0,7.0,7.0
2025,5,2025_05_DAL_NYJ,2025-10-05,00-0025565,Nick Folk,K,NYJ,DAL,2,2,0,0,0,1,0,1,0,0,0,0,0,0,7.0,7.0
2025,5,2025_05_DEN_PHI,2025-10-05,00-0032569,Wil Lutz,K,DEN,PHI,2,2,0,0,0,0,1,0,1,0,1,1,0,0,9.0,9.0
2025,5,2025_05_DEN_PHI,2025-10-05,00-0033787,Jake Elliott,K,PHI,DEN,1,1,0,0,0,0,1,0,0,0,2,2,0,0,5.0,5.0
2025,5,2025_05_DET_CIN,2025-10-05,00-0036854,Evan McPherson,K,CIN,DET,1,1,0,0,0,0,0,0,1,0,3,3,0,0,8.0,8.0
2025,5,2025_05_DET_CIN,2025-10-05,00-0039172,Jake Bates,K,DET,CIN,0,0,0,0,0,0,0,0,0,0,5,5,0,0,5.0,5.0
2025,5,2025_05_HOU_BAL,2025-10-05,00-0040074,Tyler Loop,K,BAL,HOU,1,2,1,0,0,1,0,0,0,0,1,1,0,0,3.0,4.0
2025,5,2025_05_HOU_BAL,2025-10-05,00-0032726,Ka'imi Fairbairn,K,HOU,BAL,3,3,0,0,0,0,1,0,2,0,5,5,0,0,18.0,18.0
2025,5,2025_05_KC_JAX,2025-10-06,00-0039409,Cam Little,K,JAX,KC,1,1,0,0,0,0,0,0,1,0,4,4,0,0,9.0,9.0
2025,5,2025_05_KC_JAX,2025-10-06,00-0033303,Harrison Butker,K,KC,JAX,0,0,0,0,0,0,0,0,0,0,4,4,0,0,4.0,4.0
2025,5,2025_05_LV_IND,2025-10-05,00-0039576,Spencer Shrader,K,IND,LV,0,0,0,0,0,0,0,0,0,0,2,2,0,0,2.0,2.0
2025,5,2025_05_LV_IND,2025-10-05,00-0034161,Daniel Carlson,K,LV,IND,2,3,1,0,0,1,1,0,0,0,0,0,0,0,5.0,6.0
2025,5,2025_05_MIA_CAR,2025-10-05,00-0040279,Ryan Fitzgerald,K,CAR,MIA,2,2,0,0,0,0,1,1,0,0,3,3,0,0,10.0,10.0
2025,5,2025_05_MIA_CAR,2025-10-05,00-0036816,Riley Patterson,K,MIA,CAR,1,1,0,0,0,0,0,1,0,0,3,3,0,0,7.0,7.0
2025,5,2025_05_MIN_CLE,2025-10-05,00-0038428,Andre Szmyt,K,CLE,MIN,1,1,0,0,0,0,1,0,0,0,2,2,0,0,5.0,5.0
2025,5,2025_05_MIN_CLE,2025-10-05,00-0039404,Will Reichard,K,MIN,CLE,0,1,1,0,0,0,0,0,0,0,3,3,0,0,2.0,3.0
2025,5,2025_05_NE_BUF,2025-10-05,00-0023853,Matt Prater,K,BUF,NE,2,2,0,0,0,0,1,1,0,0,2,2,0,0,9.0,9.0
2025,5,2025_05_NE_BUF,2025-10-05,00-0040200,Andy Borregales,K,NE,BUF,3,3,0,0,1,0,1,0,1,0,2,2,0,0,13.0,13.0
2025,5,2025_05_NYG_NO,2025-10-05,00-0038905,Blake Grupe,K,NO,NYG,4,6,2,0,0,3,0,0,1,0,2,2,0,0,14.0,16.0
2025,5,2025_05_NYG_NO,2025-10-05,00-0039934,Jude McAtamney,K,NYG,NO,0,0,0,0,0,0,0,0,0,0,2,2,0,0,2.0,2.0
2025,5,2025_05_SF_LA,2025-10-02,00-0039750,Joshua Karty,K,LA,SF,1,2,1,0,0,0,0,1,0,0,2,3,0,1,5.0,6.0
2025,5,2025_05_SF_LA,2025-10-02,00-0034173,Eddy Pineiro,K,SF,LA,4,4,0,0,0,1,1,1,1,0,2,2,0,0,17.0,17.0
2025,5,2025_05_TB_SEA,2025-10-05,00-0031492,Jason Myers,K,SEA,TB,0,1,1,0,0,0,0,0,0,0,5,5,0,0,4.0,5.0
2025,5,2025_05_TB_SEA,2025-10-05,00-0035358,Chase McLaughlin,K,TB,SEA,3,3,0,0,0,0,3,0,0,0,3,3,0,0,12.0,12.0
2025,5,2025_05_TEN_ARI,2025-10-05,00-0038567,Chad Ryland,K,ARI,TEN,0,0,0,0,0,0,0,0,0,0,3,3,0,0,3.0,3.0
2025,5,2025_05_TEN_ARI,2025-10-05,00-0035192,Joey Slye,K,TEN,ARI,3,3,0,0,0,1,0,1,1,0,1,2,1,0,13.0,13.0
2025,5,2025_05_WAS_LAC,2025-10-05,00-0037224,Cameron Dicker,K,LAC,WAS,1,1,0,0,0,0,0,0,1,0,1,1,0,0,6.0,6.0
2025,5,2025_05_WAS_LAC,2025-10-05,00-0035269,Matt Gay,K,WAS,LAC,2,2,0,0,0,1,1,0,0,0,3,3,0,0,9.0,9.0
2025,6,2025_06_ARI_IND,2025-10-12,00-0038567,Chad Ryland,K,ARI,IND,2,2,0,0,0,0,0,2,0,0,3,3,0,0,11.0,11.0
2025,6,2025_06_ARI_IND,2025-10-12,00-0034084,Mike Badgley,K,IND,ARI,1,1,0,0,0,0,0,1,0,0,4,4,0,0,8.0,8.0
2025,6,2025_06_BUF_ATL,2025-10-13,00-0037542,John Parker Romo,K,ATL,BUF,1,2,0,1,0,0,1,0,0,0,3,3,0,0,6.0,6.0
2025,6,2025_06_BUF_ATL,2025-10-13,00-0023853,Matt Prater,K,BUF,ATL,0,0,0,0,0,0,0,0,0,0,2,2,0,0,2.0,2.0
2025,6,2025_06_CHI_WAS,2025-10-13,00-0038562,Jake Moody,K,CHI,WAS,4,5,0,1,0,0,1,3,0,0,1,1,0,0,16.0,16.0
2025,6,2025_06_CHI_WAS,2025-10-13,00-0035269,Matt Gay,K,WAS,CHI,1,2,1,0,0,0,0,0,1,0,3,3,0,0,7.0,8.0
2025,6,2025_06_CIN_GB,2025-10-12,00-0036854,Evan McPherson,K,CIN,GB,1,3,2,0,0,0,0,1,0,0,1,1,0,0,3.0,5.0
2025,6,2025_06_CIN_GB,2025-10-12,00-0038152,Lucas Havrisik,K,GB,CIN,2,2,0,0,0,0,1,1,0,0,3,3,0,0,10.0,10.0
2025,6,2025_06_CLE_PIT,2025-10-12,00-0038428,Andre Szmyt,K,CLE,PIT,3,3,0,0,0,0,2,0,1,0,0,0,0,0,11.0,11.0
2025,6,2025_06_CLE_PIT,2025-10-12,00-0031136,Chris Boswell,K,PIT,CLE,3,4,1,0,0,0,0,2,1,0,2,2,0,0,14.0,15.0
2025,6,2025_06_DAL_CAR,2025-10-12,00-0040279,Ryan Fitzgerald,K,CAR,DAL,3,3,0,0,0,0,2,0,1,0,3,3,0,0,14.0,14.0
2025,6,2025_06_DAL_CAR,2025-10-12,00-0037692,Brandon Aubrey,K,DAL,CAR,2,2,0,0,0,2,0,0,0,0,3,3,0,0,9.0,9.0
2025,6,2025_06_DEN_NYJ,2025-10-12,00-0032569,Wil Lutz,K,DEN,NYJ,2,2,0,0,0,1,0,0,1,0,1,1,0,0,9.0,9.0
2025,6,2025_06_DEN_NYJ,2025-10-12,00-0025565,Nick Folk,K,NYJ,DEN,3,3,0,0,0,0,1,1,1,0,0,0,0,0,12.0,12.0
2025,6,2025_06_DET_KC,2025-10-12,00-0039172,Jake Bates,K,DET,KC,1,1,0,0,0,1,0,0,0,0,2,2,0,0,5.0,5.0
2025,6,2025_06_DET_KC,2025-10-12,00-0033303,Harrison Butker,K,KC,DET,1,1,0,0,0,0,1,0,0,0,3,4,1,0,6.0,6.0
2025,6,2025_06_LAC_MIA,2025-10-12,00-0037224,Cameron Dicker,K,LAC,MIA,5,5,0,0,0,1,4,0,0,0,2,2,0,0,17.0,17.0
2025,6,2025_06_LAC_MIA,2025-10-12,00-0036816,Riley Patterson,K,MIA,LAC,2,3,1,0,0,1,0,1,0,0,3,3,0,0,9.0,10.0
2025,6,2025_06_LA_BAL,2025-10-12,00-0040074,Tyler Loop,K,BAL,LA,1,1,0,0,0,0,1,0,0,0,0,0,0,0,3.0,3.0
2025,6,2025_06_LA_BAL,2025-10-12,00-0039750,Joshua Karty,K,LA,BAL,1,2,1,0,0,0,1,0,0,0,2,2,0,0,4.0,5.0
2025,6,2025_06_NE_NO,2025-10-12,00-0040200,Andy Borregales,K,NE,NO,1,1,0,0,0,1,0,0,0,0,2,2,0,0,5.0,5.0
2025,6,2025_06_NE_NO,2025-10-12,00-0038905,Blake Grupe,K,NO,NE,4,4,0,0,0,0,2,1,1,0,1,1,0,0,16.0,16.0
2025,6,2025_06_PHI_NYG,2025-10-09,00-0039934,Jude McAtamney,K,NYG,PHI,0,0,0,0,0,0,0,0,0,0,4,5,1,0,4.0,4.0
2025,6,2025_06_PHI_NYG,2025-10-09,00-0033787,Jake Elliott,K,PHI,NYG,1,1,0,0,0,0,0,1,0,0,2,2,0,0,6.0,6.0
2025,6,2025_06_SEA_JAX,2025-10-12,00-0039409,Cam Little,K,JAX,SEA,0,1,1,0,0,0,0,0,0,0,0,1,1,0,-1.0,0.0
2025,6,2025_06_SEA_JAX,2025-10-12,00-0031492,Jason Myers,K,SEA,JAX,2,2,0,0,0,1,0,0,1,0,2,2,0,0,10.0,10.0
2025,6,2025_06_SF_TB,2025-10-12,00-0034173,Eddy Pineiro,K,SF,TB,4,4,0,0,0,1,0,1,2,0,1,1,0,0,18.0,18.0
2025,6,2025_06_SF_TB,2025-10-12,00-0035358,Chase McLaughlin,K,TB,SF,1,2,1,0,0,0,0,1,0,0,3,3,0,0,6.0,7.0
2025,6,2025_06_TEN_LV,2025-10-12,00-0034161,Daniel Carlson,K,LV,TEN,2,2,0,0,0,1,0,0,1,0,2,2,0,0,10.0,10.0
2025,6,2025_06_TEN_LV,2025-10-12,00-0035189,Matthew Wright,K,TEN,LV,1,1,0,0,0,0,0,1,0,0,1,1,0,0,5.0,5.0
2025,7,2025_07_ATL_SF,2025-10-19,00-0037542,John Parker Romo,K,ATL,SF,1,1,0,0,0,0,1,0,0,0,1,1,0,0,4.0,4.0
2025,7,2025_07_ATL_SF,2025-10-19,00-0034173,Eddy Pineiro,K,SF,ATL,2,2,0,0,0,0,0,1,1,0,2,2,0,0,11.0,11.0
2025,7,2025_07_CAR_NYJ,2025-10-19,00-0040279,Ryan Fitzgerald,K,CAR,NYJ,2,2,0,0,0,1,1,0,0,0,1,1,0,0,7.0,7.0
2025,7,2025_07_CAR_NYJ,2025-10-19,00-0025565,Nick Folk,K,NYJ,CAR,2,2,0,0,0,0,1,1,0,0,0,0,0,0,7.0,7.0
2025,7,2025_07_GB_ARI,2025-10-19,00-0038567,Chad Ryland,K,ARI,GB,3,3,0,0,0,0,2,1,0,0,2,2,0,0,12.0,12.0
2025,7,2025_07_GB_ARI,2025-10-19,00-0038152,Lucas Havrisik,K,GB,ARI,2,2,0,0,0,0,1,0,0,1,3,3,0,0,12.0,11.0
2025,7,2025_07_HOU_SEA,2025-10-20,00-0032726,Ka'imi Fairbairn,K,HOU,SEA,2,2,0,0,0,0,1,1,0,0,1,1,0,0,8.0,8.0
2025,7,2025_07_HOU_SEA,2025-10-20,00-0031492,Jason Myers,K,SEA,HOU,2,3,0,1,0,1,0,1,0,0,3,3,0,0,10.0,10.0
2025,7,2025_07_IND_LAC,2025-10-19,00-0034084,Mike Badgley,K,IND,LAC,1,1,0,0,0,0,1,0,0,0,3,4,1,0,6.0,6.0
2025,7,2025_07_IND_LAC,2025-10-19,00-0037224,Cameron Dicker,K,LAC,IND,1,1,0,0,0,0,0,1,0,0,3,3,0,0,7.0,7.0
2025,7,2025_07_LA_JAX,2025-10-19,00-0039409,Cam Little,K,JAX,LA,0,1,1,0,0,0,0,0,0,0,1,1,0,0,0.0,1.0
2025,7,2025_07_LA_JAX,2025-10-19,00-0039750,Joshua Karty,K,LA,JAX,0,0,0,0,0,0,0,0,0,0,5,5,0,0,5.0,5.0
2025,7,2025_07_LV_KC,2025-10-19,00-0033303,Harrison Butker,K,KC,LV,1,1,0,0,0,0,1,0,0,0,4,4,0,0,7.0,7.0
2025,7,2025_07_LV_KC,2025-10-19,00-0034161,Daniel Carlson,K,LV,KC,0,0,0,0,0,0,0,0,0,0,0,0,0,0,0.0,0.0
2025,7,2025_07_MIA_CLE,2025-10-19,00-0038428,Andre Szmyt,K,CLE,MIA,1,1,0,0,0,0,1,0,0,0,4,4,0,0,7.0,7.0
2025,7,2025_07_MIA_CLE,2025-10-19,00-0036816,Riley Patterson,K,MIA,CLE,2,2,0,0,0,1,1,0,0,0,0,0,0,0,6.0,6.0
2025,7,2025_07_NE_TEN,2025-10-19,00-0040200,Andy Borregales,K,NE,TEN,1,1,0,0,0,0,1,0,0,0,4,4,0,0,7.0,7.0
2025,7,2025_07_NE_TEN,2025-10-19,00-0035192,Joey Slye,K,TEN,NE,2,2,0,0,0,0,0,1,1,0,1,1,0,0,10.0,10.0
2025,7,2025_07_NO_CHI,2025-10-19,00-0038562,Jake Moody,K,CHI,NO,4,4,0,0,0,2,2,0,0,0,2,2,0,0,14.0,14.0
2025,7,2025_07_NO_CHI,2025-10-19,00-0038905,Blake Grupe,K,NO,CHI,0,1,1,0,0,0,0,0,0,0,2,2,0,0,1.0,2.0
2025,7,2025_07_NYG_DEN,2025-10-19,00-0032569,Wil Lutz,K,DEN,NYG,1,1,0,0,0,0,1,0,0,0,2,2,0,0,5.0,5.0
2025,7,2025_07_NYG_DEN,2025-10-19,00-0039934,Jude McAtamney,K,NYG,DEN,0,0,0,0,0,0,0,0,0,0,2,4,2,0,2.0,2.0
2025,7,2025_07_PHI_MIN,2025-10-19,00-0039404,Will Reichard,K,MIN,PHI,5,5,0,0,0,2,2,0,1,0,1,1,0,0,18.0,18.0
2025,7,2025_07_PHI_MIN,2025-10-19,00-0033787,Jake Elliott,K,PHI,MIN,0,1,1,0,0,0,0,0,0,0,4,4,0,0,3.0,4.0
2025,7,2025_07_PIT_CIN,2025-10-16,00-0036854,Evan McPherson,K,CIN,PIT,4,4,0,0,0,1,1,2,0,0,3,3,0,0,17.0,17.0
2025,7,2025_07_PIT_CIN,2025-10-16,00-0031136,Chris Boswell,K,PIT,CIN,1,1,0,0,0,0,0,1,0,0,4,4,0,0,8.0,8.0
2025,7,2025_07_TB_DET,2025-10-20,00-0039172,Jake Bates,K,DET,TB,1,2,1,0,0,0,0,0,1,0,3,3,0,0,7.0,8.0
2025,7,2025_07_TB_DET,2025-10-20,00-0035358,Chase McLaughlin,K,TB,DET,1,1,0,0,0,0,0,0,1,0,0,0,0,0,5.0,5.0
2025,7,2025_07_WAS_DAL,2025-10-19,00-0037692,Brandon Aubrey,K,DAL,WAS,3,3,0,0,0,1,0,1,0,1,5,5,0,0,18.0,17.0
2025,7,2025_07_WAS_DAL,2025-10-19,00-0035269,Matt Gay,K,WAS,DAL,0,0,0,0,0,0,0,0,0,0,2,2,0,0,2.0,2.0
2025,8,2025_08_BUF_CAR,2025-10-26,00-0023853,Matt Prater,K,BUF,CAR,2,2,0,0,0,0,0,2,0,0,4,5,1,0,12.0,12.0
2025,8,2025_08_BUF_CAR,2025-10-26,00-0040279,Ryan Fitzgerald,K,CAR,BUF,1,2,1,0,0,0,0,1,0,0,0,1,1,0,3.0,4.0
2025,8,2025_08_CHI_BAL,2025-10-26,00-0040074,Tyler Loop,K,BAL,CHI,3,3,0,0,0,1,1,1,0,0,3,3,0,0,13.0,13.0
2025,8,2025_08_CHI_BAL,2025-10-26,00-0031203,Cairo Santos,K,CHI,BAL,3,4,1,0,0,0,2,1,0,0,1,1,0,0,10.0,11.0
2025,8,2025_08_CLE_NE,2025-10-26,00-0038428,Andre Szmyt,K,CLE,NE,0,1,1,0,0,0,0,0,0,0,1,1,0,0,0.0,1.0
2025,8,2025_08_CLE_NE,2025-10-26,00-0040200,Andy Borregales,K,NE,CLE,3,3,0,0,0,0,2,1,0,0,3,3,0,0,13.0,13.0
2025,8,2025_08_DAL_DEN,2025-10-26,00-0037692,Brandon Aubrey,K,DAL,DEN,1,1,0,0,0,1,0,0,0,0,3,3,0,0,6.0,6.0
2025,8,2025_08_DAL_DEN,2025-10-26,00-0032569,Wil Lutz,K,DEN,DAL,1,1,0,0,0,0,0,1,0,0,5,5,0,0,9.0,9.0
2025,8,2025_08_GB_PIT,2025-10-26,00-0029822,Brandon McManus,K,GB,PIT,2,4,2,0,0,2,0,0,0,0,3,3,0,0,7.0,9.0
2025,8,2025_08_GB_PIT,2025-10-26,00-0031136,Chris Boswell,K,PIT,GB,4,4,0,0,0,0,0,1,3,0,1,1,0,0,20.0,20.0
2025,8,2025_08_MIA_ATL,2025-10-26,00-0037542,John Parker Romo,K,ATL,MIA,1,1,0,0,0,0,0,1,0,0,1,1,0,0,5.0,5.0
2025,8,2025_08_MIA_ATL,2025-10-26,00-0036816,Riley Patterson,K,MIA,ATL,2,2,0,0,0,0,2,0,0,0,4,4,0,0,10.0,10.0
2025,8,2025_08_MIN_LAC,2025-10-23,00-0037224,Cameron Dicker,K,LAC,MIN,3,4,1,0,0,0,1,2,0,0,4,4,0,0,14.0,15.0
2025,8,2025_08_MIN_LAC,2025-10-23,00-0039404,Will Reichard,K,MIN,LAC,1,2,1,0,0,0,0,0,1,0,1,1,0,0,5.0,6.0
2025,8,2025_08_NYG_PHI,2025-10-26,00-0026858,Graham Gano,K,NYG,PHI,2,2,0,0,0,0,1,1,0,0,2,2,0,0,9.0,9.0
2025,8,2025_08_NYG_PHI,2025-10-26,00-0033787,Jake Elliott,K,PHI,NYG,1,2,1,0,0,0,0,1,0,0,5,5,0,0,8.0,9.0
2025,8,2025_08_NYJ_CIN,2025-10-26,00-0036854,Evan McPherson,K,CIN,NYJ,1,1,0,0,0,1,0,0,0,0,5,5,0,0,8.0,8.0
2025,8,2025_08_NYJ_CIN,2025-10-26,00-0025565,Nick Folk,K,NYJ,CIN,3,3,0,0,0,2,0,1,0,0,2,2,0,0,12.0,12.0
2025,8,2025_08_SF_HOU,2025-10-26,00-0032726,Ka'imi Fairbairn,K,HOU,SF,4,4,0,0,0,0,4,0,0,0,2,2,0,0,14.0,14.0
2025,8,2025_08_SF_HOU,2025-10-26,00-0034173,Eddy Pineiro,K,SF,HOU,0,0,0,0,0,0,0,0,0,0,1,1,0,0,1.0,1.0
2025,8,2025_08_TB_NO,2025-10-26,00-0038905,Blake Grupe,K,NO,TB,1,1,0,0,0,0,0,1,0,0,0,0,0,0,4.0,4.0
2025,8,2025_08_TB_NO,2025-10-26,00-0035358,Chase McLaughlin,K,TB,NO,3,3,0,0,0,0,0,0,3,0,2,2,0,0,17.0,17.0
2025,8,2025_08_TEN_IND,2025-10-26,00-0034084,Mike Badgley,K,IND,TEN,1,1,0,0,0,0,0,1,0,0,5,5,0,0,9.0,9.0
2025,8,2025_08_TEN_IND,2025-10-26,00-0035192,Joey Slye,K,TEN,IND,0,1,1,0,0,0,0,0,0,0,2,2,0,0,1.0,2.0
2025,8,2025_08_WAS_KC,2025-10-27,00-0033303,Harrison Butker,K,KC,WAS,0,0,0,0,0,0,0,0,0,0,4,4,0,0,4.0,4.0
2025,8,2025_08_WAS_KC,2025-10-27,00-0035189,Matthew Wright,K,WAS,KC,0,0,0,0,0,0,0,0,0,0,1,1,0,0,1.0,1.0
2025,9,2025_09_ARI_DAL,2025-11-03,00-0038567,Chad Ryland,K,ARI,DAL,2,2,0,0,0,0,1,1,0,0,3,3,0,0,10.0,10.0
2025,9,2025_09_ARI_DAL,2025-11-03,00-0037692,Brandon Aubrey,K,DAL,ARI,1,2,1,0,0,1,0,0,0,0,2,2,0,0,4.0,5.0
2025,9,2025_09_ATL_NE,2025-11-02,00-0037542,John Parker Romo,K,ATL,NE,1,1,0,0,0,0,1,0,0,0,2,3,1,0,5.0,5.0
2025,9,2025_09_ATL_NE,2025-11-02,00-0040200,Andy Borregales,K,NE,ATL,1,1,0,0,0,0,1,0,0,0,3,3,0,0,6.0,6.0
2025,9,2025_09_BAL_MIA,2025-10-30,00-0040074,Tyler Loop,K,BAL,MIA,0,0,0,0,0,0,0,0,0,0,4,4,0,0,4.0,4.0
2025,9,2025_09_BAL_MIA,2025-10-30,00-0036816,Riley Patterson,K,MIA,BAL,2,3,1,0,0,0,0,2,0,0,0,0,0,0,7.0,8.0
2025,9,2025_09_CAR_GB,2025-11-02,00-0040279,Ryan Fitzgerald,K,CAR,GB,1,1,0,0,0,0,0,1,0,0,1,2,1,0,5.0,5.0
2025,9,2025_09_CAR_GB,2025-11-02,00-0029822,Brandon McManus,K,GB,CAR,2,3,1,0,0,1,0,1,0,0,1,1,0,0,7.0,8.0
2025,9,2025_09_CHI_CIN,2025-11-02,00-0031203,Cairo Santos,K,CHI,CIN,2,3,0,1,0,1,1,0,0,0,5,5,0,0,11.0,11.0
2025,9,2025_09_CHI_CIN,2025-11-02,00-0036854,Evan McPherson,K,CIN,CHI,2,3,1,0,0,0,1,1,0,0,4,4,0,0,10.0,11.0
2025,9,2025_09_DEN_HOU,2025-11-02,00-0032569,Wil Lutz,K,DEN,HOU,1,2,0,1,0,0,1,0,0,0,1,1,0,0,4.0,4.0
2025,9,2025_09_DEN_HOU,2025-11-02,00-0032726,Ka'imi Fairbairn,K,HOU,DEN,5,6,1,0,0,1,1,3,0,0,0,0,0,0,17.0,18.0
2025,9,2025_09_IND_PIT,2025-11-02,00-0034084,Mike Badgley,K,IND,PIT,2,2,0,0,0,0,0,0,2,0,2,2,0,0,12.0,12.0
2025,9,2025_09_IND_PIT,2025-11-02,00-0031136,Chris Boswell,K,PIT,IND,2,2,0,0,0,1,0,1,0,0,3,3,0,0,10.0,10.0
2025,9,2025_09_JAX_LV,2025-11-02,00-0039409,Cam Little,K,JAX,LV,3,3,0,0,0,0,1,1,0,1,3,3,0,0,16.0,15.0
2025,9,2025_09_JAX_LV,2025-11-02,00-0034161,Daniel Carlson,K,LV,JAX,1,1,0,0,0,1,0,0,0,0,2,3,1,0,5.0,5.0
2025,9,2025_09_KC_BUF,2025-11-02,00-0023853,Matt Prater,K,BUF,KC,0,1,1,0,0,0,0,0,0,0,4,4,0,0,3.0,4.0
2025,9,2025_09_KC_BUF,2025-11-02,00-0033303,Harrison Butker,K,KC,BUF,2,2,0,0,1,0,0,1,0,0,1,1,0,0,8.0,8.0
2025,9,2025_09_LAC_TEN,2025-11-02,00-0037224,Cameron Dicker,K,LAC,TEN,2,2,0,0,0,1,0,0,1,0,3,3,0,0,11.0,11.0
2025,9,2025_09_LAC_TEN,2025-11-02,00-0035192,Joey Slye,K,TEN,LAC,2,2,0,0,0,0,1,1,0,0,2,2,0,0,9.0,9.0
2025,9,2025_09_MIN_DET,2025-11-02,00-0039172,Jake Bates,K,DET,MIN,1,2,0,1,0,0,0,1,0,0,3,3,0,0,7.0,7.0
2025,9,2025_09_MIN_DET,2025-11-02,00-0039404,Will Reichard,K,MIN,DET,2,2,0,0,0,1,0,0,1,0,3,3,0,0,11.0,11.0
2025,9,2025_09_NO_LA,2025-11-02,00-0039750,Joshua Karty,K,LA,NO,0,1,1,0,0,0,0,0,0,0,4,5,1,0,3.0,4.0
2025,9,2025_09_NO_LA,2025-11-02,00-0038905,Blake Grupe,K,NO,LA,1,1,0,0,0,0,1,0,0,0,1,1,0,0,4.0,4.0
2025,9,2025_09_SEA_WAS,2025-11-02,00-0031492,Jason Myers,K,SEA,WAS,1,1,0,0,0,0,0,1,0,0,5,5,0,0,9.0,9.0
2025,9,2025_09_SEA_WAS,2025-11-02,00-0035269,Matt Gay,K,WAS,SEA,0,0,0,0,0,0,0,0,0,0,2,2,0,0,2.0,2.0
2025,9,2025_09_SF_NYG,2025-11-02,00-0026858,Graham Gano,K,NYG,SF,1,2,1,0,0,1,0,0,0,0,3,3,0,0,5.0,6.0
2025,9,2025_09_SF_NYG,2025-11-02,00-0034173,Eddy Pineiro,K,SF,NYG,2,2,0,0,0,0,1,0,1,0,4,4,0,0,12.0,12.0
2025,10,2025_10_ARI_SEA,2025-11-09,00-0038567,Chad Ryland,K,ARI,SEA,0,0,0,0,0,0,0,0,0,0,2,2,0,0,2.0,2.0
2025,10,2025_10_ARI_SEA,2025-11-09,00-0031492,Jason Myers,K,SEA,ARI,3,3,0,0,0,0,2,1,0,0,5,5,0,0,15.0,15.0
2025,10,2025_10_ATL_IND,2025-11-09,00-0033862,Zane Gonzalez,K,ATL,IND,1,1,0,0,0,0,0,1,0,0,2,2,0,0,6.0,6.0
2025,10,2025_10_ATL_IND,2025-11-09,00-0034084,Mike Badgley,K,IND,ATL,2,3,1,0,0,0,1,1,0,0,1,2,1,0,7.0,8.0
2025,10,2025_10_BAL_MIN,2025-11-09,00-0040074,Tyler Loop,K,BAL,MIN,4,5,1,0,0,2,1,1,0,0,1,1,0,0,13.0,14.0
2025,10,2025_10_BAL_MIN,2025-11-09,00-0039404,Will Reichard,K,MIN,BAL,2,2,0,0,0,0,0,2,0,0,1,1,0,0,9.0,9.0
2025,10,2025_10_BUF_MIA,2025-11-09,00-0023853,Matt Prater,K,BUF,MIA,0,0,0,0,0,0,0,0,0,0,1,1,0,0,1.0,1.0
2025,10,2025_10_BUF_MIA,2025-11-09,00-0036816,Riley Patterson,K,MIA,BUF,1,1,0,0,0,0,0,1,0,0,3,4,1,0,7.0,7.0
2025,10,2025_10_CLE_NYJ,2025-11-09,00-0038428,Andre Szmyt,K,CLE,NYJ,2,2,0,0,0,1,0,1,0,0,2,2,0,0,9.0,9.0
2025,10,2025_10_CLE_NYJ,2025-11-09,00-0025565,Nick Folk,K,NYJ,CLE,2,2,0,0,0,1,1,0,0,0,3,3,0,0,9.0,9.0
2025,10,2025_10_DET_WAS,2025-11-09,00-0039172,Jake Bates,K,DET,WAS,3,3,0,0,0,2,0,1,0,0,3,4,0,1,13.0,13.0
2025,10,2025_10_DET_WAS,2025-11-09,00-0035269,Matt Gay,K,WAS,DET,1,1,0,0,0,0,0,1,0,0,1,1,0,0,5.0,5.0
2025,10,2025_10_JAX_HOU,2025-11-09,00-0035189,Matthew Wright,K,HOU,JAX,1,1,0,0,0,1,0,0,0,0,1,1,0,0,4.0,4.0
2025,10,2025_10_JAX_HOU,2025-11-09,00-0039409,Cam Little,K,JAX,HOU,3,3,0,0,0,0,2,0,1,0,2,2,0,0,13.0,13.0
2025,10,2025_10_LA_SF,2025-11-09,00-0039498,Harrison Mevis,K,LA,SF,0,0,0,0,0,0,0,0,0,0,6,6,0,0,6.0,6.0
2025,10,2025_10_LA_SF,2025-11-09,00-0034173,Eddy Pineiro,K,SF,LA,0,0,0,0,0,0,0,0,0,0,2,3,0,1,2.0,2.0
2025,10,2025_10_LV_DEN,2025-11-06,00-0032569,Wil Lutz,K,DEN,LV,1,2,1,0,0,0,1,0,0,0,1,1,0,0,3.0,4.0
2025,10,2025_10_LV_DEN,2025-11-06,00-0034161,Daniel Carlson,K,LV,DEN,0,1,1,0,0,0,0,0,0,0,1,1,0,0,0.0,1.0
2025,10,2025_10_NE_TB,2025-11-09,00-0040200,Andy Borregales,K,NE,TB,0,0,0,0,0,0,0,0,0,0,4,4,0,0,4.0,4.0
2025,10,2025_10_NE_TB,2025-11-09,00-0035358,Chase McLaughlin,K,TB,NE,1,1,0,0,0,0,1,0,0,0,2,2,0,0,5.0,5.0
2025,10,2025_10_NO_CAR,2025-11-09,00-0040279,Ryan Fitzgerald,K,CAR,NO,0,1,0,1,0,0,0,0,0,0,1,1,0,0,1.0,1.0
2025,10,2025_10_NO_CAR,2025-11-09,00-0038905,Blake Grupe,K,NO,CAR,1,1,0,0,0,1,0,0,0,0,2,2,0,0,5.0,5.0
2025,10,2025_10_NYG_CHI,2025-11-09,00-0031203,Cairo Santos,K,CHI,NYG,1,1,0,0,0,1,0,0,0,0,3,3,0,0,6.0,6.0
2025,10,2025_10_NYG_CHI,2025-11-09,00-0033702,Younghoe Koo,K,NYG,CHI,2,2,0,0,1,0,1,0,0,0,2,2,0,0,8.0,8.0
2025,10,2025_10_PHI_GB,2025-11-10,00-0029822,Brandon McManus,K,GB,PHI,0,1,1,0,0,0,0,0,0,0,1,1,0,0,0.0,1.0
2025,10,2025_10_PHI_GB,2025-11-10,00-0033787,Jake Elliott,K,PHI,GB,1,1,0,0,0,0,1,0,0,0,1,1,0,0,4.0,4.0
2025,10,2025_10_PIT_LAC,2025-11-09,00-0037224,Cameron Dicker,K,LAC,PIT,3,4,1,0,0,0,1,1,1,0,2,2,0,0,13.0,14.0
2025,10,2025_10_PIT_LAC,2025-11-09,00-0031136,Chris Boswell,K,PIT,LAC,1,2,1,0,0,0,0,0,1,0,1,1,0,0,5.0,6.0
2025,11,2025_11_BAL_CLE,2025-11-16,00-0040074,Tyler Loop,K,BAL,CLE,3,3,0,0,0,2,0,1,0,0,2,2,0,0,12.0,12.0
2025,11,2025_11_BAL_CLE,2025-11-16,00-0038428,Andre Szmyt,K,CLE,BAL,3,3,0,0,0,1,1,1,0,0,1,1,0,0,11.0,11.0
2025,11,2025_11_CAR_ATL,2025-11-16,00-0033862,Zane Gonzalez,K,ATL,CAR,2,2,0,0,0,0,0,1,1,0,3,3,0,0,12.0,12.0
2025,11,2025_11_CAR_ATL,2025-11-16,00-0040279,Ryan Fitzgerald,K,CAR,ATL,3,3,0,0,0,2,1,0,0,0,1,1,0,0,10.0,10.0
2025,11,2025_11_CHI_MIN,2025-11-16,00-0031203,Cairo Santos,K,CHI,MIN,4,5,1,0,0,0,2,1,1,0,1,1,0,0,15.0,16.0
2025,11,2025_11_CHI_MIN,2025-11-16,00-0039404,Will Reichard,K,MIN,CHI,1,1,0,0,0,0,1,0,0,0,2,2,0,0,5.0,5.0
2025,11,2025_11_CIN_PIT,2025-11-16,00-0036854,Evan McPherson,K,CIN,PIT,2,2,0,0,0,0,0,2,0,0,0,0,0,0,8.0,8.0
2025,11,2025_11_CIN_PIT,2025-11-16,00-0031136,Chris Boswell,K,PIT,CIN,2,2,0,0,0,1,1,0,0,0,4,4,0,0,10.0,10.0
2025,11,2025_11_DAL_LV,2025-11-17,00-0037692,Brandon Aubrey,K,DAL,LV,1,1,0,0,0,0,0,0,1,0,4,4,0,0,9.0,9.0
2025,11,2025_11_DAL_LV,2025-11-17,00-0034161,Daniel Carlson,K,LV,DAL,3,3,0,0,0,0,2,1,0,0,1,1,0,0,11.0,11.0
2025,11,2025_11_DET_PHI,2025-11-16,00-0039172,Jake Bates,K,DET,PHI,1,1,0,0,0,0,0,0,1,0,0,1,1,0,5.0,5.0
2025,11,2025_11_DET_PHI,2025-11-16,00-0033787,Jake Elliott,K,PHI,DET,3,3,0,0,0,1,1,1,0,0,1,1,0,0,11.0,11.0
2025,11,2025_11_GB_NYG,2025-11-16,00-0038152,Lucas Havrisik,K,GB,NYG,0,0,0,0,0,0,0,0,0,0,1,3,2,0,1.0,1.0
2025,11,2025_11_GB_NYG,2025-11-16,00-0033702,Younghoe Koo,K,NYG,GB,0,0,0,0,0,0,0,0,0,0,2,3,1,0,2.0,2.0
2025,11,2025_11_HOU_TEN,2025-11-16,00-0035189,Matthew Wright,K,HOU,TEN,3,3,0,0,0,0,1,2,0,0,1,1,0,0,12.0,12.0
2025,11,2025_11_HOU_TEN,2025-11-16,00-0035192,Joey Slye,K,TEN,HOU,2,2,0,0,0,0,0,1,1,0,1,1,0,0,10.0,10.0
2025,11,2025_11_KC_DEN,2025-11-16,00-0032569,Wil Lutz,K,DEN,KC,5,5,0,0,0,2,2,0,1,0,1,1,0,0,18.0,18.0
2025,11,2025_11_KC_DEN,2025-11-16,00-0033303,Harrison Butker,K,KC,DEN,2,2,0,0,0,0,2,0,0,0,1,2,0,1,7.0,7.0
2025,11,2025_11_LAC_JAX,2025-11-16,00-0039409,Cam Little,K,JAX,LAC,0,0,0,0,0,0,0,0,0,0,5,5,0,0,5.0,5.0
2025,11,2025_11_LAC_JAX,2025-11-16,00-0037224,Cameron Dicker,K,LAC,JAX,2,2,0,0,0,0,0,2,0,0,0,0,0,0,8.0,8.0
2025,11,2025_11_NYJ_NE,2025-11-13,00-0040200,Andy Borregales,K,NE,NYJ,2,3,1,0,0,1,0,1,0,0,3,3,0,0,9.0,10.0
2025,11,2025_11_NYJ_NE,2025-11-13,00-0025565,Nick Folk,K,NYJ,NE,0,0,0,0,0,0,0,0,0,0,2,2,0,0,2.0,2.0
2025,11,2025_11_SEA_LA,2025-11-16,00-0039498,Harrison Mevis,K,LA,SEA,0,0,0,0,0,0,0,0,0,0,3,3,0,0,3.0,3.0
2025,11,2025_11_SEA_LA,2025-11-16,00-0031492,Jason Myers,K,SEA,LA,4,5,1,0,0,2,1,0,1,0,1,1,0,0,14.0,15.0
2025,11,2025_11_SF_ARI,2025-11-16,00-0038567,Chad Ryland,K,ARI,SF,1,2,1,0,0,1,0,0,0,0,1,1,0,0,3.0,4.0
2025,11,2025_11_SF_ARI,2025-11-16,00-0034173,Eddy Pineiro,K,SF,ARI,3,3,0,0,0,0,0,3,0,0,2,4,1,1,14.0,14.0
2025,11,2025_11_TB_BUF,2025-11-16,00-0023853,Matt Prater,K,BUF,TB,1,1,0,0,0,0,1,0,0,0,5,5,0,0,8.0,8.0
2025,11,2025_11_TB_BUF,2025-11-16,00-0035358,Chase McLaughlin,K,TB,BUF,2,2,0,0,0,2,0,0,0,0,2,2,0,0,8.0,8.0
2025,11,2025_11_WAS_MIA,2025-11-16,00-0036816,Riley Patterson,K,MIA,WAS,3,3,0,0,0,1,1,1,0,0,1,1,0,0,11.0,11.0
2025,11,2025_11_WAS_MIA,2025-11-16,00-0035269,Matt Gay,K,WAS,MIA,2,4,2,0,0,1,1,0,0,0,1,1,0,0,5.0,7.0
2025,12,2025_12_ATL_NO,2025-11-23,00-0033862,Zane Gonzalez,K,ATL,NO,3,3,0,0,0,0,0,1,2,0,1,1,0,0,15.0,15.0
2025,12,2025_12_ATL_NO,2025-11-23,00-0038905,Blake Grupe,K,NO,ATL,1,3,2,0,0,0,1,0,0,0,1,1,0,0,2.0,4.0
2025,12,2025_12_BUF_HOU,2025-11-20,00-0023853,Matt Prater,K,BUF,HOU,2,2,0,0,0,0,1,1,0,0,1,2,1,0,8.0,8.0
2025,12,2025_12_BUF_HOU,2025-11-20,00-0032726,Ka'imi Fairbairn,K,HOU,BUF,3,3,0,0,0,2,0,1,0,0,2,2,0,0,12.0,12.0
2025,12,2025_12_CAR_SF,2025-11-24,00-0040279,Ryan Fitzgerald,K,CAR,SF,1,2,1,0,0,1,0,0,0,0,0,0,0,0,2.0,3.0
2025,12,2025_12_CAR_SF,2025-11-24,00-0035269,Matt Gay,K,SF,CAR,2,2,0,0,0,1,0,1,0,0,2,2,0,0,9.0,9.0
2025,12,2025_12_CLE_LV,2025-11-23,00-0038428,Andre Szmyt,K,CLE,LV,1,1,0,0,0,0,0,0,1,0,3,3,0,0,8.0,8.0
2025,12,2025_12_CLE_LV,2025-11-23,00-0034161,Daniel Carlson,K,LV,CLE,1,2,1,0,0,0,0,1,0,0,1,1,0,0,4.0,5.0
2025,12,2025_12_IND_KC,2025-11-23,00-0034084,Mike Badgley,K,IND,KC,2,2,0,0,0,1,1,0,0,0,2,2,0,0,8.0,8.0
2025,12,2025_12_IND_KC,2025-11-23,00-0033303,Harrison Butker,K,KC,IND,5,5,0,0,0,4,0,1,0,0,0,0,0,0,16.0,16.0
2025,12,2025_12_JAX_ARI,2025-11-23,00-0038567,Chad Ryland,K,ARI,JAX,1,2,1,0,0,1,0,0,0,0,3,3,0,0,5.0,6.0
2025,12,2025_12_JAX_ARI,2025-11-23,00-0039409,Cam Little,K,JAX,ARI,2,2,0,0,0,0,0,0,2,0,3,3,0,0,13.0,13.0
2025,12,2025_12_MIN_GB,2025-11-23,00-0029822,Brandon McManus,K,GB,MIN,3,3,0,0,0,0,2,1,0,0,2,2,0,0,12.0,12.0
2025,12,2025_12_MIN_GB,2025-11-23,00-0039404,Will Reichard,K,MIN,GB,2,2,0,0,0,0,0,0,2,0,0,0,0,0,10.0,10.0
2025,12,2025_12_NE_CIN,2025-11-23,00-0036854,Evan McPherson,K,CIN,NE,2,2,0,0,0,0,0,0,1,1,2,2,0,0,13.0,12.0
2025,12,2025_12_NE_CIN,2025-11-23,00-0040200,Andy Borregales,K,NE,CIN,4,4,0,0,1,0,0,2,1,0,2,2,0,0,18.0,18.0
2025,12,2025_12_NYG_DET,2025-11-23,00-0039172,Jake Bates,K,DET,NYG,2,2,0,0,0,0,1,0,1,0,4,4,0,0,12.0,12.0
2025,12,2025_12_NYG_DET,2025-11-23,00-0033702,Younghoe Koo,K,NYG,DET,2,2,0,0,0,1,0,1,0,0,3,3,0,0,10.0,10.0
2025,12,2025_12_NYJ_BAL,2025-11-23,00-0040074,Tyler Loop,K,BAL,NYJ,3,3,0,0,0,1,2,0,0,0,2,2,0,0,11.0,11.0
2025,12,2025_12_NYJ_BAL,2025-11-23,00-0025565,Nick Folk,K,NYJ,BAL,1,1,0,0,0,0,0,1,0,0,1,1,0,0,5.0,5.0
2025,12,2025_12_PHI_DAL,2025-11-23,00-0037692,Brandon Aubrey,K,DAL,PHI,1,2,1,0,0,0,0,1,0,0,3,3,0,0,6.0,7.0
2025,12,2025_12_PHI_DAL,2025-11-23,00-0033787,Jake Elliott,K,PHI,DAL,0,1,1,0,0,0,0,0,0,0,3,3,0,0,2.0,3.0
2025,12,2025_12_PIT_CHI,2025-11-23,00-0031203,Cairo Santos,K,CHI,PIT,1,1,0,0,0,0,0,1,0,0,4,4,0,0,8.0,8.0
2025,12,2025_12_PIT_CHI,2025-11-23,00-0031136,Chris Boswell,K,PIT,CHI,0,0,0,0,0,0,0,0,0,0,4,4,0,0,4.0,4.0
2025,12,2025_12_SEA_TEN,2025-11-23,00-0031492,Jason Myers,K,SEA,TEN,3,3,0,0,0,0,2,1,0,0,3,3,0,0,13.0,13.0
2025,12,2025_12_SEA_TEN,2025-11-23,00-0035192,Joey Slye,K,TEN,SEA,1,1,0,0,0,1,0,0,0,0,3,3,0,0,6.0,6.0
2025,12,2025_12_TB_LA,2025-11-23,00-0039498,Harrison Mevis,K,LA,TB,2,2,0,0,0,0,0,1,1,0,4,4,0,0,13.0,13.0
2025,12,2025_12_TB_LA,2025-11-23,00-0035358,Chase McLaughlin,K,TB,LA,0,0,0,0,0,0,0,0,0,0,1,1,0,0,1.0,1.0
2025,13,2025_13_ARI_TB,2025-11-30,00-0038567,Chad Ryland,K,ARI,TB,1,2,1,0,0,0,0,0,1,0,2,2,0,0,6.0,7.0
2025,13,2025_13_ARI_TB,2025-11-30,00-0035358,Chase McLaughlin,K,TB,ARI,2,2,0,0,0,1,0,0,1,0,2,2,0,0,10.0,10.0
2025,13,2025_13_ATL_NYJ,2025-11-30,00-0033862,Zane Gonzalez,K,ATL,NYJ,1,2,1,0,0,0,0,0,1,0,3,3,0,0,7.0,8.0
2025,13,2025_13_ATL_NYJ,2025-11-30,00-0025565,Nick Folk,K,NYJ,ATL,2,3,1,0,0,0,1,0,1,0,3,3,0,0,10.0,11.0
2025,13,2025_13_BUF_PIT,2025-11-30,00-0023853,Matt Prater,K,BUF,PIT,2,2,0,0,0,1,1,0,0,0,2,3,1,0,8.0,8.0
2025,13,2025_13_BUF_PIT,2025-11-30,00-0031136,Chris Boswell,K,PIT,BUF,0,0,0,0,0,0,0,0,0,0,1,1,0,0,1.0,1.0
2025,13,2025_13_CHI_PHI,2025-11-28,00-0031203,Cairo Santos,K,CHI,PHI,1,1,0,0,0,0,1,0,0,0,3,3,0,0,6.0,6.0
2025,13,2025_13_CHI_PHI,2025-11-28,00-0033787,Jake Elliott,K,PHI,CHI,1,2,1,0,0,0,0,1,0,0,0,1,1,0,3.0,4.0
2025,13,2025_13_CIN_BAL,2025-11-27,00-0040074,Tyler Loop,K,BAL,CIN,0,0,0,0,0,0,0,0,0,0,2,2,0,0,2.0,2.0
2025,13,2025_13_CIN_BAL,2025-11-27,00-0036854,Evan McPherson,K,CIN,BAL,6,6,0,0,0,1,2,2,1,0,2,2,0,0,24.0,24.0
2025,13,2025_13_DEN_WAS,2025-11-30,00-0032569,Wil Lutz,K,DEN,WAS,2,2,0,0,0,0,2,0,0,0,3,3,0,0,9.0,9.0
2025,13,2025_13_DEN_WAS,2025-11-30,00-0038562,Jake Moody,K,WAS,DEN,2,2,0,0,0,0,2,0,0,0,2,2,0,0,8.0,8.0
2025,13,2025_13_GB_DET,2025-11-27,00-0039172,Jake Bates,K,DET,GB,1,1,0,0,0,0,1,0,0,0,3,3,0,0,6.0,6.0
2025,13,2025_13_GB_DET,2025-11-27,00-0029822,Brandon McManus,K,GB,DET,1,1,0,0,0,0,0,1,0,0,4,4,0,0,8.0,8.0
2025,13,2025_13_HOU_IND,2025-11-30,00-0032726,Ka'imi Fairbairn,K,HOU,IND,2,2,0,0,0,1,0,1,0,0,2,2,0,0,9.0,9.0
2025,13,2025_13_HOU_IND,2025-11-30,00-0034084,Mike Badgley,K,IND,HOU,1,1,0,0,0,0,0,1,0,0,1,2,1,0,5.0,5.0
2025,13,2025_13_JAX_TEN,2025-11-30,00-0039409,Cam Little,K,JAX,TEN,1,1,0,0,0,0,0,1,0,0,2,2,0,0,6.0,6.0
2025,13,2025_13_JAX_TEN,2025-11-30,00-0035192,Joey Slye,K,TEN,JAX,1,1,0,0,0,1,0,0,0,0,0,0,0,0,3.0,3.0
2025,13,2025_13_KC_DAL,2025-11-27,00-0037692,Brandon Aubrey,K,DAL,KC,3,3,0,0,0,1,1,1,0,0,2,2,0,0,12.0,12.0
2025,13,2025_13_KC_DAL,2025-11-27,00-0033303,Harrison Butker,K,KC,DAL,0,0,0,0,0,0,0,0,0,0,4,4,0,0,4.0,4.0
2025,13,2025_13_LA_CAR,2025-11-30,00-0040279,Ryan Fitzgerald,K,CAR,LA,1,1,0,0,0,0,1,0,0,0,4,4,0,0,7.0,7.0
2025,13,2025_13_LA_CAR,2025-11-30,00-0039498,Harrison Mevis,K,LA,CAR,0,0,0,0,0,0,0,0,0,0,4,4,0,0,4.0,4.0
2025,13,2025_13_LV_LAC,2025-11-30,00-0037224,Cameron Dicker,K,LAC,LV,1,1,0,0,0,0,0,0,1,0,4,4,0,0,9.0,9.0
2025,13,2025_13_LV_LAC,2025-11-30,00-0034161,Daniel Carlson,K,LV,LAC,0,0,0,0,0,0,0,0,0,0,2,2,0,0,2.0,2.0
2025,13,2025_13_MIN_SEA,2025-11-30,00-0039404,Will Reichard,K,MIN,SEA,0,0,0,0,0,0,0,0,0,0,0,0,0,0,0.0,0.0
2025,13,2025_13_MIN_SEA,2025-11-30,00-0031492,Jason Myers,K,SEA,MIN,4,4,0,0,0,0,1,1,2,0,2,2,0,0,19.0,19.0
2025,13,2025_13_NO_MIA,2025-11-30,00-0036816,Riley Patterson,K,MIA,NO,4,4,0,0,0,1,2,1,0,0,1,1,0,0,14.0,14.0
2025,13,2025_13_NO_MIA,2025-11-30,00-0039229,Charlie Smyth,K,NO,MIA,1,1,0,0,0,0,0,0,1,0,0,0,0,0,5.0,5.0
2025,13,2025_13_NYG_NE,2025-12-01,00-0040200,Andy Borregales,K,NE,NYG,4,5,1,0,0,3,1,0,0,0,3,3,0,0,14.0,15.0
2025,13,2025_13_NYG_NE,2025-12-01,00-0033702,Younghoe Koo,K,NYG,NE,0,0,0,0,0,0,0,0,0,0,1,1,0,0,1.0,1.0
2025,13,2025_13_SF_CLE,2025-11-30,00-0038428,Andre Szmyt,K,CLE,SF,0,0,0,0,0,0,0,0,0,0,0,0,0,0,0.0,0.0
2025,13,2025_13_SF_CLE,2025-11-30,00-0035269,Matt Gay,K,SF,CLE,2,2,0,0,0,1,1,0,0,0,2,2,0,0,8.0,8.0
2025,14,2025_14_CHI_GB,2025-12-07,00-0031203,Cairo Santos,K,CHI,GB,2,2,0,0,0,0,1,1,0,0,1,1,0,0,8.0,8.0
2025,14,2025_14_CHI_GB,2025-12-07,00-0029822,Brandon McManus,K,GB,CHI,0,0,0,0,0,0,0,0,0,0,4,4,0,0,4.0,4.0
2025,14,2025_14_CIN_BUF,2025-12-07,00-0023853,Matt Prater,K,BUF,CIN,1,1,0,0,0,1,0,0,0,0,4,4,0,0,7.0,7.0
2025,14,2025_14_CIN_BUF,2025-12-07,00-0036854,Evan McPherson,K,CIN,BUF,0,0,0,0,0,0,0,0,0,0,4,4,0,0,4.0,4.0
2025,14,2025_14_DAL_DET,2025-12-04,00-0037692,Brandon Aubrey,K,DAL,DET,5,5,0,0,0,1,0,1,2,1,1,1,0,0,24.0,23.0
2025,14,2025_14_DAL_DET,2025-12-04,00-0039172,Jake Bates,K,DET,DAL,3,4,0,1,0,0,1,2,0,0,5,5,0,0,16.0,16.0
2025,14,2025_14_DEN_LV,2025-12-07,00-0032569,Wil Lutz,K,DEN,LV,1,1,0,0,0,1,0,0,0,0,3,3,0,0,6.0,6.0
2025,14,2025_14_DEN_LV,2025-12-07,00-0034161,Daniel Carlson,K,LV,DEN,1,1,0,0,0,0,0,1,0,0,2,2,0,0,6.0,6.0
2025,14,2025_14_HOU_KC,2025-12-07,00-0032726,Ka'imi Fairbairn,K,HOU,KC,2,2,0,0,0,1,1,0,0,0,2,2,0,0,8.0,8.0
2025,14,2025_14_HOU_KC,2025-12-07,00-0033303,Harrison Butker,K,KC,HOU,1,2,1,0,0,0,1,0,0,0,1,1,0,0,3.0,4.0
2025,14,2025_14_IND_JAX,2025-12-07,00-0038905,Blake Grupe,K,IND,JAX,2,2,0,0,0,1,1,0,0,0,1,1,0,0,7.0,7.0
2025,14,2025_14_IND_JAX,2025-12-07,00-0039409,Cam Little,K,JAX,IND,2,2,0,0,0,0,1,1,0,0,4,4,0,0,11.0,11.0
2025,14,2025_14_LA_ARI,2025-12-07,00-0038567,Chad Ryland,K,ARI,LA,1,2,1,0,0,0,1,0,0,0,2,2,0,0,4.0,5.0
2025,14,2025_14_LA_ARI,2025-12-07,00-0039498,Harrison Mevis,K,LA,ARI,1,1,0,0,0,1,0,0,0,0,6,6,0,0,9.0,9.0
2025,14,2025_14_MIA_NYJ,2025-12-07,00-0036816,Riley Patterson,K,MIA,NYJ,2,2,0,0,0,0,0,1,1,0,4,4,0,0,13.0,13.0
2025,14,2025_14_MIA_NYJ,2025-12-07,00-0025565,Nick Folk,K,NYJ,MIA,1,1,0,0,0,0,1,0,0,0,1,1,0,0,4.0,4.0
2025,14,2025_14_NO_TB,2025-12-07,00-0039229,Charlie Smyth,K,NO,TB,1,2,1,0,0,0,1,0,0,0,3,3,0,0,5.0,6.0
2025,14,2025_14_NO_TB,2025-12-07,00-0035358,Chase McLaughlin,K,TB,NO,2,2,0,0,0,0,1,1,0,0,2,2,0,0,9.0,9.0
2025,14,2025_14_PHI_LAC,2025-12-08,00-0037224,Cameron Dicker,K,LAC,PHI,5,5,0,0,0,0,2,2,1,0,1,1,0,0,20.0,20.0
2025,14,2025_14_PHI_LAC,2025-12-08,00-0033787,Jake Elliott,K,PHI,LAC,4,5,1,0,0,0,1,2,1,0,1,1,0,0,16.0,17.0
2025,14,2025_14_PIT_BAL,2025-12-07,00-0040074,Tyler Loop,K,BAL,PIT,3,3,0,0,0,1,2,0,0,0,1,2,1,0,10.0,10.0
2025,14,2025_14_PIT_BAL,2025-12-07,00-0031136,Chris Boswell,K,PIT,BAL,2,2,0,0,0,2,0,0,0,0,3,3,0,0,9.0,9.0
2025,14,2025_14_SEA_ATL,2025-12-07,00-0033862,Zane Gonzalez,K,ATL,SEA,3,4,0,1,0,1,1,1,0,0,0,0,0,0,10.0,10.0
2025,14,2025_14_SEA_ATL,2025-12-07,00-0031492,Jason Myers,K,SEA,ATL,3,3,0,0,0,1,1,1,0,0,4,4,0,0,14.0,14.0
2025,14,2025_14_TEN_CLE,2025-12-07,00-0038428,Andre Szmyt,K,CLE,TEN,1,1,0,0,0,0,1,0,0,0,2,2,0,0,5.0,5.0
2025,14,2025_14_TEN_CLE,2025-12-07,00-0035192,Joey Slye,K,TEN,CLE,1,1,0,0,0,0,0,1,0,0,4,4,0,0,8.0,8.0
2025,14,2025_14_WAS_MIN,2025-12-07,00-0039404,Will Reichard,K,MIN,WAS,1,1,0,0,0,0,0,1,0,0,4,4,0,0,8.0,8.0
2025,14,2025_14_WAS_MIN,2025-12-07,00-0038562,Jake Moody,K,WAS,MIN,0,0,0,0,0,0,0,0,0,0,0,0,0,0,0.0,0.0
2025,15,2025_15_ARI_HOU,2025-12-14,00-0038567,Chad Ryland,K,ARI,HOU,0,0,0,0,0,0,0,0,0,0,2,2,0,0,2.0,2.0
2025,15,2025_15_ARI_HOU,2025-12-14,00-0032726,Ka'imi Fairbairn,K,HOU,ARI,4,5,0,1,0,1,2,0,1,0,4,4,0,0,18.0,18.0
2025,15,2025_15_ATL_TB,2025-12-11,00-0033862,Zane Gonzalez,K,ATL,TB,1,1,0,0,0,0,0,1,0,0,2,2,0,0,6.0,6.0
2025,15,2025_15_ATL_TB,2025-12-11,00-0035358,Chase McLaughlin,K,TB,ATL,2,2,0,0,0,0,0,1,1,0,2,2,0,0,11.0,11.0
2025,15,2025_15_BAL_CIN,2025-12-14,00-0040074,Tyler Loop,K,BAL,CIN,1,1,0,0,0,1,0,0,0,0,3,3,0,0,6.0,6.0
2025,15,2025_15_BAL_CIN,2025-12-14,00-0036854,Evan McPherson,K,CIN,BAL,0,0,0,0,0,0,0,0,0,0,0,0,0,0,0.0,0.0
2025,15,2025_15_BUF_NE,2025-12-14,00-0023853,Matt Prater,K,BUF,NE,0,0,0,0,0,0,0,0,0,0,5,5,0,0,5.0,5.0
2025,15,2025_15_BUF_NE,2025-12-14,00-0040200,Andy Borregales,K,NE,BUF,1,1,0,0,0,0,1,0,0,0,4,4,0,0,7.0,7.0
2025,15,2025_15_CAR_NO,2025-12-14,00-0040279,Ryan Fitzgerald,K,CAR,NO,1,1,0,0,0,0,0,1,0,0,2,2,0,0,6.0,6.0
2025,15,2025_15_CAR_NO,2025-12-14,00-0039229,Charlie Smyth,K,NO,CAR,2,2,0,0,0,0,0,2,0,0,2,2,0,0,10.0,10.0
2025,15,2025_15_CLE_CHI,2025-12-14,00-0031203,Cairo Santos,K,CHI,CLE,1,2,1,0,0,0,0,1,0,0,4,4,0,0,7.0,8.0
2025,15,2025_15_CLE_CHI,2025-12-14,00-0038428,Andre Szmyt,K,CLE,CHI,1,1,0,0,0,0,0,0,1,0,0,0,0,0,5.0,5.0
2025,15,2025_15_DET_LA,2025-12-14,00-0039172,Jake Bates,K,DET,LA,2,3,1,0,0,1,0,1,0,0,4,4,0,0,10.0,11.0
2025,15,2025_15_DET_LA,2025-12-14,00-0039498,Harrison Mevis,K,LA,DET,2,2,0,0,0,0,1,1,0,0,5,5,0,0,12.0,12.0
2025,15,2025_15_GB_DEN,2025-12-14,00-0032569,Wil Lutz,K,DEN,GB,0,0,0,0,0,0,0,0,0,0,4,4,0,0,4.0,4.0
2025,15,2025_15_GB_DEN,2025-12-14,00-0029822,Brandon McManus,K,GB,DEN,4,4,0,0,0,1,2,0,1,0,2,2,0,0,16.0,16.0
2025,15,2025_15_IND_SEA,2025-12-14,00-0038905,Blake Grupe,K,IND,SEA,3,3,0,0,0,0,0,1,1,1,1,1,0,0,16.0,15.0
2025,15,2025_15_IND_SEA,2025-12-14,00-0031492,Jason Myers,K,SEA,IND,6,6,0,0,0,0,2,2,2,0,0,0,0,0,24.0,24.0
2025,15,2025_15_LAC_KC,2025-12-14,00-0033303,Harrison Butker,K,KC,LAC,2,2,0,0,0,1,0,1,0,0,1,1,0,0,8.0,8.0
2025,15,2025_15_LAC_KC,2025-12-14,00-0037224,Cameron Dicker,K,LAC,KC,3,3,0,0,0,1,0,2,0,0,1,1,0,0,12.0,12.0
2025,15,2025_15_LV_PHI,2025-12-14,00-0034161,Daniel Carlson,K,LV,PHI,0,0,0,0,0,0,0,0,0,0,0,0,0,0,0.0,0.0
2025,15,2025_15_LV_PHI,2025-12-14,00-0033787,Jake Elliott,K,PHI,LV,1,1,0,0,0,1,0,0,0,0,4,4,0,0,7.0,7.0
2025,15,2025_15_MIA_PIT,2025-12-15,00-0036816,Riley Patterson,K,MIA,PIT,1,1,0,0,0,0,0,0,1,0,0,0,0,0,5.0,5.0
2025,15,2025_15_MIA_PIT,2025-12-15,00-0031136,Chris Boswell,K,PIT,MIA,0,0,0,0,0,0,0,0,0,0,4,4,0,0,4.0,4.0
2025,15,2025_15_MIN_DAL,2025-12-14,00-0037692,Brandon Aubrey,K,DAL,MIN,4,6,2,0,0,1,1,2,0,0,2,2,0,0,14.0,16.0
2025,15,2025_15_MIN_DAL,2025-12-14,00-0039404,Will Reichard,K,MIN,DAL,2,2,0,0,0,1,0,0,1,0,4,4,0,0,12.0,12.0
2025,15,2025_15_NYJ_JAX,2025-12-14,00-0039409,Cam Little,K,JAX,NYJ,2,2,0,0,0,1,1,0,0,0,6,6,0,0,12.0,12.0
2025,15,2025_15_NYJ_JAX,2025-12-14,00-0025565,Nick Folk,K,NYJ,JAX,2,2,0,0,0,0,0,1,1,0,2,2,0,0,11.0,11.0
2025,15,2025_15_TEN_SF,2025-12-14,00-0034173,Eddy Pineiro,K,SF,TEN,3,3,0,0,0,0,2,1,0,0,4,4,0,0,14.0,14.0
2025,15,2025_15_TEN_SF,2025-12-14,00-0035192,Joey Slye,K,TEN,SF,1,2,1,0,0,1,0,0,0,0,3,3,0,0,5.0,6.0
2025,15,2025_15_WAS_NYG,2025-12-14,00-0033702,Younghoe Koo,K,NYG,WAS,0,2,2,0,0,0,0,0,0,0,3,3,0,0,1.0,3.0
2025,15,2025_15_WAS_NYG,2025-12-14,00-0038562,Jake Moody,K,WAS,NYG,3,3,0,0,0,0,1,2,0,0,2,3,1,0,13.0,13.0
2025,16,2025_16_ATL_ARI,2025-12-21,00-0038567,Chad Ryland,K,ARI,ATL,4,6,2,0,0,1,1,0,2,0,1,1,0,0,15.0,17.0
2025,16,2025_16_ATL_ARI,2025-12-21,00-0033862,Zane Gonzalez,K,ATL,ARI,2,2,0,0,0,0,0,2,0,0,2,3,0,1,10.0,10.0
2025,16,2025_16_BUF_CLE,2025-12-21,00-0034084,Mike Badgley,K,BUF,CLE,1,1,0,0,0,0,0,1,0,0,2,3,1,0,6.0,6.0
2025,16,2025_16_BUF_CLE,2025-12-21,00-0038428,Andre Szmyt,K,CLE,BUF,2,2,0,0,0,1,0,1,0,0,2,2,0,0,9.0,9.0
2025,16,2025_16_CIN_MIA,2025-12-21,00-0036854,Evan McPherson,K,CIN,MIA,1,1,0,0,0,0,0,1,0,0,6,6,0,0,10.0,10.0
2025,16,2025_16_CIN_MIA,2025-12-21,00-0036816,Riley Patterson,K,MIA,CIN,0,0,0,0,0,0,0,0,0,0,3,3,0,0,3.0,3.0
2025,16,2025_16_GB_CHI,2025-12-20,00-0031203,Cairo Santos,K,CHI,GB,3,3,0,0,0,0,0,2,1,0,1,1,0,0,14.0,14.0
2025,16,2025_16_GB_CHI,2025-12-20,00-0029822,Brandon McManus,K,GB,CHI,3,3,0,0,0,3,0,0,0,0,1,1,0,0,10.0,10.0
2025,16,2025_16_JAX_DEN,2025-12-21,00-0032569,Wil Lutz,K,DEN,JAX,2,3,1,0,0,1,0,0,1,0,2,2,0,0,9.0,10.0
2025,16,2025_16_JAX_DEN,2025-12-21,00-0039409,Cam Little,K,JAX,DEN,2,2,0,0,0,1,0,1,0,0,4,4,0,0,11.0,11.0
2025,16,2025_16_KC_TEN,2025-12-21,00-0033303,Harrison Butker,K,KC,TEN,3,4,1,0,0,1,0,1,1,0,0,0,0,0,11.0,12.0
2025,16,2025_16_KC_TEN,2025-12-21,00-0035192,Joey Slye,K,TEN,KC,1,1,0,0,0,1,0,0,0,0,3,3,0,0,6.0,6.0
2025,16,2025_16_LAC_DAL,2025-12-21,00-0037692,Brandon Aubrey,K,DAL,LAC,1,1,0,0,0,0,1,0,0,0,2,2,0,0,5.0,5.0
2025,16,2025_16_LAC_DAL,2025-12-21,00-0037224,Cameron Dicker,K,LAC,DAL,2,2,0,0,0,1,1,0,0,0,4,4,0,0,10.0,10.0
2025,16,2025_16_LA_SEA,2025-12-18,00-0039498,Harrison Mevis,K,LA,SEA,3,4,1,0,0,2,0,1,0,0,4,4,0,0,13.0,14.0
2025,16,2025_16_LA_SEA,2025-12-18,00-0031492,Jason Myers,K,SEA,LA,0,0,0,0,0,0,0,0,0,0,2,2,0,0,2.0,2.0
2025,16,2025_16_LV_HOU,2025-12-21,00-0032726,Ka'imi Fairbairn,K,HOU,LV,3,3,0,0,0,0,0,1,2,0,2,2,0,0,16.0,16.0
2025,16,2025_16_LV_HOU,2025-12-21,00-0034161,Daniel Carlson,K,LV,HOU,0,0,0,0,0,0,0,0,0,0,3,3,0,0,3.0,3.0
2025,16,2025_16_MIN_NYG,2025-12-21,00-0039404,Will Reichard,K,MIN,NYG,3,3,0,0,0,0,2,1,0,0,1,1,0,0,11.0,11.0
2025,16,2025_16_MIN_NYG,2025-12-21,00-0040530,Ben Sauls,K,NYG,MIN,2,2,0,0,0,1,1,0,0,0,1,1,0,0,7.0,7.0
2025,16,2025_16_NE_BAL,2025-12-21,00-0040074,Tyler Loop,K,BAL,NE,1,2,1,0,0,0,1,0,0,0,3,3,0,0,5.0,6.0
2025,16,2025_16_NE_BAL,2025-12-21,00-0040200,Andy Borregales,K,NE,BAL,2,2,0,0,0,0,0,2,0,0,2,2,0,0,10.0,10.0
2025,16,2025_16_NYJ_NO,2025-12-21,00-0039229,Charlie Smyth,K,NO,NYJ,5,6,1,0,0,0,3,1,1,0,2,2,0,0,19.0,20.0
2025,16,2025_16_NYJ_NO,2025-12-21,00-0025565,Nick Folk,K,NYJ,NO,2,2,0,0,0,1,1,0,0,0,0,0,0,0,6.0,6.0
2025,16,2025_16_PHI_WAS,2025-12-20,00-0033787,Jake Elliott,K,PHI,WAS,0,2,2,0,0,0,0,0,0,0,3,3,0,0,1.0,3.0
2025,16,2025_16_PHI_WAS,2025-12-20,00-0038562,Jake Moody,K,WAS,PHI,1,1,0,0,0,1,0,0,0,0,1,1,0,0,4.0,4.0
2025,16,2025_16_PIT_DET,2025-12-21,00-0039172,Jake Bates,K,DET,PIT,1,1,0,0,0,0,1,0,0,0,3,3,0,0,6.0,6.0
2025,16,2025_16_PIT_DET,2025-12-21,00-0031136,Chris Boswell,K,PIT,DET,2,3,1,0,0,1,0,0,1,0,3,3,0,0,10.0,11.0
2025,16,2025_16_SF_IND,2025-12-22,00-0038905,Blake Grupe,K,IND,SF,2,2,0,0,0,0,1,0,1,0,3,3,0,0,11.0,11.0
2025,16,2025_16_SF_IND,2025-12-22,00-0034173,Eddy Pineiro,K,SF,IND,2,3,1,0,0,1,1,0,0,0,6,6,0,0,11.0,12.0
2025,16,2025_16_TB_CAR,2025-12-21,00-0040279,Ryan Fitzgerald,K,CAR,TB,3,3,0,0,0,1,0,2,0,0,2,2,0,0,13.0,13.0
2025,16,2025_16_TB_CAR,2025-12-21,00-0035358,Chase McLaughlin,K,TB,CAR,2,2,0,0,0,1,0,0,1,0,2,2,0,0,10.0,10.0
2025,17,2025_17_ARI_CIN,2025-12-28,00-0038567,Chad Ryland,K,ARI,CIN,0,0,0,0,0,0,0,0,0,0,2,2,0,0,2.0,2.0
2025,17,2025_17_ARI_CIN,2025-12-28,00-0036854,Evan McPherson,K,CIN,ARI,1,1,0,0,0,0,0,0,1,0,4,5,1,0,9.0,9.0
2025,17,2025_17_BAL_GB,2025-12-27,00-0040074,Tyler Loop,K,BAL,GB,2,2,0,0,0,1,1,0,0,0,5,5,0,0,11.0,11.0
2025,17,2025_17_BAL_GB,2025-12-27,00-0029822,Brandon McManus,K,GB,BAL,1,1,0,0,0,1,0,0,0,0,3,3,0,0,6.0,6.0
2025,17,2025_17_CHI_SF,2025-12-28,00-0031203,Cairo Santos,K,CHI,SF,1,1,0,0,0,1,0,0,0,0,5,5,0,0,8.0,8.0
2025,17,2025_17_CHI_SF,2025-12-28,00-0034173,Eddy Pineiro,K,SF,CHI,0,0,0,0,0,0,0,0,0,0,6,6,0,0,6.0,6.0
2025,17,2025_17_DAL_WAS,2025-12-25,00-0037692,Brandon Aubrey,K,DAL,WAS,3,4,1,0,0,0,0,1,2,0,3,3,0,0,16.0,17.0
2025,17,2025_17_DAL_WAS,2025-12-25,00-0038562,Jake Moody,K,WAS,DAL,3,3,0,0,0,2,0,0,1,0,2,2,0,0,13.0,13.0
2025,17,2025_17_DEN_KC,2025-12-25,00-0032569,Wil Lutz,K,DEN,KC,2,2,0,0,0,1,1,0,0,0,2,2,0,0,8.0,8.0
2025,17,2025_17_DEN_KC,2025-12-25,00-0033303,Harrison Butker,K,KC,DEN,2,2,0,0,0,0,0,1,1,0,1,1,0,0,10.0,10.0
2025,17,2025_17_DET_MIN,2025-12-25,00-0039172,Jake Bates,K,DET,MIN,1,1,0,0,0,0,0,1,0,0,1,1,0,0,5.0,5.0
2025,17,2025_17_DET_MIN,2025-12-25,00-0039404,Will Reichard,K,MIN,DET,3,3,0,0,0,0,0,1,2,0,2,2,0,0,16.0,16.0
2025,17,2025_17_HOU_LAC,2025-12-27,00-0032726,Ka'imi Fairbairn,K,HOU,LAC,2,2,0,0,0,0,0,2,0,0,2,2,0,0,10.0,10.0
2025,17,2025_17_HOU_LAC,2025-12-27,00-0037224,Cameron Dicker,K,LAC,HOU,1,2,1,0,0,1,0,0,0,0,1,2,1,0,3.0,4.0
2025,17,2025_17_JAX_IND,2025-12-28,00-0038905,Blake Grupe,K,IND,JAX,1,1,0,0,0,0,1,0,0,0,2,2,0,0,5.0,5.0
2025,17,2025_17_JAX_IND,2025-12-28,00-0039409,Cam Little,K,JAX,IND,3,3,0,0,0,0,1,1,1,0,2,2,0,0,14.0,14.0
2025,17,2025_17_LA_ATL,2025-12-29,00-0033862,Zane Gonzalez,K,ATL,LA,2,3,0,1,0,0,0,0,2,0,3,3,0,0,13.0,13.0
2025,17,2025_17_LA_ATL,2025-12-29,00-0039498,Harrison Mevis,K,LA,ATL,1,1,0,0,0,0,1,0,0,0,3,3,0,0,6.0,6.0
2025,17,2025_17_NE_NYJ,2025-12-28,00-0040200,Andy Borregales,K,NE,NYJ,0,1,1,0,0,0,0,0,0,0,6,6,0,0,5.0,6.0
2025,17,2025_17_NE_NYJ,2025-12-28,00-0025565,Nick Folk,K,NYJ,NE,1,1,0,0,0,0,1,0,0,0,1,1,0,0,4.0,4.0
2025,17,2025_17_NO_TEN,2025-12-28,00-0039229,Charlie Smyth,K,NO,TEN,2,3,1,0,0,0,0,0,2,0,4,4,0,0,13.0,14.0
2025,17,2025_17_NO_TEN,2025-12-28,00-0035192,Joey Slye,K,TEN,NO,4,4,0,0,0,1,1,0,2,0,2,2,0,0,18.0,18.0
2025,17,2025_17_NYG_LV,2025-12-28,00-0034161,Daniel Carlson,K,LV,NYG,1,1,0,0,0,0,0,1,0,0,1,1,0,0,5.0,5.0
2025,17,2025_17_NYG_LV,2025-12-28,00-0040530,Ben Sauls,K,NYG,LV,2,2,0,0,0,1,1,0,0,0,4,4,0,0,10.0,10.0
2025,17,2025_17_PHI_BUF,2025-12-28,00-0034084,Mike Badgley,K,BUF,PHI,0,0,0,0,0,0,0,0,0,0,0,1,0,1,0.0,0.0
2025,17,2025_17_PHI_BUF,2025-12-28,00-0033787,Jake Elliott,K,PHI,BUF,2,2,0,0,0,1,0,1,0,0,1,1,0,0,8.0,8.0
2025,17,2025_17_PIT_CLE,2025-12-28,00-0038428,Andre Szmyt,K,CLE,PIT,2,2,0,0,0,0,1,0,1,0,1,1,0,0,9.0,9.0
2025,17,2025_17_PIT_CLE,2025-12-28,00-0031136,Chris Boswell,K,PIT,CLE,2,3,1,0,0,0,0,2,0,0,0,0,0,0,7.0,8.0
2025,17,2025_17_SEA_CAR,2025-12-28,00-0040279,Ryan Fitzgerald,K,CAR,SEA,1,1,0,0,0,0,1,0,0,0,1,1,0,0,4.0,4.0
2025,17,2025_17_SEA_CAR,2025-12-28,00-0031492,Jason Myers,K,SEA,CAR,2,2,0,0,0,0,1,1,0,0,3,3,0,0,10.0,10.0
2025,17,2025_17_TB_MIA,2025-12-28,00-0036816,Riley Patterson,K,MIA,TB,2,2,0,0,0,1,1,0,0,0,2,2,0,0,8.0,8.0
2025,17,2025_17_TB_MIA,2025-12-28,00-0035358,Chase McLaughlin,K,TB,MIA,1,2,0,1,0,0,1,0,0,0,2,2,0,0,5.0,5.0
2025,18,2025_18_ARI_LA,2026-01-04,00-0038567,Chad Ryland,K,ARI,LA,2,2,0,0,0,0,0,1,1,0,2,2,0,0,11.0,11.0
2025,18,2025_18_ARI_LA,2026-01-04,00-0039498,Harrison Mevis,K,LA,ARI,3,3,0,0,0,0,1,2,0,0,4,4,0,0,15.0,15.0
2025,18,2025_18_BAL_PIT,2026-01-04,00-0040074,Tyler Loop,K,BAL,PIT,1,2,1,0,0,0,0,1,0,0,3,3,0,0,6.0,7.0
2025,18,2025_18_BAL_PIT,2026-01-04,00-0031136,Chris Boswell,K,PIT,BAL,2,2,0,0,0,1,0,0,1,0,2,3,0,1,10.0,10.0
2025,18,2025_18_CAR_TB,2026-01-03,00-0040279,Ryan Fitzgerald,K,CAR,TB,0,1,1,0,0,0,0,0,0,0,2,2,0,0,1.0,2.0
2025,18,2025_18_CAR_TB,2026-01-03,00-0035358,Chase McLaughlin,K,TB,CAR,3,4,0,1,0,1,1,1,0,0,1,1,0,0,11.0,11.0
2025,18,2025_18_CLE_CIN,2026-01-04,00-0036854,Evan McPherson,K,CIN,CLE,0,0,0,0,0,0,0,0,0,0,0,2,1,1,0.0,0.0
2025,18,2025_18_CLE_CIN,2026-01-04,00-0038428,Andre Szmyt,K,CLE,CIN,2,2,0,0,0,1,0,1,0,0,2,2,0,0,9.0,9.0
2025,18,2025_18_DAL_NYG,2026-01-04,00-0037692,Brandon Aubrey,K,DAL,NYG,1,2,1,0,0,1,0,0,0,0,2,2,0,0,4.0,5.0
2025,18,2025_18_DAL_NYG,2026-01-04,00-0040530,Ben Sauls,K,NYG,DAL,4,4,0,0,0,1,2,1,0,0,2,2,0,0,15.0,15.0
2025,18,2025_18_DET_CHI,2026-01-04,00-0031203,Cairo Santos,K,CHI,DET,0,0,0,0,0,0,0,0,0,0,0,0,0,0,0.0,0.0
2025,18,2025_18_DET_CHI,2026-01-04,00-0039172,Jake Bates,K,DET,CHI,4,5,1,0,0,1,2,1,0,0,1,1,0,0,13.0,14.0
2025,18,2025_18_GB_MIN,2026-01-04,00-0029822,Brandon McManus,K,GB,MIN,1,1,0,0,0,1,0,0,0,0,0,0,0,0,3.0,3.0
2025,18,2025_18_GB_MIN,2026-01-04,00-0039404,Will Reichard,K,MIN,GB,3,3,0,0,0,1,1,1,0,0,1,1,0,0,11.0,11.0
2025,18,2025_18_IND_HOU,2026-01-04,00-0032726,Ka'imi Fairbairn,K,HOU,IND,6,6,0,0,0,1,0,4,1,0,2,2,0,0,26.0,26.0
2025,18,2025_18_IND_HOU,2026-01-04,00-0038905,Blake Grupe,K,IND,HOU,3,3,0,0,0,1,1,0,1,0,3,3,0,0,14.0,14.0
2025,18,2025_18_KC_LV,2026-01-04,00-0033303,Harrison Butker,K,KC,LV,4,4,0,0,0,0,1,3,0,0,0,0,0,0,15.0,15.0
2025,18,2025_18_KC_LV,2026-01-04,00-0034161,Daniel Carlson,K,LV,KC,4,4,0,0,0,1,1,0,1,1,0,0,0,0,17.0,16.0
2025,18,2025_18_LAC_DEN,2026-01-04,00-0032569,Wil Lutz,K,DEN,LAC,4,4,0,0,0,3,0,1,0,0,1,1,0,0,14.0,14.0
2025,18,2025_18_LAC_DEN,2026-01-04,00-0037224,Cameron Dicker,K,LAC,DEN,1,1,0,0,0,0,1,0,0,0,0,0,0,0,3.0,3.0
2025,18,2025_18_MIA_NE,2026-01-04,00-0036816,Riley Patterson,K,MIA,NE,1,1,0,0,0,0,0,0,1,0,1,1,0,0,6.0,6.0
2025,18,2025_18_MIA_NE,2026-01-04,00-0040200,Andy Borregales,K,NE,MIA,1,2,0,1,0,0,0,0,1,0,5,5,0,0,10.0,10.0
2025,18,2025_18_NO_ATL,2026-01-04,00-0033862,Zane Gonzalez,K,ATL,NO,4,4,0,0,0,0,2,1,1,0,1,1,0,0,16.0,16.0
2025,18,2025_18_NO_ATL,2026-01-04,00-0039229,Charlie Smyth,K,NO,ATL,1,2,1,0,0,1,0,0,0,0,2,2,0,0,4.0,5.0
2025,18,2025_18_NYJ_BUF,2026-01-04,00-0023853,Matt Prater,K,BUF,NYJ,0,0,0,0,0,0,0,0,0,0,3,3,0,0,3.0,3.0
2025,18,2025_18_SEA_SF,2026-01-03,00-0031492,Jason Myers,K,SEA,SF,2,4,2,0,0,0,1,1,0,0,1,1,0,0,6.0,8.0
2025,18,2025_18_SEA_SF,2026-01-03,00-0034173,Eddy Pineiro,K,SF,SEA,1,1,0,0,0,0,0,1,0,0,0,0,0,0,4.0,4.0
2025,18,2025_18_TEN_JAX,2026-01-04,00-0039409,Cam Little,K,JAX,TEN,2,2,0,0,0,0,0,0,1,1,5,5,0,0,16.0,15.0
2025,18,2025_18_TEN_JAX,2026-01-04,00-0035192,Joey Slye,K,TEN,JAX,0,1,1,0,0,0,0,0,0,0,1,1,0,0,0.0,1.0
2025,18,2025_18_WAS_PHI,2026-01-04,00-0033787,Jake Elliott,K,PHI,WAS,1,1,0,0,0,0,1,0,0,0,2,2,0,0,5.0,5.0
2025,18,2025_18_WAS_PHI,2026-01-04,00-0038562,Jake Moody,K,WAS,PHI,1,2,1,0,0,0,0,0,1,0,3,3,0,0,7.0,8.0
