season,week,game_id,game_date,team,opponent,sacks,interceptions,fumble_recoveries,defensive_touchdowns,special_teams_touchdowns,blocked_kicks,safeties,points_allowed,yards_allowed,espn_fantasy_points,yahoo_fantasy_points
2025,1,2025_01_ARI_NO,2025-09-07,ARI,NO,1,0,0,0,0,0,0,13.0,327,4.0,5.0
2025,1,2025_01_ARI_NO,2025-09-07,NO,ARI,5,0,0,0,0,1,0,20.0,342,7.0,8.0
2025,1,2025_01_BAL_BUF,2025-09-07,BAL,BUF,1,0,0,0,0,0,0,41.0,507,-8.0,-3.0
2025,1,2025_01_BAL_BUF,2025-09-07,BUF,BAL,2,0,1,0,0,0,0,40.0,462,-4.0,0.0
2025,1,2025_01_CAR_JAX,2025-09-07,CAR,JAX,0,1,0,0,0,0,0,26.0,378,1.0,2.0
2025,1,2025_01_CAR_JAX,2025-09-07,JAX,CAR,1,2,1,0,0,0,0,10.0,279,12.0,11.0
2025,1,2025_01_CIN_CLE,2025-09-07,CIN,CLE,2,2,0,0,0,0,0,16.0,351,6.0,7.0
2025,1,2025_01_CIN_CLE,2025-09-07,CLE,CIN,3,0,0,0,0,0,0,17.0,177,7.0,4.0
2025,1,2025_01_DAL_PHI,2025-09-04,DAL,PHI,1,0,0,0,0,0,0,24.0,318,1.0,1.0
2025,1,2025_01_DAL_PHI,2025-09-04,PHI,DAL,0,0,1,0,0,0,0,20.0,307,2.0,3.0
2025,1,2025_01_DET_GB,2025-09-07,DET,GB,0,0,0,0,0,0,0,27.0,266,2.0,0.0
2025,1,2025_01_DET_GB,2025-09-07,GB,DET,4,1,0,0,0,0,0,13.0,296,11.0,10.0
2025,1,2025_01_HOU_LA,2025-09-07,HOU,LA,3,0,1,0,0,0,0,14.0,338,6.0,6.0
2025,1,2025_01_HOU_LA,2025-09-07,LA,HOU,3,1,1,0,0,0,0,9.0,339,10.0,11.0
2025,1,2025_01_KC_LAC,2025-09-05,KC,LAC,3,0,0,0,0,0,0,27.0,422,0.0,3.0
2025,1,2025_01_KC_LAC,2025-09-05,LAC,KC,2,0,0,0,0,0,0,21.0,365,1.0,2.0
2025,1,2025_01_LV_NE,2025-09-07,LV,NE,4,1,0,0,0,0,0,13.0,358,8.0,10.0
2025,1,2025_01_LV_NE,2025-09-07,NE,LV,4,1,0,0,0,0,0,20.0,447,3.0,7.0
2025,1,2025_01_MIA_IND,2025-09-07,IND,MIA,3,2,1,0,0,0,0,8.0,237,14.0,13.0
2025,1,2025_01_MIA_IND,2025-09-07,MIA,IND,1,0,0,0,0,0,0,33.0,438,-3.0,0.0
2025,1,2025_01_MIN_CHI,2025-09-08,CHI,MIN,3,1,0,1,0,0,0,27.0,272,13.0,11.0
2025,1,2025_01_MIN_CHI,2025-09-08,MIN,CHI,2,0,1,0,0,0,0,18.0,341,4.0,5.0
2025,1,2025_01_NYG_WAS,2025-09-07,NYG,WAS,3,0,0,0,0,0,0,21.0,474,-2.0,3.0
2025,1,2025_01_NYG_WAS,2025-09-07,WAS,NYG,2,0,0,0,0,0,0,6.0,253,8.0,9.0
2025,1,2025_01_PIT_NYJ,2025-09-07,NYJ,PIT,4,0,0,0,0,0,0,34.0,323,3.0,3.0
2025,1,2025_01_PIT_NYJ,2025-09-07,PIT,NYJ,1,0,1,0,0,0,0,32.0,406,-1.0,2.0
2025,1,2025_01_SF_SEA,2025-09-07,SEA,SF,1,2,0,0,0,1,0,17.0,408,5.0,8.0
2025,1,2025_01_SF_SEA,2025-09-07,SF,SEA,1,0,2,0,0,0,0,13.0,238,10.0,9.0
2025,1,2025_01_TB_ATL,2025-09-07,ATL,TB,1,0,0,0,0,0,0,23.0,276,3.0,1.0
2025,1,2025_01_TB_ATL,2025-09-07,TB,ATL,1,0,0,0,0,0,0,20.0,376,0.0,2.0
2025,1,2025_01_TEN_DEN,2025-09-07,DEN,TEN,6,0,2,0,0,0,0,12.0,233,15.0,14.0
2025,1,2025_01_TEN_DEN,2025-09-07,TEN,DEN,1,2,2,0,0,0,0,20.0,337,9.0,10.0
2025,2,2025_02_ATL_MIN,2025-09-14,ATL,MIN,6,2,2,0,0,0,0,6.0,274,20.0,21.0
2025,2,2025_02_ATL_MIN,2025-09-14,MIN,ATL,3,0,1,0,0,0,0,22.0,380,4.0,5.0
2025,2,2025_02_BUF_NYJ,2025-09-14,BUF,NYJ,4,0,1,0,0,0,0,10.0,212,11.0,10.0
2025,2,2025_02_BUF_NYJ,2025-09-14,NYJ,BUF,1,0,0,0,0,0,0,30.0,405,-3.0,0.0
2025,2,2025_02_CAR_ARI,2025-09-14,ARI,CAR,3,1,1,1,0,0,0,22.0,402,10.0,13.0
2025,2,2025_02_CAR_ARI,2025-09-14,CAR,ARI,1,1,0,0,0,0,0,21.0,311,3.0,3.0
2025,2,2025_02_CHI_DET,2025-09-14,CHI,DET,0,0,0,0,0,0,0,52.0,511,-11.0,-4.0
2025,2,2025_02_CHI_DET,2025-09-14,DET,CHI,4,1,1,0,0,0,0,21.0,397,7.0,8.0
2025,2,2025_02_CLE_BAL,2025-09-14,BAL,CLE,2,1,1,1,0,1,0,17.0,344,15.0,15.0
2025,2,2025_02_CLE_BAL,2025-09-14,CLE,BAL,3,0,0,0,0,0,0,35.0,298,2.0,-1.0
2025,2,2025_02_DEN_IND,2025-09-14,DEN,IND,1,0,0,0,0,0,0,29.0,493,-5.0,0.0
2025,2,2025_02_DEN_IND,2025-09-14,IND,DEN,0,1,0,0,0,0,0,28.0,324,1.0,1.0
2025,2,2025_02_JAX_CIN,2025-09-14,CIN,JAX,1,2,0,0,0,0,0,27.0,420,2.0,5.0
2025,2,2025_02_JAX_CIN,2025-09-14,JAX,CIN,3,3,0,0,0,0,0,31.0,380,7.0,8.0
2025,2,2025_02_LAC_LV,2025-09-15,LAC,LV,3,3,0,0,0,0,0,9.0,278,14.0,13.0
2025,2,2025_02_LAC_LV,2025-09-15,LV,LAC,2,0,1,0,0,0,0,20.0,329,4.0,5.0
2025,2,2025_02_LA_TEN,2025-09-14,LA,TEN,5,0,1,0,0,0,0,19.0,316,7.0,8.0
2025,2,2025_02_LA_TEN,2025-09-14,TEN,LA,1,1,0,0,0,1,0,33.0,455,-1.0,4.0
2025,2,2025_02_NE_MIA,2025-09-14,MIA,NE,3,0,0,0,1,0,0,33.0,371,7.0,8.0
2025,2,2025_02_NE_MIA,2025-09-14,NE,MIA,5,1,0,0,1,0,0,27.0,394,12.0,13.0
2025,2,2025_02_NYG_DAL,2025-09-14,DAL,NYG,3,1,0,0,0,0,0,37.0,562,-5.0,1.0
2025,2,2025_02_NYG_DAL,2025-09-14,NYG,DAL,3,1,0,0,0,0,0,40.0,514,-4.0,1.0
2025,2,2025_02_PHI_KC,2025-09-14,KC,PHI,2,0,0,0,0,0,0,20.0,230,4.0,3.0
2025,2,2025_02_PHI_KC,2025-09-14,PHI,KC,2,1,0,0,0,0,0,17.0,322,5.0,5.0
2025,2,2025_02_SEA_PIT,2025-09-14,PIT,SEA,2,2,0,0,0,0,0,31.0,429,2.0,5.0
2025,2,2025_02_SEA_PIT,2025-09-14,SEA,PIT,3,2,0,0,1,0,0,17.0,307,14.0,14.0
2025,2,2025_02_SF_NO,2025-09-14,NO,SF,3,0,1,0,0,0,0,26.0,368,4.0,5.0
2025,2,2025_02_SF_NO,2025-09-14,SF,NO,3,0,1,0,0,0,0,21.0,349,5.0,5.0
2025,2,2025_02_TB_HOU,2025-09-15,HOU,TB,4,0,0,0,0,1,0,20.0,408,3.0,7.0
2025,2,2025_02_TB_HOU,2025-09-15,TB,HOU,3,0,0,0,0,0,0,19.0,316,3.0,4.0
2025,2,2025_02_WAS_GB,2025-09-11,GB,WAS,4,0,0,0,0,0,0,18.0,272,6.0,5.0
2025,2,2025_02_WAS_GB,2025-09-11,WAS,GB,2,0,0,0,0,0,0,27.0,450,-3.0,2.0
2025,3,2025_03_ARI_SF,2025-09-21,ARI,SF,1,1,0,0,0,0,0,16.0,359,3.0,4.0
2025,3,2025_03_ARI_SF,2025-09-21,SF,ARI,1,0,0,0,0,0,0,15.0,270,4.0,2.0
2025,3,2025_03_ATL_CAR,2025-09-21,ATL,CAR,1,0,1,0,0,0,0,24.0,238,5.0,3.0
2025,3,2025_03_ATL_CAR,2025-09-21,CAR,ATL,0,2,1,1,0,0,0,0.0,332,17.0,22.0
2025,3,2025_03_CIN_MIN,2025-09-21,CIN,MIN,3,0,0,0,0,0,0,36.0,390,-1.0,-1.0
2025,3,2025_03_CIN_MIN,2025-09-21,MIN,CIN,4,2,3,2,0,0,0,10.0,215,31.0,30.0
2025,3,2025_03_DAL_CHI,2025-09-21,CHI,DAL,2,3,1,0,0,0,0,14.0,430,8.0,11.0
2025,3,2025_03_DAL_CHI,2025-09-21,DAL,CHI,0,0,0,0,0,0,0,31.0,385,-2.0,-1.0
2025,3,2025_03_DEN_LAC,2025-09-21,DEN,LAC,5,1,1,0,0,0,0,23.0,436,6.0,9.0
2025,3,2025_03_DEN_LAC,2025-09-21,LAC,DEN,2,0,0,0,0,0,0,20.0,277,4.0,3.0
2025,3,2025_03_DET_BAL,2025-09-22,BAL,DET,0,0,0,0,0,0,0,38.0,426,-6.0,-4.0
2025,3,2025_03_DET_BAL,2025-09-22,DET,BAL,7,0,1,0,0,0,0,30.0,428,5.0,8.0
2025,3,2025_03_GB_CLE,2025-09-21,CLE,GB,5,1,0,0,0,1,0,10.0,298,14.0,13.0
2025,3,2025_03_GB_CLE,2025-09-21,GB,CLE,2,1,0,0,0,0,0,13.0,255,9.0,8.0
2025,3,2025_03_HOU_JAX,2025-09-21,HOU,JAX,2,1,0,0,0,0,0,17.0,325,5.0,5.0
2025,3,2025_03_HOU_JAX,2025-09-21,JAX,HOU,2,2,1,0,0,0,0,10.0,311,11.0,12.0
2025,3,2025_03_IND_TEN,2025-09-21,IND,TEN,4,1,0,1,0,1,0,20.0,328,14.0,15.0
2025,3,2025_03_IND_TEN,2025-09-21,TEN,IND,0,0,0,0,0,0,0,35.0,365,-4.0,-4.0
2025,3,2025_03_KC_NYG,2025-09-21,KC,NYG,2,2,0,0,0,1,0,9.0,299,13.0,12.0
2025,3,2025_03_KC_NYG,2025-09-21,NYG,KC,2,0,0,0,0,0,0,22.0,352,1.0,2.0
2025,3,2025_03_LA_PHI,2025-09-21,LA,PHI,4,0,1,0,0,0,0,33.0,336,5.0,5.0
2025,3,2025_03_LA_PHI,2025-09-21,PHI,LA,1,1,0,0,1,2,0,26.0,356,12.0,13.0
2025,3,2025_03_LV_WAS,2025-09-21,LV,WAS,1,0,1,0,0,0,0,41.0,416,-3.0,-1.0
2025,3,2025_03_LV_WAS,2025-09-21,WAS,LV,5,0,0,0,1,0,0,24.0,410,8.0,11.0
2025,3,2025_03_MIA_BUF,2025-09-18,BUF,MIA,0,1,0,0,0,0,0,21.0,276,4.0,2.0
2025,3,2025_03_MIA_BUF,2025-09-18,MIA,BUF,2,0,0,0,0,0,1,31.0,380,2.0,3.0
2025,3,2025_03_NO_SEA,2025-09-21,NO,SEA,0,0,1,0,0,0,0,44.0,320,-1.0,-2.0
2025,3,2025_03_NO_SEA,2025-09-21,SEA,NO,2,1,0,0,1,1,0,13.0,310,15.0,16.0
2025,3,2025_03_NYJ_TB,2025-09-21,NYJ,TB,1,0,0,0,1,1,0,23.0,363,8.0,9.0
2025,3,2025_03_NYJ_TB,2025-09-21,TB,NYJ,4,1,1,1,0,0,0,27.0,325,14.0,14.0
2025,3,2025_03_PIT_NE,2025-09-21,NE,PIT,0,1,0,0,0,0,0,21.0,203,4.0,2.0
2025,3,2025_03_PIT_NE,2025-09-21,PIT,NE,5,1,4,0,0,0,0,14.0,405,13.0,16.0
2025,4,2025_04_BAL_KC,2025-09-28,BAL,KC,1,0,0,0,0,0,0,37.0,394,-3.0,-3.0
2025,4,2025_04_BAL_KC,2025-09-28,KC,BAL,3,1,1,0,0,0,0,20.0,370,6.0,8.0
2025,4,2025_04_CAR_NE,2025-09-28,CAR,NE,1,0,0,0,0,0,0,42.0,307,-2.0,-3.0
2025,4,2025_04_CAR_NE,2025-09-28,NE,CAR,1,0,0,0,1,0,0,13.0,348,10.0,11.0
2025,4,2025_04_CHI_LV,2025-09-28,CHI,LV,0,3,1,0,0,1,0,24.0,357,9.0,10.0
2025,4,2025_04_CHI_LV,2025-09-28,LV,CHI,1,1,0,0,0,0,0,25.0,291,5.0,3.0
2025,4,2025_04_CIN_DEN,2025-09-29,CIN,DEN,0,1,0,0,0,0,0,28.0,512,-5.0,1.0
2025,4,2025_04_CIN_DEN,2025-09-29,DEN,CIN,3,0,0,0,0,0,0,3.0,197,10.0,10.0
2025,4,2025_04_CLE_DET,2025-09-28,CLE,DET,0,1,0,0,0,0,0,34.0,277,3.0,1.0
2025,4,2025_04_CLE_DET,2025-09-28,DET,CLE,3,2,1,0,1,0,0,10.0,277,20.0,19.0
2025,4,2025_04_GB_DAL,2025-09-28,DAL,GB,1,0,1,0,0,1,0,40.0,513,-4.0,1.0
2025,4,2025_04_GB_DAL,2025-09-28,GB,DAL,1,0,0,0,0,0,0,40.0,436,-5.0,-3.0
2025,4,2025_04_IND_LA,2025-09-28,IND,LA,3,0,1,0,0,0,0,27.0,492,0.0,5.0
2025,4,2025_04_IND_LA,2025-09-28,LA,IND,2,2,0,0,0,0,0,20.0,361,5.0,7.0
2025,4,2025_04_JAX_SF,2025-09-28,JAX,SF,1,2,2,0,1,0,0,21.0,395,14.0,15.0
2025,4,2025_04_JAX_SF,2025-09-28,SF,JAX,0,0,0,0,0,0,0,26.0,325,0.0,0.0
2025,4,2025_04_LAC_NYG,2025-09-28,LAC,NYG,6,0,0,0,0,0,0,21.0,310,6.0,6.0
2025,4,2025_04_LAC_NYG,2025-09-28,NYG,LAC,2,2,0,0,0,0,0,18.0,372,5.0,7.0
2025,4,2025_04_MIN_PIT,2025-09-28,MIN,PIT,2,0,0,0,0,1,0,24.0,349,4.0,4.0
2025,4,2025_04_MIN_PIT,2025-09-28,PIT,MIN,6,2,0,0,0,0,0,21.0,468,5.0,10.0
2025,4,2025_04_NO_BUF,2025-09-28,BUF,NO,3,1,0,0,0,0,0,19.0,332,5.0,6.0
2025,4,2025_04_NO_BUF,2025-09-28,NO,BUF,3,1,0,0,0,0,0,31.0,392,3.0,4.0
2025,4,2025_04_NYJ_MIA,2025-09-29,MIA,NYJ,2,0,3,0,0,0,0,21.0,442,5.0,8.0
2025,4,2025_04_NYJ_MIA,2025-09-29,NYJ,MIA,0,0,0,0,0,0,0,27.0,300,0.0,0.0
2025,4,2025_04_PHI_TB,2025-09-28,PHI,TB,2,1,1,0,1,1,0,25.0,410,11.0,14.0
2025,4,2025_04_PHI_TB,2025-09-28,TB,PHI,2,0,0,0,0,0,1,31.0,236,5.0,3.0
2025,4,2025_04_SEA_ARI,2025-09-25,ARI,SEA,3,0,1,0,0,0,0,23.0,410,2.0,5.0
2025,4,2025_04_SEA_ARI,2025-09-25,SEA,ARI,6,2,0,0,0,0,0,20.0,325,10.0,11.0
2025,4,2025_04_TEN_HOU,2025-09-28,HOU,TEN,2,1,0,0,0,0,0,0.0,205,11.0,14.0
2025,4,2025_04_TEN_HOU,2025-09-28,TEN,HOU,2,0,0,0,0,0,0,26.0,371,1.0,2.0
2025,4,2025_04_WAS_ATL,2025-09-28,ATL,WAS,2,1,0,0,0,0,0,27.0,312,4.0,4.0
2025,4,2025_04_WAS_ATL,2025-09-28,WAS,ATL,1,1,0,0,0,0,0,34.0,447,-1.0,2.0
2025,5,2025_05_DAL_NYJ,2025-10-05,DAL,NYJ,5,0,1,0,0,0,0,22.0,476,2.0,7.0
2025,5,2025_05_DAL_NYJ,2025-10-05,NYJ,DAL,1,0,0,0,0,0,0,37.0,418,-5.0,-3.0
2025,5,2025_05_DEN_PHI,2025-10-05,DEN,PHI,6,0,0,0,0,0,0,17.0,348,7.0,7.0
2025,5,2025_05_DEN_PHI,2025-10-05,PHI,DEN,2,0,0,0,0,0,0,21.0,386,1.0,2.0
2025,5,2025_05_DET_CIN,2025-10-05,CIN,DET,4,0,1,0,0,0,0,37.0,393,2.0,2.0
2025,5,2025_05_DET_CIN,2025-10-05,DET,CIN,2,3,0,0,0,0,1,24.0,350,9.0,10.0
2025,5,2025_05_HOU_BAL,2025-10-05,BAL,HOU,2,0,0,0,0,0,0,44.0,451,-6.0,-2.0
2025,5,2025_05_HOU_BAL,2025-10-05,HOU,BAL,1,3,0,0,0,0,0,10.0,239,12.0,11.0
2025,5,2025_05_KC_JAX,2025-10-06,JAX,KC,0,1,0,1,0,0,0,28.0,476,2.0,7.0
2025,5,2025_05_KC_JAX,2025-10-06,KC,JAX,3,1,1,0,0,0,0,25.0,341,7.0,7.0
2025,5,2025_05_LV_IND,2025-10-05,IND,LV,4,2,0,0,0,1,0,6.0,372,13.0,17.0
2025,5,2025_05_LV_IND,2025-10-05,LV,IND,0,0,0,0,0,0,0,40.0,317,-3.0,-4.0
2025,5,2025_05_MIA_CAR,2025-10-05,CAR,MIA,3,0,0,0,0,0,0,24.0,302,3.0,3.0
2025,5,2025_05_MIA_CAR,2025-10-05,MIA,CAR,3,1,1,0,0,0,0,27.0,456,2.0,7.0
2025,5,2025_05_MIN_CLE,2025-10-05,CLE,MIN,3,0,2,0,0,0,0,21.0,381,6.0,7.0
2025,5,2025_05_MIN_CLE,2025-10-05,MIN,CLE,2,0,0,0,0,0,0,17.0,338,3.0,3.0
2025,5,2025_05_NE_BUF,2025-10-05,BUF,NE,4,0,1,0,0,0,0,23.0,350,5.0,6.0
2025,5,2025_05_NE_BUF,2025-10-05,NE,BUF,1,1,2,0,0,0,0,20.0,379,6.0,8.0
2025,5,2025_05_NYG_NO,2025-10-05,NO,NYG,1,2,3,1,0,0,0,14.0,341,18.0,18.0
2025,5,2025_05_NYG_NO,2025-10-05,NYG,NO,0,0,0,0,0,0,0,20.0,332,0.0,1.0
2025,5,2025_05_SF_LA,2025-10-02,LA,SF,1,0,0,0,0,0,0,26.0,425,-2.0,1.0
2025,5,2025_05_SF_LA,2025-10-02,SF,LA,1,0,2,0,0,1,0,23.0,478,2.0,7.0
2025,5,2025_05_TB_SEA,2025-10-05,SEA,TB,1,0,0,0,0,0,0,38.0,444,-5.0,-3.0
2025,5,2025_05_TB_SEA,2025-10-05,TB,SEA,0,1,1,0,0,0,0,35.0,463,-4.0,0.0
2025,5,2025_05_TEN_ARI,2025-10-05,ARI,TEN,2,1,1,0,0,0,0,22.0,359,5.0,6.0
2025,5,2025_05_TEN_ARI,2025-10-05,TEN,ARI,3,0,2,0,0,0,0,21.0,416,4.0,7.0
2025,5,2025_05_WAS_LAC,2025-10-05,LAC,WAS,1,0,1,0,0,0,0,27.0,399,2.0,3.0
2025,5,2025_05_WAS_LAC,2025-10-05,WAS,LAC,5,1,1,0,0,0,0,10.0,394,11.0,13.0
2025,6,2025_06_ARI_IND,2025-10-12,ARI,IND,1,1,0,0,0,0,0,31.0,369,1.0,2.0
2025,6,2025_06_ARI_IND,2025-10-12,IND,ARI,2,1,0,0,0,0,0,27.0,416,1.0,4.0
2025,6,2025_06_BUF_ATL,2025-10-13,ATL,BUF,4,2,0,0,0,0,0,14.0,337,9.0,9.0
2025,6,2025_06_BUF_ATL,2025-10-13,BUF,ATL,2,0,0,0,0,1,0,24.0,477,-1.0,4.0
2025,6,2025_06_CHI_WAS,2025-10-13,CHI,WAS,3,1,2,0,0,0,0,24.0,341,9.0,9.0
2025,6,2025_06_CHI_WAS,2025-10-13,WAS,CHI,3,0,0,0,0,1,0,25.0,418,2.0,5.0
2025,6,2025_06_CIN_GB,2025-10-12,CIN,GB,1,1,0,0,0,0,0,27.0,415,0.0,3.0
2025,6,2025_06_CIN_GB,2025-10-12,GB,CIN,1,0,0,0,0,0,0,18.0,280,3.0,2.0
2025,6,2025_06_CLE_PIT,2025-10-12,CLE,PIT,0,0,0,0,0,0,0,23.0,335,0.0,0.0
2025,6,2025_06_CLE_PIT,2025-10-12,PIT,CLE,6,0,0,0,0,0,0,9.0,324,9.0,10.0
2025,6,2025_06_DAL_CAR,2025-10-12,CAR,DAL,0,0,0,0,0,0,0,27.0,292,2.0,0.0
2025,6,2025_06_DAL_CAR,2025-10-12,DAL,CAR,1,1,0,0,0,0,0,30.0,420,-1.0,2.0
2025,6,2025_06_DEN_NYJ,2025-10-12,DEN,NYJ,9,0,0,0,0,0,0,11.0,192,15.0,13.0
2025,6,2025_06_DEN_NYJ,2025-10-12,NYJ,DEN,1,0,1,0,0,0,0,13.0,258,8.0,7.0
2025,6,2025_06_DET_KC,2025-10-12,DET,KC,3,0,0,0,0,0,0,30.0,383,1.0,2.0
2025,6,2025_06_DET_KC,2025-10-12,KC,DET,1,0,0,0,0,0,0,17.0,305,2.0,2.0
2025,6,2025_06_LAC_MIA,2025-10-12,LAC,MIA,2,3,0,0,0,0,0,27.0,359,7.0,8.0
2025,6,2025_06_LAC_MIA,2025-10-12,MIA,LAC,1,0,1,0,0,0,0,29.0,405,-1.0,2.0
2025,6,2025_06_LA_BAL,2025-10-12,BAL,LA,2,0,1,0,0,0,0,17.0,269,7.0,5.0
2025,6,2025_06_LA_BAL,2025-10-12,LA,BAL,4,1,2,0,0,0,0,3.0,342,14.0,17.0
2025,6,2025_06_NE_NO,2025-10-12,NE,NO,2,0,1,0,0,0,0,19.0,304,4.0,5.0
2025,6,2025_06_NE_NO,2025-10-12,NO,NE,1,0,0,0,0,0,0,25.0,335,1.0,1.0
2025,6,2025_06_PHI_NYG,2025-10-09,NYG,PHI,3,1,1,0,0,0,0,17.0,373,7.0,8.0
2025,6,2025_06_PHI_NYG,2025-10-09,PHI,NYG,2,0,0,0,0,0,1,34.0,368,2.0,3.0
2025,6,2025_06_SEA_JAX,2025-10-12,JAX,SEA,1,0,0,0,0,0,0,20.0,364,0.0,2.0
2025,6,2025_06_SEA_JAX,2025-10-12,SEA,JAX,7,0,0,0,0,0,0,12.0,361,9.0,11.0
2025,6,2025_06_SF_TB,2025-10-12,SF,TB,1,0,0,0,0,0,0,30.0,368,-1.0,0.0
2025,6,2025_06_SF_TB,2025-10-12,TB,SF,6,2,0,0,0,0,0,19.0,465,5.0,11.0
2025,6,2025_06_TEN_LV,2025-10-12,LV,TEN,6,1,2,0,0,0,0,10.0,349,15.0,16.0
2025,6,2025_06_TEN_LV,2025-10-12,TEN,LV,2,1,0,0,0,0,0,20.0,258,6.0,5.0
2025,7,2025_07_ATL_SF,2025-10-19,ATL,SF,1,1,0,0,0,0,0,20.0,328,3.0,4.0
2025,7,2025_07_ATL_SF,2025-10-19,SF,ATL,2,0,1,0,0,0,0,10.0,314,7.0,8.0
2025,7,2025_07_CAR_NYJ,2025-10-19,CAR,NYJ,6,2,0,0,0,0,0,6.0,286,16.0,17.0
2025,7,2025_07_CAR_NYJ,2025-10-19,NYJ,CAR,2,0,0,0,0,0,0,13.0,344,5.0,6.0
2025,7,2025_07_GB_ARI,2025-10-19,ARI,GB,1,0,0,0,0,0,0,27.0,284,3.0,1.0
2025,7,2025_07_GB_ARI,2025-10-19,GB,ARI,6,0,1,0,0,0,0,23.0,416,5.0,8.0
2025,7,2025_07_HOU_SEA,2025-10-20,HOU,SEA,2,2,2,1,0,1,0,27.0,346,18.0,18.0
2025,7,2025_07_HOU_SEA,2025-10-20,SEA,HOU,3,1,0,0,0,0,0,13.0,316,8.0,9.0
2025,7,2025_07_IND_LAC,2025-10-19,IND,LAC,3,2,0,0,0,0,0,24.0,503,1.0,7.0
2025,7,2025_07_IND_LAC,2025-10-19,LAC,IND,1,0,0,0,0,0,0,38.0,415,-5.0,-3.0
2025,7,2025_07_LA_JAX,2025-10-19,JAX,LA,0,0,0,0,0,0,0,35.0,271,-1.0,-4.0
2025,7,2025_07_LA_JAX,2025-10-19,LA,JAX,7,0,0,0,0,0,0,7.0,422,7.0,11.0
2025,7,2025_07_LV_KC,2025-10-19,KC,LV,1,0,1,0,0,0,0,0.0,105,11.0,13.0
2025,7,2025_07_LV_KC,2025-10-19,LV,KC,1,0,0,0,0,0,0,31.0,442,-3.0,0.0
2025,7,2025_07_MIA_CLE,2025-10-19,CLE,MIA,4,3,1,1,0,0,0,6.0,285,24.0,25.0
2025,7,2025_07_MIA_CLE,2025-10-19,MIA,CLE,2,0,0,0,0,0,0,25.0,234,4.0,2.0
2025,7,2025_07_NE_TEN,2025-10-19,NE,TEN,5,1,1,1,0,0,0,13.0,333,18.0,19.0
2025,7,2025_07_NE_TEN,2025-10-19,TEN,NE,4,0,0,0,0,0,0,25.0,431,1.0,4.0
2025,7,2025_07_NO_CHI,2025-10-19,CHI,NO,4,3,1,0,0,0,0,14.0,301,13.0,13.0
2025,7,2025_07_NO_CHI,2025-10-19,NO,CHI,1,1,0,0,0,0,0,26.0,402,0.0,3.0
2025,7,2025_07_NYG_DEN,2025-10-19,DEN,NYG,4,1,0,0,0,0,0,32.0,417,2.0,5.0
2025,7,2025_07_NYG_DEN,2025-10-19,NYG,DEN,2,0,0,0,0,0,0,33.0,435,-2.0,1.0
2025,7,2025_07_PHI_MIN,2025-10-19,MIN,PHI,3,0,0,0,0,0,0,22.0,381,2.0,3.0
2025,7,2025_07_PHI_MIN,2025-10-19,PHI,MIN,2,2,0,1,0,0,0,22.0,417,9.0,12.0
2025,7,2025_07_PIT_CIN,2025-10-16,CIN,PIT,0,2,0,0,0,0,0,31.0,396,2.0,3.0
2025,7,2025_07_PIT_CIN,2025-10-16,PIT,CIN,2,0,0,0,0,0,0,33.0,498,-4.0,1.0
2025,7,2025_07_TB_DET,2025-10-20,DET,TB,4,1,1,0,0,0,0,9.0,287,13.0,12.0
2025,7,2025_07_TB_DET,2025-10-20,TB,DET,4,1,1,0,0,0,0,24.0,431,5.0,8.0
2025,7,2025_07_WAS_DAL,2025-10-19,DAL,WAS,4,1,1,1,0,0,0,22.0,369,13.0,14.0
2025,7,2025_07_WAS_DAL,2025-10-19,WAS,DAL,1,0,0,0,0,0,1,38.0,423,-3.0,-1.0
2025,8,2025_08_BUF_CAR,2025-10-26,BUF,CAR,7,1,2,0,0,0,0,9.0,334,16.0,17.0
2025,8,2025_08_BUF_CAR,2025-10-26,CAR,BUF,2,0,0,0,0,0,0,40.0,450,-6.0,-2.0
2025,8,2025_08_CHI_BAL,2025-10-26,BAL,CHI,1,1,0,0,0,0,0,16.0,390,3.0,4.0
2025,8,2025_08_CHI_BAL,2025-10-26,CHI,BAL,2,0,0,0,0,0,0,30.0,371,0.0,1.0
2025,8,2025_08_CLE_NE,2025-10-26,CLE,NE,6,1,1,0,0,0,0,32.0,496,4.0,9.0
2025,8,2025_08_CLE_NE,2025-10-26,NE,CLE,1,2,0,0,0,0,0,13.0,235,10.0,9.0
2025,8,2025_08_DAL_DEN,2025-10-26,DAL,DEN,0,1,0,0,0,0,0,44.0,426,-4.0,-2.0
2025,8,2025_08_DAL_DEN,2025-10-26,DEN,DAL,2,2,0,0,0,0,0,24.0,369,5.0,6.0
2025,8,2025_08_GB_PIT,2025-10-26,GB,PIT,3,0,1,0,0,0,0,25.0,329,5.0,5.0
2025,8,2025_08_GB_PIT,2025-10-26,PIT,GB,0,0,0,0,0,0,0,35.0,454,-8.0,-4.0
2025,8,2025_08_MIA_ATL,2025-10-26,ATL,MIA,1,0,0,0,0,0,0,34.0,354,-1.0,0.0
2025,8,2025_08_MIA_ATL,2025-10-26,MIA,ATL,1,0,1,0,0,0,0,10.0,223,8.0,7.0
2025,8,2025_08_MIN_LAC,2025-10-23,LAC,MIN,5,1,0,0,0,0,0,10.0,218,12.0,11.0
2025,8,2025_08_MIN_LAC,2025-10-23,MIN,LAC,2,1,0,0,0,0,1,37.0,449,0.0,2.0
2025,8,2025_08_NYG_PHI,2025-10-26,NYG,PHI,4,0,0,0,0,0,0,38.0,483,-4.0,0.0
2025,8,2025_08_NYG_PHI,2025-10-26,PHI,NYG,5,0,0,0,0,0,0,20.0,276,7.0,6.0
2025,8,2025_08_NYJ_CIN,2025-10-26,CIN,NYJ,0,0,0,0,0,0,0,39.0,502,-9.0,-4.0
2025,8,2025_08_NYJ_CIN,2025-10-26,NYJ,CIN,1,0,0,0,0,0,0,38.0,410,-5.0,-3.0
2025,8,2025_08_SF_HOU,2025-10-26,HOU,SF,2,1,0,0,0,0,0,15.0,259,7.0,5.0
2025,8,2025_08_SF_HOU,2025-10-26,SF,HOU,0,1,0,0,0,0,0,26.0,475,-3.0,2.0
2025,8,2025_08_TB_NO,2025-10-26,NO,TB,3,0,1,0,0,0,0,17.0,268,8.0,6.0
2025,8,2025_08_TB_NO,2025-10-26,TB,NO,5,2,2,1,0,0,0,3.0,349,23.0,26.0
2025,8,2025_08_TEN_IND,2025-10-26,IND,TEN,4,1,0,0,0,0,0,14.0,403,4.0,7.0
2025,8,2025_08_TEN_IND,2025-10-26,TEN,IND,3,0,0,0,0,0,0,38.0,452,-5.0,-1.0
2025,8,2025_08_WAS_KC,2025-10-27,KC,WAS,2,2,0,0,0,0,0,7.0,286,11.0,10.0
2025,8,2025_08_WAS_KC,2025-10-27,WAS,KC,3,2,0,0,0,0,0,28.0,462,1.0,6.0
2025,9,2025_09_ARI_DAL,2025-11-03,ARI,DAL,5,1,2,0,0,0,0,17.0,413,9.0,12.0
2025,9,2025_09_ARI_DAL,2025-11-03,DAL,ARI,5,0,0,0,1,1,0,27.0,420,10.0,13.0
2025,9,2025_09_ATL_NE,2025-11-02,ATL,NE,6,1,1,0,0,0,0,24.0,407,7.0,10.0
2025,9,2025_09_ATL_NE,2025-11-02,NE,ATL,1,0,0,0,0,0,0,23.0,296,3.0,1.0
2025,9,2025_09_BAL_MIA,2025-10-30,BAL,MIA,2,1,2,0,0,0,0,6.0,364,11.0,15.0
2025,9,2025_09_BAL_MIA,2025-10-30,MIA,BAL,2,0,0,0,0,0,0,28.0,370,0.0,1.0
2025,9,2025_09_CAR_GB,2025-11-02,CAR,GB,1,1,1,0,0,0,0,13.0,385,7.0,9.0
2025,9,2025_09_CAR_GB,2025-11-02,GB,CAR,1,1,0,0,0,0,0,16.0,265,6.0,4.0
2025,9,2025_09_CHI_CIN,2025-11-02,CHI,CIN,3,2,1,0,0,0,0,42.0,537,0.0,5.0
2025,9,2025_09_CHI_CIN,2025-11-02,CIN,CHI,2,0,0,0,1,1,0,47.0,594,-2.0,6.0
2025,9,2025_09_DEN_HOU,2025-11-02,DEN,HOU,4,0,0,0,0,0,0,15.0,318,5.0,5.0
2025,9,2025_09_DEN_HOU,2025-11-02,HOU,DEN,1,1,1,0,0,1,0,18.0,275,9.0,8.0
2025,9,2025_09_IND_PIT,2025-11-02,IND,PIT,3,0,1,0,0,0,0,27.0,257,7.0,5.0
2025,9,2025_09_IND_PIT,2025-11-02,PIT,IND,5,3,3,0,0,0,0,20.0,426,14.0,18.0
2025,9,2025_09_JAX_LV,2025-11-02,JAX,LV,2,1,0,0,0,0,0,29.0,351,2.0,3.0
2025,9,2025_09_JAX_LV,2025-11-02,LV,JAX,1,1,0,0,0,0,0,30.0,375,1.0,2.0
2025,9,2025_09_KC_BUF,2025-11-02,BUF,KC,3,1,0,0,0,0,0,21.0,353,4.0,5.0
2025,9,2025_09_KC_BUF,2025-11-02,KC,BUF,3,0,0,0,0,0,0,28.0,424,-1.0,2.0
2025,9,2025_09_LAC_TEN,2025-11-02,LAC,TEN,4,0,0,0,0,0,0,14.0,260,7.0,5.0
2025,9,2025_09_LAC_TEN,2025-11-02,TEN,LAC,6,1,0,1,1,0,0,27.0,419,17.0,20.0
2025,9,2025_09_MIN_DET,2025-11-02,DET,MIN,5,1,0,0,0,0,0,27.0,312,7.0,7.0
2025,9,2025_09_MIN_DET,2025-11-02,MIN,DET,5,0,1,0,0,1,0,24.0,393,8.0,9.0
2025,9,2025_09_NO_LA,2025-11-02,LA,NO,1,1,1,0,0,0,0,10.0,242,10.0,9.0
2025,9,2025_09_NO_LA,2025-11-02,NO,LA,2,0,0,0,0,0,0,34.0,466,-4.0,1.0
2025,9,2025_09_SEA_WAS,2025-11-02,SEA,WAS,4,1,1,0,0,0,0,14.0,330,9.0,9.0
2025,9,2025_09_SEA_WAS,2025-11-02,WAS,SEA,0,1,0,0,0,0,0,38.0,418,-4.0,-2.0
2025,9,2025_09_SF_NYG,2025-11-02,NYG,SF,2,0,1,0,0,0,0,34.0,408,0.0,3.0
2025,9,2025_09_SF_NYG,2025-11-02,SF,NYG,2,0,0,0,0,0,0,24.0,320,2.0,2.0
2025,10,2025_10_ARI_SEA,2025-11-09,ARI,SEA,1,1,2,0,0,0,0,32.0,380,5.0,6.0
2025,10,2025_10_ARI_SEA,2025-11-09,SEA,ARI,5,0,2,2,0,0,0,22.0,439,18.0,21.0
2025,10,2025_10_ATL_IND,2025-11-09,ATL,IND,7,1,1,0,0,0,0,31.0,637,3.0,10.0
2025,10,2025_10_ATL_IND,2025-11-09,IND,ATL,3,0,1,0,0,0,0,25.0,344,5.0,5.0
2025,10,2025_10_BAL_MIN,2025-11-09,BAL,MIN,1,2,1,0,0,0,0,19.0,371,6.0,8.0
2025,10,2025_10_BAL_MIN,2025-11-09,MIN,BAL,1,0,0,0,0,0,0,27.0,335,1.0,1.0
2025,10,2025_10_BUF_MIA,2025-11-09,BUF,MIA,0,2,0,0,0,0,0,30.0,370,2.0,3.0
2025,10,2025_10_BUF_MIA,2025-11-09,MIA,BUF,3,1,2,0,0,0,0,13.0,410,9.0,13.0
2025,10,2025_10_CLE_NYJ,2025-11-09,CLE,NYJ,3,1,0,0,0,0,0,27.0,193,8.0,5.0
2025,10,2025_10_CLE_NYJ,2025-11-09,NYJ,CLE,6,0,0,0,2,0,0,20.0,372,17.0,19.0
2025,10,2025_10_DET_WAS,2025-11-09,DET,WAS,2,0,0,0,0,0,0,22.0,324,2.0,2.0
2025,10,2025_10_DET_WAS,2025-11-09,WAS,DET,0,0,0,0,0,1,0,44.0,546,-7.0,-2.0
2025,10,2025_10_JAX_HOU,2025-11-09,HOU,JAX,5,1,1,1,0,0,0,29.0,291,16.0,14.0
2025,10,2025_10_JAX_HOU,2025-11-09,JAX,HOU,2,1,1,0,1,0,0,30.0,432,8.0,11.0
2025,10,2025_10_LA_SF,2025-11-09,LA,SF,0,1,1,0,0,1,0,26.0,393,5.0,6.0
2025,10,2025_10_LA_SF,2025-11-09,SF,LA,1,0,0,0,0,0,0,42.0,411,-5.0,-3.0
2025,10,2025_10_LV_DEN,2025-11-06,DEN,LV,6,1,0,0,0,1,0,7.0,246,15.0,14.0
2025,10,2025_10_LV_DEN,2025-11-06,LV,DEN,2,2,0,0,0,0,0,10.0,248,11.0,10.0
2025,10,2025_10_NE_TB,2025-11-09,NE,TB,2,0,0,0,0,0,0,23.0,401,-1.0,2.0
2025,10,2025_10_NE_TB,2025-11-09,TB,NE,1,1,0,0,0,0,0,28.0,437,-1.0,2.0
2025,10,2025_10_NO_CAR,2025-11-09,CAR,NO,2,0,1,0,0,0,0,17.0,420,2.0,5.0
2025,10,2025_10_NO_CAR,2025-11-09,NO,CAR,2,1,1,0,0,1,0,7.0,219,13.0,12.0
2025,10,2025_10_NYG_CHI,2025-11-09,CHI,NYG,4,0,1,0,0,0,0,20.0,481,1.0,7.0
2025,10,2025_10_NYG_CHI,2025-11-09,NYG,CHI,0,0,0,0,0,0,0,24.0,391,-1.0,0.0
2025,10,2025_10_PHI_GB,2025-11-10,GB,PHI,0,0,1,0,0,0,0,10.0,294,7.0,6.0
2025,10,2025_10_PHI_GB,2025-11-10,PHI,GB,3,0,2,0,0,0,0,7.0,299,12.0,11.0
2025,10,2025_10_PIT_LAC,2025-11-09,LAC,PIT,3,2,1,0,0,0,1,10.0,247,16.0,15.0
2025,10,2025_10_PIT_LAC,2025-11-09,PIT,LAC,5,0,0,0,0,0,0,25.0,356,4.0,5.0
2025,11,2025_11_BAL_CLE,2025-11-16,BAL,CLE,3,1,0,0,0,0,0,10.0,255,10.0,9.0
2025,11,2025_11_BAL_CLE,2025-11-16,CLE,BAL,5,2,1,1,0,0,0,23.0,403,14.0,17.0
2025,11,2025_11_CAR_ATL,2025-11-16,ATL,CAR,5,0,0,0,0,0,0,30.0,544,-2.0,4.0
2025,11,2025_11_CAR_ATL,2025-11-16,CAR,ATL,0,0,1,0,0,0,0,27.0,348,2.0,2.0
2025,11,2025_11_CHI_MIN,2025-11-16,CHI,MIN,0,2,0,0,0,0,0,17.0,265,7.0,5.0
2025,11,2025_11_CHI_MIN,2025-11-16,MIN,CHI,2,0,0,0,0,0,0,19.0,346,2.0,3.0
2025,11,2025_11_CIN_PIT,2025-11-16,CIN,PIT,1,0,0,0,0,0,0,22.0,365,0.0,1.0
2025,11,2025_11_CIN_PIT,2025-11-16,PIT,CIN,1,1,1,2,0,0,0,12.0,311,20.0,21.0
2025,11,2025_11_DAL_LV,2025-11-17,DAL,LV,4,1,0,0,0,0,1,16.0,294,11.0,9.0
2025,11,2025_11_DAL_LV,2025-11-17,LV,DAL,1,0,1,0,0,0,0,33.0,383,1.0,2.0
2025,11,2025_11_DET_PHI,2025-11-16,DET,PHI,1,0,0,0,0,0,0,16.0,294,4.0,2.0
2025,11,2025_11_DET_PHI,2025-11-16,PHI,DET,2,1,0,0,0,0,0,9.0,341,7.0,8.0
2025,11,2025_11_GB_NYG,2025-11-16,GB,NYG,2,1,1,0,0,0,0,20.0,350,5.0,7.0
2025,11,2025_11_GB_NYG,2025-11-16,NYG,GB,2,0,0,0,0,0,0,27.0,320,2.0,2.0
2025,11,2025_11_HOU_TEN,2025-11-16,HOU,TEN,3,0,1,0,0,0,0,13.0,275,10.0,9.0
2025,11,2025_11_HOU_TEN,2025-11-16,TEN,HOU,4,0,0,0,0,0,0,16.0,383,4.0,5.0
2025,11,2025_11_KC_DEN,2025-11-16,DEN,KC,3,1,0,0,0,1,0,19.0,365,6.0,8.0
2025,11,2025_11_KC_DEN,2025-11-16,KC,DEN,2,0,0,0,0,0,0,22.0,366,1.0,2.0
2025,11,2025_11_LAC_JAX,2025-11-16,JAX,LAC,3,1,0,0,0,0,0,6.0,185,12.0,12.0
2025,11,2025_11_LAC_JAX,2025-11-16,LAC,JAX,0,1,0,0,0,0,0,35.0,345,-1.0,-2.0
2025,11,2025_11_NYJ_NE,2025-11-13,NE,NYJ,2,0,1,0,0,0,0,14.0,267,7.0,5.0
2025,11,2025_11_NYJ_NE,2025-11-13,NYJ,NE,1,0,0,0,0,0,0,27.0,356,0.0,1.0
2025,11,2025_11_SEA_LA,2025-11-16,LA,SEA,0,4,0,0,0,0,0,19.0,414,5.0,9.0
2025,11,2025_11_SEA_LA,2025-11-16,SEA,LA,0,0,1,0,0,0,0,21.0,249,4.0,2.0
2025,11,2025_11_SF_ARI,2025-11-16,ARI,SF,1,0,0,0,0,1,0,41.0,309,0.0,-1.0
2025,11,2025_11_SF_ARI,2025-11-16,SF,ARI,0,2,1,0,0,0,0,22.0,488,1.0,6.0
2025,11,2025_11_TB_BUF,2025-11-16,BUF,TB,1,1,1,0,0,0,0,32.0,383,3.0,4.0
2025,11,2025_11_TB_BUF,2025-11-16,TB,BUF,0,2,1,0,0,0,0,44.0,414,0.0,2.0
2025,11,2025_11_WAS_MIA,2025-11-16,MIA,WAS,1,1,1,0,0,0,0,13.0,391,7.0,9.0
2025,11,2025_11_WAS_MIA,2025-11-16,WAS,MIA,3,0,0,0,0,0,0,16.0,369,3.0,4.0
2025,12,2025_12_ATL_NO,2025-11-23,ATL,NO,5,1,1,0,0,0,0,4.0,351,12.0,16.0
2025,12,2025_12_ATL_NO,2025-11-23,NO,ATL,3,1,0,1,0,0,0,24.0,338,11.0,11.0
2025,12,2025_12_BUF_HOU,2025-11-20,BUF,HOU,0,0,0,0,1,0,0,23.0,261,8.0,6.0
2025,12,2025_12_BUF_HOU,2025-11-20,HOU,BUF,8,2,1,0,0,0,0,19.0,466,9.0,15.0
2025,12,2025_12_CAR_SF,2025-11-24,CAR,SF,0,3,0,0,0,0,0,20.0,340,6.0,7.0
2025,12,2025_12_CAR_SF,2025-11-24,SF,CAR,1,2,0,0,0,0,0,9.0,246,10.0,9.0
2025,12,2025_12_CLE_LV,2025-11-23,CLE,LV,10,0,1,0,0,0,0,10.0,422,12.0,16.0
2025,12,2025_12_CLE_LV,2025-11-23,LV,CLE,1,1,1,0,0,0,0,24.0,276,7.0,5.0
2025,12,2025_12_IND_KC,2025-11-23,IND,KC,4,1,1,0,0,0,0,23.0,506,2.0,8.0
2025,12,2025_12_IND_KC,2025-11-23,KC,IND,0,0,0,0,0,0,0,20.0,255,2.0,1.0
2025,12,2025_12_JAX_ARI,2025-11-23,ARI,JAX,3,3,1,1,0,0,0,27.0,409,14.0,17.0
2025,12,2025_12_JAX_ARI,2025-11-23,JAX,ARI,6,0,0,0,0,0,0,18.0,414,3.0,7.0
2025,12,2025_12_MIN_GB,2025-11-23,GB,MIN,5,2,1,0,0,0,0,6.0,215,17.0,18.0
2025,12,2025_12_MIN_GB,2025-11-23,MIN,GB,1,0,0,0,0,0,0,23.0,296,3.0,1.0
2025,12,2025_12_NE_CIN,2025-11-23,CIN,NE,1,1,0,1,0,0,0,20.0,410,6.0,10.0
2025,12,2025_12_NE_CIN,2025-11-23,NE,CIN,1,1,0,1,0,0,0,14.0,327,10.0,10.0
2025,12,2025_12_NYG_DET,2025-11-23,DET,NYG,1,1,0,0,0,0,0,27.0,525,-3.0,3.0
2025,12,2025_12_NYG_DET,2025-11-23,NYG,DET,3,1,0,0,0,0,0,34.0,538,-2.0,4.0
2025,12,2025_12_NYJ_BAL,2025-11-23,BAL,NYJ,3,1,1,0,0,0,0,10.0,318,10.0,11.0
2025,12,2025_12_NYJ_BAL,2025-11-23,NYJ,BAL,1,0,0,0,0,0,0,23.0,261,3.0,1.0
2025,12,2025_12_PHI_DAL,2025-11-23,DAL,PHI,1,0,2,0,0,0,0,21.0,365,4.0,5.0
2025,12,2025_12_PHI_DAL,2025-11-23,PHI,DAL,1,1,1,0,0,0,0,24.0,485,0.0,5.0
2025,12,2025_12_PIT_CHI,2025-11-23,CHI,PIT,2,1,1,0,0,0,0,22.0,369,5.0,6.0
2025,12,2025_12_PIT_CHI,2025-11-23,PIT,CHI,1,0,2,1,0,0,0,31.0,348,10.0,10.0
2025,12,2025_12_SEA_TEN,2025-11-23,SEA,TEN,4,0,0,0,0,0,0,24.0,344,4.0,4.0
2025,12,2025_12_SEA_TEN,2025-11-23,TEN,SEA,1,0,0,0,1,0,0,30.0,363,5.0,6.0
2025,12,2025_12_TB_LA,2025-11-23,LA,TB,4,2,0,1,0,0,0,7.0,259,19.0,18.0
2025,12,2025_12_TB_LA,2025-11-23,TB,LA,1,0,0,0,0,0,0,28.0,353,-1.0,0.0
2025,13,2025_13_ARI_TB,2025-11-30,ARI,TB,2,0,0,0,0,0,0,20.0,299,4.0,3.0
2025,13,2025_13_ARI_TB,2025-11-30,TB,ARI,2,1,1,0,0,0,0,17.0,406,4.0,7.0
2025,13,2025_13_ATL_NYJ,2025-11-30,ATL,NYJ,2,0,0,0,0,0,0,27.0,295,4.0,2.0
2025,13,2025_13_ATL_NYJ,2025-11-30,NYJ,ATL,2,0,1,0,0,0,0,24.0,413,1.0,4.0
2025,13,2025_13_BUF_PIT,2025-11-30,BUF,PIT,1,1,1,1,0,0,0,7.0,184,17.0,15.0
2025,13,2025_13_BUF_PIT,2025-11-30,PIT,BUF,0,1,1,0,0,0,0,20.0,372,3.0,5.0
2025,13,2025_13_CHI_PHI,2025-11-28,CHI,PHI,0,1,1,0,0,0,0,15.0,317,5.0,5.0
2025,13,2025_13_CHI_PHI,2025-11-28,PHI,CHI,2,1,0,0,0,0,0,24.0,445,1.0,4.0
2025,13,2025_13_CIN_BAL,2025-11-27,BAL,CIN,1,0,1,0,0,0,0,32.0,396,1.0,2.0
2025,13,2025_13_CIN_BAL,2025-11-27,CIN,BAL,3,1,3,0,0,0,0,14.0,392,11.0,12.0
2025,13,2025_13_DEN_WAS,2025-11-30,DEN,WAS,2,1,0,0,0,0,0,26.0,455,-1.0,4.0
2025,13,2025_13_DEN_WAS,2025-11-30,WAS,DEN,1,1,0,0,0,0,0,27.0,414,0.0,3.0
2025,13,2025_13_GB_DET,2025-11-27,DET,GB,0,0,0,0,0,0,0,31.0,359,-2.0,-1.0
2025,13,2025_13_GB_DET,2025-11-27,GB,DET,3,0,0,0,0,0,0,24.0,398,2.0,3.0
2025,13,2025_13_HOU_IND,2025-11-30,HOU,IND,1,0,0,0,0,0,0,16.0,293,4.0,2.0
2025,13,2025_13_HOU_IND,2025-11-30,IND,HOU,2,1,0,0,0,0,0,20.0,404,1.0,5.0
2025,13,2025_13_JAX_TEN,2025-11-30,JAX,TEN,3,0,2,0,0,0,0,3.0,228,13.0,14.0
2025,13,2025_13_JAX_TEN,2025-11-30,TEN,JAX,3,0,0,0,0,0,0,25.0,326,3.0,3.0
2025,13,2025_13_KC_DAL,2025-11-27,DAL,KC,3,0,0,0,0,0,0,28.0,398,1.0,2.0
2025,13,2025_13_KC_DAL,2025-11-27,KC,DAL,0,1,0,0,0,0,0,31.0,457,-4.0,1.0
2025,13,2025_13_LA_CAR,2025-11-30,CAR,LA,2,2,1,1,0,0,0,28.0,411,10.0,13.0
2025,13,2025_13_LA_CAR,2025-11-30,LA,CAR,2,0,0,0,0,0,0,25.0,382,1.0,2.0
2025,13,2025_13_LV_LAC,2025-11-30,LAC,LV,5,1,0,0,0,0,0,14.0,236,10.0,8.0
2025,13,2025_13_LV_LAC,2025-11-30,LV,LAC,3,1,0,0,0,0,0,31.0,363,3.0,4.0
2025,13,2025_13_MIN_SEA,2025-11-30,MIN,SEA,4,0,2,0,0,0,0,20.0,287,10.0,9.0
2025,13,2025_13_MIN_SEA,2025-11-30,SEA,MIN,4,4,1,1,0,0,0,0.0,222,27.0,30.0
2025,13,2025_13_NO_MIA,2025-11-30,MIA,NO,4,1,1,0,0,0,0,17.0,346,9.0,9.0
2025,13,2025_13_NO_MIA,2025-11-30,NO,MIA,4,1,0,0,0,0,0,21.0,344,6.0,6.0
2025,13,2025_13_NYG_NE,2025-12-01,NE,NYG,2,0,1,0,1,0,0,15.0,261,13.0,11.0
2025,13,2025_13_NYG_NE,2025-12-01,NYG,NE,3,0,0,0,0,0,0,33.0,407,-1.0,2.0
2025,13,2025_13_SF_CLE,2025-11-30,CLE,SF,1,0,0,0,0,0,0,26.0,266,3.0,1.0
2025,13,2025_13_SF_CLE,2025-11-30,SF,CLE,3,0,2,0,0,0,0,8.0,321,10.0,11.0
2025,14,2025_14_CHI_GB,2025-12-07,CHI,GB,1,1,0,0,0,0,0,28.0,365,1.0,2.0
2025,14,2025_14_CHI_GB,2025-12-07,GB,CHI,1,1,0,0,0,0,0,21.0,333,3.0,3.0
2025,14,2025_14_CIN_BUF,2025-12-07,BUF,CIN,1,2,0,1,0,0,0,34.0,354,9.0,10.0
2025,14,2025_14_CIN_BUF,2025-12-07,CIN,BUF,3,0,1,0,0,0,0,33.0,452,-1.0,4.0
2025,14,2025_14_DAL_DET,2025-12-04,DAL,DET,1,0,0,0,0,1,0,44.0,428,-3.0,-1.0
2025,14,2025_14_DAL_DET,2025-12-04,DET,DAL,5,2,1,0,0,0,0,30.0,517,4.0,10.0
2025,14,2025_14_DEN_LV,2025-12-07,DEN,LV,4,0,0,0,1,0,0,17.0,277,13.0,11.0
2025,14,2025_14_DEN_LV,2025-12-07,LV,DEN,3,0,0,0,0,0,0,24.0,372,2.0,3.0
2025,14,2025_14_HOU_KC,2025-12-07,HOU,KC,2,3,0,0,0,0,0,10.0,298,13.0,12.0
2025,14,2025_14_HOU_KC,2025-12-07,KC,HOU,3,0,0,0,0,0,0,20.0,302,3.0,4.0
2025,14,2025_14_IND_JAX,2025-12-07,IND,JAX,0,0,1,0,0,0,0,36.0,350,-2.0,-2.0
2025,14,2025_14_IND_JAX,2025-12-07,JAX,IND,1,2,1,0,0,0,1,19.0,303,9.0,10.0
2025,14,2025_14_LA_ARI,2025-12-07,ARI,LA,0,0,0,0,0,0,0,45.0,530,-9.0,-4.0
2025,14,2025_14_LA_ARI,2025-12-07,LA,ARI,3,1,0,0,0,0,0,17.0,330,6.0,6.0
2025,14,2025_14_MIA_NYJ,2025-12-07,MIA,NYJ,6,3,0,0,0,0,0,10.0,261,17.0,16.0
2025,14,2025_14_MIA_NYJ,2025-12-07,NYJ,MIA,1,0,0,0,1,0,0,34.0,374,5.0,6.0
2025,14,2025_14_NO_TB,2025-12-07,NO,TB,0,1,0,0,0,0,0,20.0,301,2.0,3.0
2025,14,2025_14_NO_TB,2025-12-07,TB,NO,3,1,0,0,0,0,0,24.0,306,5.0,5.0
2025,14,2025_14_PHI_LAC,2025-12-08,LAC,PHI,1,4,1,0,0,0,0,19.0,383,10.0,12.0
2025,14,2025_14_PHI_LAC,2025-12-08,PHI,LAC,7,1,2,0,0,0,0,22.0,341,13.0,13.0
2025,14,2025_14_PIT_BAL,2025-12-07,BAL,PIT,0,0,0,0,0,0,0,27.0,318,0.0,0.0
2025,14,2025_14_PIT_BAL,2025-12-07,PIT,BAL,2,1,0,0,0,0,0,22.0,452,-1.0,4.0
2025,14,2025_14_SEA_ATL,2025-12-07,ATL,SEA,2,1,0,0,0,0,0,37.0,391,0.0,0.0
2025,14,2025_14_SEA_ATL,2025-12-07,SEA,ATL,1,2,1,0,1,1,0,9.0,290,20.0,19.0
2025,14,2025_14_TEN_CLE,2025-12-07,CLE,TEN,1,1,0,0,0,0,0,31.0,310,2.0,2.0
2025,14,2025_14_TEN_CLE,2025-12-07,TEN,CLE,2,1,1,0,0,1,0,29.0,438,4.0,7.0
2025,14,2025_14_WAS_MIN,2025-12-07,MIN,WAS,2,2,1,0,0,0,0,0.0,224,15.0,18.0
2025,14,2025_14_WAS_MIN,2025-12-07,WAS,MIN,4,0,0,0,0,0,0,31.0,337,3.0,3.0
2025,15,2025_15_ARI_HOU,2025-12-14,ARI,HOU,1,0,0,0,0,1,0,40.0,407,-3.0,-1.0
2025,15,2025_15_ARI_HOU,2025-12-14,HOU,ARI,2,1,1,0,0,0,0,20.0,335,6.0,7.0
2025,15,2025_15_ATL_TB,2025-12-11,ATL,TB,5,1,0,0,0,0,0,28.0,392,5.0,6.0
2025,15,2025_15_ATL_TB,2025-12-11,TB,ATL,1,0,1,0,0,0,0,29.0,492,-3.0,2.0
2025,15,2025_15_BAL_CIN,2025-12-14,BAL,CIN,3,2,0,1,0,0,0,0.0,352,17.0,23.0
2025,15,2025_15_BAL_CIN,2025-12-14,CIN,BAL,4,1,0,0,0,0,0,18.0,361,5.0,7.0
2025,15,2025_15_BUF_NE,2025-12-14,BUF,NE,3,1,0,0,0,0,0,31.0,417,1.0,4.0
2025,15,2025_15_BUF_NE,2025-12-14,NE,BUF,2,0,0,0,0,0,0,35.0,373,-2.0,-2.0
2025,15,2025_15_CAR_NO,2025-12-14,CAR,NO,5,0,0,0,0,0,0,20.0,369,4.0,6.0
2025,15,2025_15_CAR_NO,2025-12-14,NO,CAR,1,0,1,0,0,0,0,17.0,299,6.0,4.0
2025,15,2025_15_CLE_CHI,2025-12-14,CHI,CLE,5,3,0,0,0,0,0,3.0,262,17.0,18.0
2025,15,2025_15_CLE_CHI,2025-12-14,CLE,CHI,3,0,0,0,0,0,0,31.0,407,-1.0,2.0
2025,15,2025_15_DET_LA,2025-12-14,DET,LA,2,1,0,0,0,0,0,41.0,535,-5.0,0.0
2025,15,2025_15_DET_LA,2025-12-14,LA,DET,1,0,0,0,0,0,0,34.0,420,-3.0,0.0
2025,15,2025_15_GB_DEN,2025-12-14,DEN,GB,3,2,0,0,0,0,0,26.0,420,4.0,7.0
2025,15,2025_15_GB_DEN,2025-12-14,GB,DEN,0,0,1,0,0,0,0,34.0,391,0.0,1.0
2025,15,2025_15_IND_SEA,2025-12-14,IND,SEA,1,0,0,0,0,0,0,18.0,328,1.0,2.0
2025,15,2025_15_IND_SEA,2025-12-14,SEA,IND,1,1,0,0,0,0,0,16.0,224,6.0,4.0
2025,15,2025_15_LAC_KC,2025-12-14,KC,LAC,4,1,0,0,0,0,0,16.0,313,7.0,7.0
2025,15,2025_15_LAC_KC,2025-12-14,LAC,KC,5,2,0,0,0,0,0,13.0,281,14.0,13.0
2025,15,2025_15_LV_PHI,2025-12-14,LV,PHI,1,0,0,0,0,0,0,31.0,395,-1.0,0.0
2025,15,2025_15_LV_PHI,2025-12-14,PHI,LV,4,1,0,0,0,0,0,0.0,145,14.0,16.0
2025,15,2025_15_MIA_PIT,2025-12-15,MIA,PIT,3,0,0,0,0,0,0,28.0,382,1.0,2.0
2025,15,2025_15_MIA_PIT,2025-12-15,PIT,MIA,4,1,0,0,0,0,0,15.0,347,7.0,7.0
2025,15,2025_15_MIN_DAL,2025-12-14,DAL,MIN,0,1,0,0,0,0,0,34.0,327,1.0,1.0
2025,15,2025_15_MIN_DAL,2025-12-14,MIN,DAL,2,0,0,0,0,0,0,26.0,441,-1.0,2.0
2025,15,2025_15_NYJ_JAX,2025-12-14,JAX,NYJ,3,3,0,0,0,0,0,20.0,328,9.0,10.0
2025,15,2025_15_NYJ_JAX,2025-12-14,NYJ,JAX,0,0,1,0,0,0,0,48.0,438,-6.0,-2.0
2025,15,2025_15_TEN_SF,2025-12-14,SF,TEN,0,0,0,0,0,0,0,24.0,306,0.0,0.0
2025,15,2025_15_TEN_SF,2025-12-14,TEN,SF,2,0,1,0,0,0,0,37.0,436,-2.0,0.0
2025,15,2025_15_WAS_NYG,2025-12-14,NYG,WAS,2,0,2,0,0,0,0,29.0,372,4.0,5.0
2025,15,2025_15_WAS_NYG,2025-12-14,WAS,NYG,1,1,0,0,1,0,0,21.0,400,6.0,9.0
2025,16,2025_16_ATL_ARI,2025-12-21,ARI,ATL,1,1,1,0,0,1,0,26.0,356,6.0,7.0
2025,16,2025_16_ATL_ARI,2025-12-21,ATL,ARI,2,1,0,0,0,0,0,19.0,350,3.0,5.0
2025,16,2025_16_BUF_CLE,2025-12-21,BUF,CLE,3,2,0,0,0,0,0,20.0,340,7.0,8.0
2025,16,2025_16_BUF_CLE,2025-12-21,CLE,BUF,2,0,0,0,0,0,0,23.0,329,2.0,2.0
2025,16,2025_16_CIN_MIA,2025-12-21,CIN,MIA,0,2,1,0,0,0,0,21.0,389,5.0,6.0
2025,16,2025_16_CIN_MIA,2025-12-21,MIA,CIN,2,0,0,0,0,0,0,45.0,429,-4.0,-2.0
2025,16,2025_16_GB_CHI,2025-12-20,CHI,GB,2,0,1,0,0,0,0,16.0,396,4.0,5.0
2025,16,2025_16_GB_CHI,2025-12-20,GB,CHI,0,0,0,0,0,0,0,22.0,400,-3.0,0.0
2025,16,2025_16_JAX_DEN,2025-12-21,DEN,JAX,5,0,0,0,0,0,0,34.0,374,3.0,4.0
2025,16,2025_16_JAX_DEN,2025-12-21,JAX,DEN,1,1,1,0,0,0,0,20.0,461,0.0,6.0
2025,16,2025_16_KC_TEN,2025-12-21,KC,TEN,2,0,0,0,0,0,0,26.0,408,-1.0,2.0
2025,16,2025_16_KC_TEN,2025-12-21,TEN,KC,4,0,0,0,0,0,1,9.0,221,11.0,10.0
2025,16,2025_16_LAC_DAL,2025-12-21,DAL,LAC,0,0,0,0,0,0,0,34.0,452,-6.0,-1.0
2025,16,2025_16_LAC_DAL,2025-12-21,LAC,DAL,1,0,1,0,0,0,0,17.0,352,3.0,4.0
2025,16,2025_16_LA_SEA,2025-12-18,LA,SEA,4,2,1,0,0,0,0,38.0,467,2.0,6.0
2025,16,2025_16_LA_SEA,2025-12-18,SEA,LA,0,0,0,0,1,0,0,37.0,581,-4.0,2.0
2025,16,2025_16_LV_HOU,2025-12-21,HOU,LV,3,1,0,1,0,0,0,21.0,377,10.0,11.0
2025,16,2025_16_LV_HOU,2025-12-21,LV,HOU,0,0,0,0,0,0,0,17.0,270,3.0,1.0
2025,16,2025_16_MIN_NYG,2025-12-21,MIN,NYG,5,1,0,0,0,0,0,7.0,181,13.0,11.0
2025,16,2025_16_MIN_NYG,2025-12-21,NYG,MIN,4,1,1,1,0,0,0,16.0,308,15.0,15.0
2025,16,2025_16_NE_BAL,2025-12-21,BAL,NE,4,1,1,0,0,0,0,28.0,465,2.0,7.0
2025,16,2025_16_NE_BAL,2025-12-21,NE,BAL,1,0,2,0,0,0,0,24.0,344,5.0,5.0
2025,16,2025_16_NYJ_NO,2025-12-21,NO,NYJ,8,1,1,0,0,0,0,6.0,309,16.0,19.0
2025,16,2025_16_NYJ_NO,2025-12-21,NYJ,NO,3,0,1,0,0,0,0,29.0,448,1.0,4.0
2025,16,2025_16_PHI_WAS,2025-12-20,PHI,WAS,2,1,0,0,0,0,0,18.0,236,6.0,5.0
2025,16,2025_16_PHI_WAS,2025-12-20,WAS,PHI,2,0,1,0,0,0,0,29.0,399,2.0,3.0
2025,16,2025_16_PIT_DET,2025-12-21,DET,PIT,2,0,1,0,0,0,0,29.0,511,-3.0,3.0
2025,16,2025_16_PIT_DET,2025-12-21,PIT,DET,3,0,0,0,0,0,1,24.0,397,4.0,5.0
2025,16,2025_16_SF_IND,2025-12-22,IND,SF,1,1,0,0,0,0,0,42.0,440,-3.0,-1.0
2025,16,2025_16_SF_IND,2025-12-22,SF,IND,2,1,1,1,0,0,0,27.0,358,11.0,12.0
2025,16,2025_16_TB_CAR,2025-12-21,CAR,TB,2,1,0,0,0,0,0,20.0,332,4.0,5.0
2025,16,2025_16_TB_CAR,2025-12-21,TB,CAR,2,0,0,0,0,0,0,23.0,309,2.0,2.0
2025,17,2025_17_ARI_CIN,2025-12-28,ARI,CIN,3,0,0,0,0,0,0,37.0,469,-5.0,-1.0
2025,17,2025_17_ARI_CIN,2025-12-28,CIN,ARI,4,0,0,0,0,0,0,14.0,275,7.0,5.0
2025,17,2025_17_BAL_GB,2025-12-27,BAL,GB,2,1,1,0,0,0,0,24.0,387,5.0,6.0
2025,17,2025_17_BAL_GB,2025-12-27,GB,BAL,1,0,0,0,0,0,0,41.0,414,-5.0,-3.0
2025,17,2025_17_CHI_SF,2025-12-28,CHI,SF,1,1,0,1,0,0,0,42.0,510,0.0,5.0
2025,17,2025_17_CHI_SF,2025-12-28,SF,CHI,0,0,0,0,0,0,0,32.0,440,-4.0,-1.0
2025,17,2025_17_DAL_WAS,2025-12-25,DAL,WAS,2,0,0,0,0,0,0,23.0,344,2.0,2.0
2025,17,2025_17_DAL_WAS,2025-12-25,WAS,DAL,6,0,0,0,0,0,0,30.0,556,-2.0,5.0
2025,17,2025_17_DEN_KC,2025-12-25,DEN,KC,1,0,0,0,0,0,0,13.0,157,7.0,5.0
2025,17,2025_17_DEN_KC,2025-12-25,KC,DEN,1,1,0,0,0,0,0,20.0,317,3.0,4.0
2025,17,2025_17_DET_MIN,2025-12-25,DET,MIN,7,0,0,0,0,0,0,23.0,257,9.0,7.0
2025,17,2025_17_DET_MIN,2025-12-25,MIN,DET,5,2,4,0,0,0,0,10.0,299,22.0,21.0
2025,17,2025_17_HOU_LAC,2025-12-27,HOU,LAC,5,1,0,0,0,0,0,16.0,345,8.0,8.0
2025,17,2025_17_HOU_LAC,2025-12-27,LAC,HOU,0,2,0,0,0,0,0,20.0,362,3.0,5.0
2025,17,2025_17_JAX_IND,2025-12-28,IND,JAX,2,1,1,0,0,0,0,23.0,398,5.0,6.0
2025,17,2025_17_JAX_IND,2025-12-28,JAX,IND,2,2,0,0,0,0,0,17.0,228,9.0,7.0
2025,17,2025_17_LA_ATL,2025-12-29,ATL,LA,3,3,0,1,0,0,0,24.0,405,12.0,15.0
2025,17,2025_17_LA_ATL,2025-12-29,LA,ATL,0,0,0,0,1,1,0,21.0,345,8.0,8.0
2025,17,2025_17_NE_NYJ,2025-12-28,NE,NYJ,1,1,0,0,0,0,0,10.0,331,6.0,7.0
2025,17,2025_17_NE_NYJ,2025-12-28,NYJ,NE,1,0,0,0,0,0,0,42.0,442,-5.0,-3.0
2025,17,2025_17_NO_TEN,2025-12-28,NO,TEN,4,0,1,1,0,0,0,26.0,382,11.0,12.0
2025,17,2025_17_NO_TEN,2025-12-28,TEN,NO,2,0,1,0,0,0,0,28.0,449,0.0,3.0
2025,17,2025_17_NYG_LV,2025-12-28,LV,NYG,2,0,0,0,0,0,0,34.0,381,0.0,1.0
2025,17,2025_17_NYG_LV,2025-12-28,NYG,LV,4,2,0,0,1,0,0,10.0,279,19.0,18.0
2025,17,2025_17_PHI_BUF,2025-12-28,BUF,PHI,1,0,0,0,0,0,0,13.0,194,7.0,5.0
2025,17,2025_17_PHI_BUF,2025-12-28,PHI,BUF,5,0,1,0,0,1,0,12.0,433,9.0,13.0
2025,17,2025_17_PIT_CLE,2025-12-28,CLE,PIT,2,0,0,0,0,0,0,6.0,307,6.0,9.0
2025,17,2025_17_PIT_CLE,2025-12-28,PIT,CLE,2,2,0,0,0,0,0,13.0,266,11.0,10.0
2025,17,2025_17_SEA_CAR,2025-12-28,CAR,SEA,3,1,1,0,0,0,0,27.0,332,7.0,7.0
2025,17,2025_17_SEA_CAR,2025-12-28,SEA,CAR,2,1,1,0,0,0,0,10.0,167,12.0,10.0
2025,17,2025_17_TB_MIA,2025-12-28,MIA,TB,3,2,1,0,0,1,0,17.0,418,9.0,12.0
2025,17,2025_17_TB_MIA,2025-12-28,TB,MIA,2,0,0,0,0,0,0,20.0,336,2.0,3.0
2025,18,2025_18_ARI_LA,2026-01-04,ARI,LA,1,0,0,0,0,0,0,37.0,409,-5.0,-3.0
2025,18,2025_18_ARI_LA,2026-01-04,LA,ARI,6,1,1,0,0,0,0,20.0,383,9.0,11.0
2025,18,2025_18_BAL_PIT,2026-01-04,BAL,PIT,2,0,0,0,0,1,0,26.0,398,3.0,4.0
2025,18,2025_18_BAL_PIT,2026-01-04,PIT,BAL,3,1,0,0,0,0,0,24.0,391,4.0,5.0
2025,18,2025_18_CAR_TB,2026-01-03,CAR,TB,2,1,0,0,0,1,0,16.0,348,7.0,7.0
2025,18,2025_18_CAR_TB,2026-01-03,TB,CAR,0,1,2,0,0,0,0,14.0,285,9.0,7.0
2025,18,2025_18_CLE_CIN,2026-01-04,CIN,CLE,6,0,1,0,0,0,0,8.0,258,13.0,12.0
2025,18,2025_18_CLE_CIN,2026-01-04,CLE,CIN,2,1,1,2,0,1,0,18.0,392,19.0,21.0
2025,18,2025_18_DAL_NYG,2026-01-04,DAL,NYG,4,0,1,0,0,0,0,34.0,402,2.0,5.0
2025,18,2025_18_DAL_NYG,2026-01-04,NYG,DAL,0,1,1,0,0,0,0,17.0,286,7.0,5.0
2025,18,2025_18_DET_CHI,2026-01-04,CHI,DET,3,1,0,0,0,0,0,19.0,473,0.0,6.0
2025,18,2025_18_DET_CHI,2026-01-04,DET,CHI,1,1,0,0,0,0,0,16.0,284,6.0,4.0
2025,18,2025_18_GB_MIN,2026-01-04,GB,MIN,2,0,1,0,0,0,0,16.0,389,4.0,5.0
2025,18,2025_18_GB_MIN,2026-01-04,MIN,GB,4,0,0,0,0,0,0,3.0,203,10.0,11.0
2025,18,2025_18_IND_HOU,2026-01-04,HOU,IND,1,1,2,1,0,0,0,30.0,370,11.0,12.0
2025,18,2025_18_IND_HOU,2026-01-04,IND,HOU,0,0,0,0,0,0,0,32.0,339,-1.0,-1.0
2025,18,2025_18_KC_LV,2026-01-04,KC,LV,3,1,1,0,0,0,0,14.0,242,10.0,8.0
2025,18,2025_18_KC_LV,2026-01-04,LV,KC,8,0,2,0,0,0,1,12.0,292,19.0,18.0
2025,18,2025_18_LAC_DEN,2026-01-04,DEN,LAC,4,1,1,1,0,0,0,3.0,281,20.0,21.0
2025,18,2025_18_LAC_DEN,2026-01-04,LAC,DEN,4,0,0,0,0,0,0,13.0,274,9.0,8.0
2025,18,2025_18_MIA_NE,2026-01-04,MIA,NE,0,0,0,0,0,1,0,38.0,457,-6.0,-2.0
2025,18,2025_18_MIA_NE,2026-01-04,NE,MIA,4,1,1,0,0,0,0,10.0,220,13.0,12.0
2025,18,2025_18_NO_ATL,2026-01-04,ATL,NO,4,1,1,0,0,1,0,17.0,394,10.0,11.0
2025,18,2025_18_NO_ATL,2026-01-04,NO,ATL,4,1,0,0,0,0,0,19.0,250,8.0,7.0
2025,18,2025_18_NYJ_BUF,2026-01-04,BUF,NYJ,1,0,0,0,0,0,0,8.0,136,7.0,5.0
2025,18,2025_18_NYJ_BUF,2026-01-04,NYJ,BUF,0,0,0,0,0,0,0,35.0,470,-8.0,-4.0
2025,18,2025_18_SEA_SF,2026-01-03,SEA,SF,3,1,0,0,0,0,0,3.0,187,12.0,12.0
2025,18,2025_18_SEA_SF,2026-01-03,SF,SEA,2,0,0,0,0,0,0,13.0,395,4.0,6.0
2025,18,2025_18_TEN_JAX,2026-01-04,JAX,TEN,1,1,0,1,0,0,0,7.0,208,14.0,13.0
2025,18,2025_18_TEN_JAX,2026-01-04,TEN,JAX,2,0,0,0,0,0,0,35.0,351,-2.0,-2.0
2025,18,2025_18_WAS_PHI,2026-01-04,PHI,WAS,0,1,1,0,0,0,0,24.0,274,6.0,4.0
2025,18,2025_18_WAS_PHI,2026-01-04,WAS,PHI,3,1,0,0,0,0,0,17.0,335,6.0,6.0
