season,week,game_id,game_date,team,opponent,espn_projected_points,espn_rank,espn_projection_method,yahoo_projected_points,yahoo_rank,yahoo_projection_method,history_games,source_as_of_utc,projection_created_at_utc,ranking_version
2026,1,2026_01_DEN_KC,2026-09-14,DEN,KC,11.44,1,defense_40_opponent_60,10.8,1,defense_40_opponent_60,51,2026-08-22T07:46:47.668866+00:00,2026-08-22T13:21:33.137283+00:00,v1_dst_recent_form
2026,1,2026_01_CLE_JAX,2026-09-13,JAX,CLE,9.52,2,defense_40_opponent_60,10.28,2,defense_40_opponent_60,51,2026-08-22T07:46:47.668866+00:00,2026-08-22T13:21:33.137283+00:00,v1_dst_recent_form
2026,1,2026_01_MIA_LV,2026-09-13,MIA,LV,9.28,3,defense_40_opponent_60,9.76,3,defense_40_opponent_60,51,2026-08-22T07:46:47.668866+00:00,2026-08-22T13:21:33.137283+00:00,v1_dst_recent_form
2026,1,2026_01_WAS_PHI,2026-09-13,PHI,WAS,7.8,4,defense_40_opponent_60,8.16,7,defense_40_opponent_60,51,2026-08-22T07:46:47.668866+00:00,2026-08-22T13:21:33.137283+00:00,v1_dst_recent_form
2026,1,2026_01_BAL_IND,2026-09-13,BAL,IND,7.68,5,defense_40_opponent_60,8.6,5,defense_40_opponent_60,51,2026-08-22T07:46:47.668866+00:00,2026-08-22T13:21:33.137283+00:00,v1_dst_recent_form
2026,1,2026_01_GB_MIN,2026-09-13,MIN,GB,7.6,6,defense_40_opponent_60,8.76,4,defense_40_opponent_60,51,2026-08-22T07:46:47.668866+00:00,2026-08-22T13:21:33.137283+00:00,v1_dst_recent_form
2026,1,2026_01_NYJ_TEN,2026-09-13,TEN,NYJ,7.48,7,defense_40_opponent_60,8.28,6,defense_40_opponent_60,51,2026-08-22T07:46:47.668866+00:00,2026-08-22T13:21:33.137283+00:00,v1_dst_recent_form
2026,1,2026_01_ARI_LAC,2026-09-13,LAC,ARI,6.84,8,defense_40_opponent_60,7.44,10,defense_40_opponent_60,51,2026-08-22T07:46:47.668866+00:00,2026-08-22T13:21:33.137283+00:00,v1_dst_recent_form
2026,1,2026_01_ATL_PIT,2026-09-13,PIT,ATL,6.68,9,defense_40_opponent_60,7.64,8,defense_40_opponent_60,51,2026-08-22T07:46:47.668866+00:00,2026-08-22T13:21:33.137283+00:00,v1_dst_recent_form
2026,1,2026_01_NO_DET,2026-09-13,NO,DET,5.84,10,defense_40_opponent_60,7.32,11,defense_40_opponent_60,51,2026-08-22T07:46:47.668866+00:00,2026-08-22T13:21:33.137283+00:00,v1_dst_recent_form
2026,1,2026_01_MIA_LV,2026-09-13,LV,MIA,5.68,11,defense_40_opponent_60,5.92,14,defense_40_opponent_60,51,2026-08-22T07:46:47.668866+00:00,2026-08-22T13:21:33.137283+00:00,v1_dst_recent_form
2026,1,2026_01_TB_CIN,2026-09-13,CIN,TB,5.56,12,defense_40_opponent_60,6.68,13,defense_40_opponent_60,51,2026-08-22T07:46:47.668866+00:00,2026-08-22T13:21:33.137283+00:00,v1_dst_recent_form
2026,1,2026_01_TB_CIN,2026-09-13,TB,CIN,5.52,13,defense_40_opponent_60,7.64,9,defense_40_opponent_60,51,2026-08-22T07:46:47.668866+00:00,2026-08-22T13:21:33.137283+00:00,v1_dst_recent_form
2026,1,2026_01_CHI_CAR,2026-09-13,CHI,CAR,5.36,14,defense_40_opponent_60,5.88,15,defense_40_opponent_60,51,2026-08-22T07:46:47.668866+00:00,2026-08-22T13:21:33.137283+00:00,v1_dst_recent_form
2026,1,2026_01_DAL_NYG,2026-09-13,NYG,DAL,4.84,15,defense_40_opponent_60,6.72,12,defense_40_opponent_60,51,2026-08-22T07:46:47.668866+00:00,2026-08-22T13:21:33.137283+00:00,v1_dst_recent_form
2026,1,2026_01_NE_SEA,2026-09-09,NE,SEA,4.48,16,defense_40_opponent_60,5.16,20,defense_40_opponent_60,51,2026-08-22T07:46:47.668866+00:00,2026-08-22T13:21:33.137283+00:00,v1_dst_recent_form
2026,1,2026_01_WAS_PHI,2026-09-13,WAS,PHI,4.08,17,defense_40_opponent_60,5.2,19,defense_40_opponent_60,51,2026-08-22T07:46:47.668866+00:00,2026-08-22T13:21:33.137283+00:00,v1_dst_recent_form
2026,1,2026_01_BUF_HOU,2026-09-13,HOU,BUF,3.84,18,defense_40_opponent_60,5.56,17,defense_40_opponent_60,51,2026-08-22T07:46:47.668866+00:00,2026-08-22T13:21:33.137283+00:00,v1_dst_recent_form
2026,1,2026_01_ARI_LAC,2026-09-13,ARI,LAC,3.76,19,defense_40_opponent_60,5.6,16,defense_40_opponent_60,51,2026-08-22T07:46:47.668866+00:00,2026-08-22T13:21:33.137283+00:00,v1_dst_recent_form
2026,1,2026_01_DAL_NYG,2026-09-13,DAL,NYG,3.76,20,defense_40_opponent_60,4.92,22,defense_40_opponent_60,51,2026-08-22T07:46:47.668866+00:00,2026-08-22T13:21:33.137283+00:00,v1_dst_recent_form
2026,1,2026_01_GB_MIN,2026-09-13,GB,MIN,3.76,21,defense_40_opponent_60,4.2,26,defense_40_opponent_60,51,2026-08-22T07:46:47.668866+00:00,2026-08-22T13:21:33.137283+00:00,v1_dst_recent_form
2026,1,2026_01_DEN_KC,2026-09-14,KC,DEN,3.44,22,defense_40_opponent_60,4.64,24,defense_40_opponent_60,51,2026-08-22T07:46:47.668866+00:00,2026-08-22T13:21:33.137283+00:00,v1_dst_recent_form
2026,1,2026_01_NO_DET,2026-09-13,DET,NO,3.28,23,defense_40_opponent_60,5.4,18,defense_40_opponent_60,51,2026-08-22T07:46:47.668866+00:00,2026-08-22T13:21:33.137283+00:00,v1_dst_recent_form
2026,1,2026_01_ATL_PIT,2026-09-13,ATL,PIT,3.24,24,defense_40_opponent_60,5.12,21,defense_40_opponent_60,51,2026-08-22T07:46:47.668866+00:00,2026-08-22T13:21:33.137283+00:00,v1_dst_recent_form
2026,1,2026_01_BUF_HOU,2026-09-13,BUF,HOU,3.08,25,defense_40_opponent_60,3.52,29,defense_40_opponent_60,51,2026-08-22T07:46:47.668866+00:00,2026-08-22T13:21:33.137283+00:00,v1_dst_recent_form
2026,1,2026_01_SF_LA,2026-09-10,LA,SF,2.96,26,defense_40_opponent_60,4.52,25,defense_40_opponent_60,51,2026-08-22T07:46:47.668866+00:00,2026-08-22T13:21:33.137283+00:00,v1_dst_recent_form
2026,1,2026_01_CHI_CAR,2026-09-13,CAR,CHI,2.68,27,defense_40_opponent_60,4.0,27,defense_40_opponent_60,51,2026-08-22T07:46:47.668866+00:00,2026-08-22T13:21:33.137283+00:00,v1_dst_recent_form
2026,1,2026_01_NE_SEA,2026-09-09,SEA,NE,2.6,28,defense_40_opponent_60,4.72,23,defense_40_opponent_60,51,2026-08-22T07:46:47.668866+00:00,2026-08-22T13:21:33.137283+00:00,v1_dst_recent_form
2026,1,2026_01_NYJ_TEN,2026-09-13,NYJ,TEN,2.08,29,defense_40_opponent_60,3.56,28,defense_40_opponent_60,51,2026-08-22T07:46:47.668866+00:00,2026-08-22T13:21:33.137283+00:00,v1_dst_recent_form
2026,1,2026_01_CLE_JAX,2026-09-13,CLE,JAX,2.0,30,defense_40_opponent_60,3.36,31,defense_40_opponent_60,51,2026-08-22T07:46:47.668866+00:00,2026-08-22T13:21:33.137283+00:00,v1_dst_recent_form
2026,1,2026_01_BAL_IND,2026-09-13,IND,BAL,0.96,31,defense_40_opponent_60,2.48,32,defense_40_opponent_60,51,2026-08-22T07:46:47.668866+00:00,2026-08-22T13:21:33.137283+00:00,v1_dst_recent_form
2026,1,2026_01_SF_LA,2026-09-10,SF,LA,0.36,32,defense_40_opponent_60,3.44,30,defense_40_opponent_60,51,2026-08-22T07:46:47.668866+00:00,2026-08-22T13:21:33.137283+00:00,v1_dst_recent_form
