season,week,game_id,gameday,weekday,gametime,away_team,home_team,stadium_id,stadium,roof,surface,spread_line,total_line,temp,wind,venue_label,latitude,longitude,timezone,location_source
2026,1,2026_01_NE_SEA,2026-09-09,Wednesday,20:20,NE,SEA,SEA00,Lumen Field,outdoors,fieldturf,3.5,44.5,,,Seattle,47.5953459,-122.331644311961,America/Los_Angeles,nflverse_stadium_mapping
2026,1,2026_01_SF_LA,2026-09-10,Thursday,20:35,SF,LA,LAX01,Melbourne Cricket Ground,dome,matrixturf,3.5,48.5,,,Melbourne,-37.8199,144.9834,Australia/Melbourne,international_venue_override
2026,1,2026_01_ATL_PIT,2026-09-13,Sunday,13:00,ATL,PIT,PIT00,Acrisure Stadium,outdoors,grass,3.0,42.5,,,Pittsburgh,40.44671645,-80.0157549334943,America/New_York,nflverse_stadium_mapping
2026,1,2026_01_BAL_IND,2026-09-13,Sunday,13:00,BAL,IND,IND00,Lucas Oil Stadium,unknown,fieldturf,-3.5,48.5,,,Indianapolis,39.760085,-86.1637037946731,America/Indiana/Indianapolis,nflverse_stadium_mapping
2026,1,2026_01_BUF_HOU,2026-09-13,Sunday,13:00,BUF,HOU,HOU00,Reliant Stadium,unknown,astroturf,-1.5,44.5,,,Houston,29.6848581,-95.4108014532699,America/Chicago,nflverse_stadium_mapping
2026,1,2026_01_CHI_CAR,2026-09-13,Sunday,13:00,CHI,CAR,CAR00,Bank of America Stadium,outdoors,grass,-2.5,47.5,,,Charlotte,35.225737,-80.8536869740441,America/New_York,nflverse_stadium_mapping
2026,1,2026_01_CLE_JAX,2026-09-13,Sunday,13:00,CLE,JAX,JAX00,EverBank Stadium,outdoors,grass,7.5,40.5,,,Jacksonville,30.32398105,-81.6373045703404,America/New_York,nflverse_stadium_mapping
2026,1,2026_01_NO_DET,2026-09-13,Sunday,13:00,NO,DET,DET00,Ford Field,dome,fieldturf,7.0,48.5,,,Detroit,42.33995675,-83.045616574037,America/Detroit,nflverse_stadium_mapping
2026,1,2026_01_NYJ_TEN,2026-09-13,Sunday,13:00,NYJ,TEN,NAS00,Nissan Stadium,outdoors,grass,3.0,38.5,,,Nashville,36.16649655,-86.7712644420847,America/Chicago,nflverse_stadium_mapping
2026,1,2026_01_TB_CIN,2026-09-13,Sunday,13:00,TB,CIN,CIN00,Paycor Stadium,outdoors,fieldturf,3.5,51.5,,,Cincinnati,39.0954645,-84.5160488350198,America/New_York,nflverse_stadium_mapping
2026,1,2026_01_ARI_LAC,2026-09-13,Sunday,16:25,ARI,LAC,LAX01,SoFi Stadium,dome,matrixturf,10.5,46.5,,,Inglewood,33.95354625,-118.338793383194,America/Los_Angeles,nflverse_stadium_mapping
2026,1,2026_01_GB_MIN,2026-09-13,Sunday,16:25,GB,MIN,MIN01,U.S. Bank Stadium,dome,sportturf,1.5,45.5,,,Minneapolis,44.9749861,-93.2598737,America/Chicago,nflverse_stadium_mapping
2026,1,2026_01_MIA_LV,2026-09-13,Sunday,16:25,MIA,LV,VEG00,Allegiant Stadium,dome,grass,3.5,40.5,,,Las Vegas,36.09083455,-115.182477977026,America/Los_Angeles,nflverse_stadium_mapping
2026,1,2026_01_WAS_PHI,2026-09-13,Sunday,16:25,WAS,PHI,PHI00,Lincoln Financial Field,outdoors,grass,4.5,47.5,,,Philadelphia,39.9009099,-75.167489156059,America/New_York,nflverse_stadium_mapping
2026,1,2026_01_DAL_NYG,2026-09-13,Sunday,20:20,DAL,NYG,NYC01,MetLife Stadium,outdoors,fieldturf,-2.5,48.5,,,East Rutherford,40.81352375,-74.0734007489118,America/New_York,nflverse_stadium_mapping
2026,1,2026_01_DEN_KC,2026-09-14,Monday,20:15,DEN,KC,KAN00,GEHA Field at Arrowhead Stadium,outdoors,grass,3.0,42.5,,,Kansas City,39.04894045,-94.4849938110271,America/Chicago,nflverse_stadium_mapping
2026,2,2026_02_DET_BUF,2026-09-17,Thursday,20:15,DET,BUF,BUF00,Highmark Stadium,outdoors,a_turf,3.0,52.5,,,Orchard Park,42.7737131,-78.7869032106025,America/New_York,nflverse_stadium_mapping
2026,2,2026_02_CAR_ATL,2026-09-20,Sunday,13:00,CAR,ATL,ATL97,Mercedes-Benz Stadium,unknown,fieldturf,1.5,43.5,,,Atlanta,33.75539625,-84.4008156749447,America/New_York,nflverse_stadium_mapping
2026,2,2026_02_CIN_HOU,2026-09-20,Sunday,13:00,CIN,HOU,HOU00,Reliant Stadium,unknown,astroturf,2.5,46.5,,,Houston,29.6848581,-95.4108014532699,America/Chicago,nflverse_stadium_mapping
2026,2,2026_02_CLE_TB,2026-09-20,Sunday,13:00,CLE,TB,TAM00,Raymond James Stadium,outdoors,grass,5.5,42.5,,,Tampa,27.97597925,-82.5042179967362,America/New_York,nflverse_stadium_mapping
2026,2,2026_02_GB_NYJ,2026-09-20,Sunday,13:00,GB,NYJ,NYC01,MetLife Stadium,outdoors,fieldturf,-5.5,42.5,,,East Rutherford,40.81352375,-74.0734007489118,America/New_York,nflverse_stadium_mapping
2026,2,2026_02_MIN_CHI,2026-09-20,Sunday,13:00,MIN,CHI,CHI98,Soldier Field,outdoors,grass,3.5,45.5,,,Chicago,41.86245145,-87.6167151470407,America/Chicago,nflverse_stadium_mapping
2026,2,2026_02_NO_BAL,2026-09-20,Sunday,13:00,NO,BAL,BAL00,M&T Bank Stadium,outdoors,grass,7.5,46.5,,,Baltimore,39.2779664,-76.6238093083547,America/New_York,nflverse_stadium_mapping
2026,2,2026_02_PHI_TEN,2026-09-20,Sunday,13:00,PHI,TEN,NAS00,Nissan Stadium,outdoors,grass,-4.5,42.5,,,Nashville,36.16649655,-86.7712644420847,America/Chicago,nflverse_stadium_mapping
2026,2,2026_02_PIT_NE,2026-09-20,Sunday,13:00,PIT,NE,BOS00,Gillette Stadium,outdoors,fieldturf,4.5,43.5,,,Foxborough,42.0912526,-71.2644646105907,America/New_York,nflverse_stadium_mapping
2026,2,2026_02_JAX_DEN,2026-09-20,Sunday,16:05,JAX,DEN,DEN00,Empower Field at Mile High,outdoors,grass,2.5,43.5,,,Denver,39.743952,-105.019222812368,America/Denver,nflverse_stadium_mapping
2026,2,2026_02_LV_LAC,2026-09-20,Sunday,16:05,LV,LAC,LAX01,SoFi Stadium,dome,matrixturf,8.5,42.5,,,Inglewood,33.95354625,-118.338793383194,America/Los_Angeles,nflverse_stadium_mapping
2026,2,2026_02_MIA_SF,2026-09-20,Sunday,16:25,MIA,SF,SFO01,Levi's Stadium,outdoors,grass,10.5,46.5,,,Santa Clara,37.40303995,-121.969681705055,America/Los_Angeles,nflverse_stadium_mapping
2026,2,2026_02_SEA_ARI,2026-09-20,Sunday,16:25,SEA,ARI,PHO00,State Farm Stadium,unknown,grass,-10.0,44.5,,,Glendale,33.52770765,-112.262564902643,America/Phoenix,nflverse_stadium_mapping
2026,2,2026_02_WAS_DAL,2026-09-20,Sunday,16:25,WAS,DAL,DAL00,AT&T Stadium,unknown,matrixturf,4.5,51.5,,,Arlington,32.74785025,-97.0928337073774,America/Chicago,nflverse_stadium_mapping
2026,2,2026_02_IND_KC,2026-09-20,Sunday,20:20,IND,KC,KAN00,GEHA Field at Arrowhead Stadium,outdoors,grass,6.5,47.5,,,Kansas City,39.04894045,-94.4849938110271,America/Chicago,nflverse_stadium_mapping
2026,2,2026_02_NYG_LA,2026-09-21,Monday,20:15,NYG,LA,LAX01,SoFi Stadium,dome,matrixturf,8.5,48.5,,,Inglewood,33.95354625,-118.338793383194,America/Los_Angeles,nflverse_stadium_mapping
2026,3,2026_03_ATL_GB,2026-09-24,Thursday,20:15,ATL,GB,GNB00,Lambeau Field,outdoors,grass,7.5,46.5,,,Green Bay,44.50095825,-88.0610340437601,America/Chicago,nflverse_stadium_mapping
2026,3,2026_03_CAR_CLE,2026-09-27,Sunday,13:00,CAR,CLE,CLE00,Huntington Bank Field,outdoors,grass,-1.5,39.5,,,Cleveland,41.5060559,-81.6997118452595,America/New_York,nflverse_stadium_mapping
2026,3,2026_03_CIN_PIT,2026-09-27,Sunday,13:00,CIN,PIT,PIT00,Acrisure Stadium,outdoors,grass,-1.5,46.5,,,Pittsburgh,40.44671645,-80.0157549334943,America/New_York,nflverse_stadium_mapping
2026,3,2026_03_HOU_IND,2026-09-27,Sunday,13:00,HOU,IND,IND00,Lucas Oil Stadium,unknown,fieldturf,-1.5,45.5,,,Indianapolis,39.760085,-86.1637037946731,America/Indiana/Indianapolis,nflverse_stadium_mapping
2026,3,2026_03_KC_MIA,2026-09-27,Sunday,13:00,KC,MIA,MIA00,Hard Rock Stadium,outdoors,grass,-7.5,44.5,,,Miami Gardens,25.95790315,-80.2388497396752,America/New_York,nflverse_stadium_mapping
2026,3,2026_03_LAC_BUF,2026-09-27,Sunday,13:00,LAC,BUF,BUF00,Highmark Stadium,outdoors,a_turf,3.0,48.5,,,Orchard Park,42.7737131,-78.7869032106025,America/New_York,nflverse_stadium_mapping
2026,3,2026_03_NE_JAX,2026-09-27,Sunday,13:00,NE,JAX,JAX00,EverBank Stadium,outdoors,grass,1.5,45.5,,,Jacksonville,30.32398105,-81.6373045703404,America/New_York,nflverse_stadium_mapping
2026,3,2026_03_NYJ_DET,2026-09-27,Sunday,13:00,NYJ,DET,DET00,Ford Field,dome,fieldturf,9.5,45.5,,,Detroit,42.33995675,-83.045616574037,America/Detroit,nflverse_stadium_mapping
2026,3,2026_03_SEA_WAS,2026-09-27,Sunday,13:00,SEA,WAS,WAS00,Northwest Stadium,outdoors,grass,-3.5,46.5,,,Landover,38.9077002,-76.8633260869022,America/New_York,nflverse_stadium_mapping
2026,3,2026_03_TEN_NYG,2026-09-27,Sunday,13:00,TEN,NYG,NYC01,MetLife Stadium,outdoors,fieldturf,3.0,44.5,,,East Rutherford,40.81352375,-74.0734007489118,America/New_York,nflverse_stadium_mapping
2026,3,2026_03_ARI_SF,2026-09-27,Sunday,16:05,ARI,SF,SFO01,Levi's Stadium,outdoors,grass,11.5,46.5,,,Santa Clara,37.40303995,-121.969681705055,America/Los_Angeles,nflverse_stadium_mapping
2026,3,2026_03_MIN_TB,2026-09-27,Sunday,16:05,MIN,TB,TAM00,Raymond James Stadium,outdoors,grass,1.5,44.5,,,Tampa,27.97597925,-82.5042179967362,America/New_York,nflverse_stadium_mapping
2026,3,2026_03_BAL_DAL,2026-09-27,Sunday,16:25,BAL,DAL,DAL00,Maracana Stadium,unknown,matrixturf,-2.5,51.5,,,Rio de Janeiro,-22.9121,-43.2302,America/Sao_Paulo,international_venue_override
2026,3,2026_03_LV_NO,2026-09-27,Sunday,16:25,LV,NO,NOR00,Caesars Superdome,dome,sportturf,3.5,42.5,,,New Orleans,29.9510489,-90.082307625389,America/Chicago,nflverse_stadium_mapping
2026,3,2026_03_LA_DEN,2026-09-27,Sunday,20:20,LA,DEN,DEN00,Empower Field at Mile High,outdoors,grass,-3.0,45.5,,,Denver,39.743952,-105.019222812368,America/Denver,nflverse_stadium_mapping
2026,3,2026_03_PHI_CHI,2026-09-28,Monday,20:15,PHI,CHI,CHI98,Soldier Field,outdoors,grass,1.5,46.5,,,Chicago,41.86245145,-87.6167151470407,America/Chicago,nflverse_stadium_mapping
2026,4,2026_04_PIT_CLE,2026-10-01,Thursday,20:15,PIT,CLE,CLE00,Huntington Bank Field,outdoors,grass,-2.5,40.5,,,Cleveland,41.5060559,-81.6997118452595,America/New_York,nflverse_stadium_mapping
2026,4,2026_04_IND_WAS,2026-10-04,Sunday,09:30,IND,WAS,WAS00,Tottenham Hotspur Stadium,outdoors,grass,1.5,50.5,,,London,51.6043,-0.0664,Europe/London,international_venue_override
2026,4,2026_04_ARI_NYG,2026-10-04,Sunday,13:00,ARI,NYG,NYC01,MetLife Stadium,outdoors,fieldturf,7.0,45.5,,,East Rutherford,40.81352375,-74.0734007489118,America/New_York,nflverse_stadium_mapping
2026,4,2026_04_DAL_HOU,2026-10-04,Sunday,13:00,DAL,HOU,HOU00,Reliant Stadium,unknown,astroturf,2.5,47.5,,,Houston,29.6848581,-95.4108014532699,America/Chicago,nflverse_stadium_mapping
2026,4,2026_04_GB_TB,2026-10-04,Sunday,13:00,GB,TB,TAM00,Raymond James Stadium,outdoors,grass,-1.5,47.5,,,Tampa,27.97597925,-82.5042179967362,America/New_York,nflverse_stadium_mapping
2026,4,2026_04_JAX_CIN,2026-10-04,Sunday,13:00,JAX,CIN,CIN00,Paycor Stadium,outdoors,fieldturf,2.5,51.5,,,Cincinnati,39.0954645,-84.5160488350198,America/New_York,nflverse_stadium_mapping
2026,4,2026_04_LA_PHI,2026-10-04,Sunday,13:00,LA,PHI,PHI00,Lincoln Financial Field,outdoors,grass,-1.5,47.5,,,Philadelphia,39.9009099,-75.167489156059,America/New_York,nflverse_stadium_mapping
2026,4,2026_04_NE_BUF,2026-10-04,Sunday,13:00,NE,BUF,BUF00,Highmark Stadium,outdoors,a_turf,3.0,49.5,,,Orchard Park,42.7737131,-78.7869032106025,America/New_York,nflverse_stadium_mapping
2026,4,2026_04_NYJ_CHI,2026-10-04,Sunday,13:00,NYJ,CHI,CHI98,Soldier Field,outdoors,grass,8.5,45.5,,,Chicago,41.86245145,-87.6167151470407,America/Chicago,nflverse_stadium_mapping
2026,4,2026_04_TEN_BAL,2026-10-04,Sunday,13:00,TEN,BAL,BAL00,M&T Bank Stadium,outdoors,grass,8.5,47.5,,,Baltimore,39.2779664,-76.6238093083547,America/New_York,nflverse_stadium_mapping
2026,4,2026_04_MIA_MIN,2026-10-04,Sunday,16:05,MIA,MIN,MIN01,U.S. Bank Stadium,dome,sportturf,7.5,43.5,,,Minneapolis,44.9749861,-93.2598737,America/Chicago,nflverse_stadium_mapping
2026,4,2026_04_DEN_SF,2026-10-04,Sunday,16:25,DEN,SF,SFO01,Levi's Stadium,outdoors,grass,2.5,46.5,,,Santa Clara,37.40303995,-121.969681705055,America/Los_Angeles,nflverse_stadium_mapping
2026,4,2026_04_KC_LV,2026-10-04,Sunday,16:25,KC,LV,VEG00,Allegiant Stadium,dome,grass,-5.5,43.5,,,Las Vegas,36.09083455,-115.182477977026,America/Los_Angeles,nflverse_stadium_mapping
2026,4,2026_04_LAC_SEA,2026-10-04,Sunday,16:25,LAC,SEA,SEA00,Lumen Field,outdoors,fieldturf,3.0,45.5,,,Seattle,47.5953459,-122.331644311961,America/Los_Angeles,nflverse_stadium_mapping
2026,4,2026_04_DET_CAR,2026-10-04,Sunday,20:20,DET,CAR,CAR00,Bank of America Stadium,outdoors,grass,-3.0,47.5,,,Charlotte,35.225737,-80.8536869740441,America/New_York,nflverse_stadium_mapping
2026,4,2026_04_ATL_NO,2026-10-05,Monday,20:15,ATL,NO,NOR00,Caesars Superdome,dome,sportturf,2.5,45.5,,,New Orleans,29.9510489,-90.082307625389,America/Chicago,nflverse_stadium_mapping
2026,5,2026_05_TB_DAL,2026-10-08,Thursday,20:15,TB,DAL,DAL00,AT&T Stadium,unknown,matrixturf,3.5,52.5,,,Arlington,32.74785025,-97.0928337073774,America/Chicago,nflverse_stadium_mapping
2026,5,2026_05_PHI_JAX,2026-10-11,Sunday,09:30,PHI,JAX,JAX00,Tottenham Hotspur Stadium,outdoors,grass,-1.5,45.5,,,London,51.6043,-0.0664,Europe/London,international_venue_override
2026,5,2026_05_CIN_MIA,2026-10-11,Sunday,13:00,CIN,MIA,MIA00,Hard Rock Stadium,outdoors,grass,-6.0,49.5,,,Miami Gardens,25.95790315,-80.2388497396752,America/New_York,nflverse_stadium_mapping
2026,5,2026_05_CLE_NYJ,2026-10-11,Sunday,13:00,CLE,NYJ,NYC01,MetLife Stadium,outdoors,fieldturf,1.5,39.5,,,East Rutherford,40.81352375,-74.0734007489118,America/New_York,nflverse_stadium_mapping
2026,5,2026_05_HOU_TEN,2026-10-11,Sunday,13:00,HOU,TEN,NAS00,Nissan Stadium,outdoors,grass,-3.5,43.5,,,Nashville,36.16649655,-86.7712644420847,America/Chicago,nflverse_stadium_mapping
2026,5,2026_05_IND_PIT,2026-10-11,Sunday,13:00,IND,PIT,PIT00,Acrisure Stadium,outdoors,grass,2.5,47.5,,,Pittsburgh,40.44671645,-80.0157549334943,America/New_York,nflverse_stadium_mapping
2026,5,2026_05_LV_NE,2026-10-11,Sunday,13:00,LV,NE,BOS00,Gillette Stadium,outdoors,fieldturf,8.5,44.5,,,Foxborough,42.0912526,-71.2644646105907,America/New_York,nflverse_stadium_mapping
2026,5,2026_05_MIN_NO,2026-10-11,Sunday,13:00,MIN,NO,NOR00,Caesars Superdome,dome,sportturf,-1.5,44.5,,,New Orleans,29.9510489,-90.082307625389,America/Chicago,nflverse_stadium_mapping
2026,5,2026_05_NYG_WAS,2026-10-11,Sunday,13:00,NYG,WAS,WAS00,Northwest Stadium,outdoors,grass,2.5,48.5,,,Landover,38.9077002,-76.8633260869022,America/New_York,nflverse_stadium_mapping
2026,5,2026_05_DEN_LAC,2026-10-11,Sunday,16:05,DEN,LAC,LAX01,SoFi Stadium,dome,matrixturf,2.5,44.5,,,Inglewood,33.95354625,-118.338793383194,America/Los_Angeles,nflverse_stadium_mapping
2026,5,2026_05_CHI_GB,2026-10-11,Sunday,16:25,CHI,GB,GNB00,Lambeau Field,outdoors,grass,3.0,49.5,,,Green Bay,44.50095825,-88.0610340437601,America/Chicago,nflverse_stadium_mapping
2026,5,2026_05_DET_ARI,2026-10-11,Sunday,16:25,DET,ARI,PHO00,State Farm Stadium,unknown,grass,-8.5,48.5,,,Glendale,33.52770765,-112.262564902643,America/Phoenix,nflverse_stadium_mapping
2026,5,2026_05_SF_SEA,2026-10-11,Sunday,16:25,SF,SEA,SEA00,Lumen Field,outdoors,fieldturf,3.5,48.5,,,Seattle,47.5953459,-122.331644311961,America/Los_Angeles,nflverse_stadium_mapping
2026,5,2026_05_BAL_ATL,2026-10-11,Sunday,20:20,BAL,ATL,ATL97,Mercedes-Benz Stadium,unknown,fieldturf,-4.5,48.5,,,Atlanta,33.75539625,-84.4008156749447,America/New_York,nflverse_stadium_mapping
2026,5,2026_05_BUF_LA,2026-10-12,Monday,20:15,BUF,LA,LAX01,SoFi Stadium,dome,matrixturf,3.0,53.5,,,Inglewood,33.95354625,-118.338793383194,America/Los_Angeles,nflverse_stadium_mapping
2026,6,2026_06_SEA_DEN,2026-10-15,Thursday,20:15,SEA,DEN,DEN00,Empower Field at Mile High,outdoors,grass,-2.5,43.5,,,Denver,39.743952,-105.019222812368,America/Denver,nflverse_stadium_mapping
2026,6,2026_06_HOU_JAX,2026-10-18,Sunday,09:30,HOU,JAX,JAX00,Wembley Stadium,outdoors,grass,1.5,42.5,,,London,51.556,-0.2796,Europe/London,international_venue_override
2026,6,2026_06_BAL_CLE,2026-10-18,Sunday,13:00,BAL,CLE,CLE00,Huntington Bank Field,outdoors,grass,-6.5,44.5,,,Cleveland,41.5060559,-81.6997118452595,America/New_York,nflverse_stadium_mapping
2026,6,2026_06_CAR_PHI,2026-10-18,Sunday,13:00,CAR,PHI,PHI00,Lincoln Financial Field,outdoors,grass,6.5,43.5,,,Philadelphia,39.9009099,-75.167489156059,America/New_York,nflverse_stadium_mapping
2026,6,2026_06_CHI_ATL,2026-10-18,Sunday,13:00,CHI,ATL,ATL97,Mercedes-Benz Stadium,unknown,fieldturf,-3.0,47.5,,,Atlanta,33.75539625,-84.4008156749447,America/New_York,nflverse_stadium_mapping
2026,6,2026_06_NO_NYG,2026-10-18,Sunday,13:00,NO,NYG,NYC01,MetLife Stadium,outdoors,fieldturf,2.5,44.5,,,East Rutherford,40.81352375,-74.0734007489118,America/New_York,nflverse_stadium_mapping
2026,6,2026_06_NYJ_NE,2026-10-18,Sunday,13:00,NYJ,NE,BOS00,Gillette Stadium,outdoors,fieldturf,9.5,42.5,,,Foxborough,42.0912526,-71.2644646105907,America/New_York,nflverse_stadium_mapping
2026,6,2026_06_PIT_TB,2026-10-18,Sunday,13:00,PIT,TB,TAM00,Raymond James Stadium,outdoors,grass,1.5,45.5,,,Tampa,27.97597925,-82.5042179967362,America/New_York,nflverse_stadium_mapping
2026,6,2026_06_TEN_IND,2026-10-18,Sunday,13:00,TEN,IND,IND00,Lucas Oil Stadium,unknown,fieldturf,3.5,47.5,,,Indianapolis,39.760085,-86.1637037946731,America/Indiana/Indianapolis,nflverse_stadium_mapping
2026,6,2026_06_ARI_LA,2026-10-18,Sunday,16:05,ARI,LA,LAX01,SoFi Stadium,dome,matrixturf,13.5,47.5,,,Inglewood,33.95354625,-118.338793383194,America/Los_Angeles,nflverse_stadium_mapping
2026,6,2026_06_BUF_LV,2026-10-18,Sunday,16:25,BUF,LV,VEG00,Allegiant Stadium,dome,grass,-6.5,47.5,,,Las Vegas,36.09083455,-115.182477977026,America/Los_Angeles,nflverse_stadium_mapping
2026,6,2026_06_LAC_KC,2026-10-18,Sunday,16:25,LAC,KC,KAN00,GEHA Field at Arrowhead Stadium,outdoors,grass,2.5,46.5,,,Kansas City,39.04894045,-94.4849938110271,America/Chicago,nflverse_stadium_mapping
2026,6,2026_06_DAL_GB,2026-10-18,Sunday,20:20,DAL,GB,GNB00,Lambeau Field,outdoors,grass,3.0,51.5,,,Green Bay,44.50095825,-88.0610340437601,America/Chicago,nflverse_stadium_mapping
2026,6,2026_06_WAS_SF,2026-10-19,Monday,20:15,WAS,SF,SFO01,Levi's Stadium,outdoors,grass,5.5,50.5,,,Santa Clara,37.40303995,-121.969681705055,America/Los_Angeles,nflverse_stadium_mapping
2026,7,2026_07_NE_CHI,2026-10-22,Thursday,20:15,NE,CHI,CHI98,Soldier Field,outdoors,grass,1.5,47.5,,,Chicago,41.86245145,-87.6167151470407,America/Chicago,nflverse_stadium_mapping
2026,7,2026_07_PIT_NO,2026-10-25,Sunday,09:30,PIT,NO,NOR00,Stade de France,dome,sportturf,-2.5,42.5,,,Paris,48.9245,2.3602,Europe/Paris,international_venue_override
2026,7,2026_07_CIN_BAL,2026-10-25,Sunday,13:00,CIN,BAL,BAL00,M&T Bank Stadium,outdoors,grass,3.5,51.5,,,Baltimore,39.2779664,-76.6238093083547,America/New_York,nflverse_stadium_mapping
2026,7,2026_07_CLE_TEN,2026-10-25,Sunday,13:00,CLE,TEN,NAS00,Nissan Stadium,outdoors,grass,2.5,40.5,,,Nashville,36.16649655,-86.7712644420847,America/Chicago,nflverse_stadium_mapping
2026,7,2026_07_IND_MIN,2026-10-25,Sunday,13:00,IND,MIN,MIN01,U.S. Bank Stadium,dome,sportturf,2.5,46.5,,,Minneapolis,44.9749861,-93.2598737,America/Chicago,nflverse_stadium_mapping
2026,7,2026_07_MIA_NYJ,2026-10-25,Sunday,13:00,MIA,NYJ,NYC01,MetLife Stadium,outdoors,fieldturf,,,,,East Rutherford,40.81352375,-74.0734007489118,America/New_York,nflverse_stadium_mapping
2026,7,2026_07_NYG_HOU,2026-10-25,Sunday,13:00,NYG,HOU,HOU00,Reliant Stadium,unknown,astroturf,5.5,43.5,,,Houston,29.6848581,-95.4108014532699,America/Chicago,nflverse_stadium_mapping
2026,7,2026_07_SF_ATL,2026-10-25,Sunday,13:00,SF,ATL,ATL97,Mercedes-Benz Stadium,unknown,fieldturf,-4.5,47.5,,,Atlanta,33.75539625,-84.4008156749447,America/New_York,nflverse_stadium_mapping
2026,7,2026_07_TB_CAR,2026-10-25,Sunday,13:00,TB,CAR,CAR00,Bank of America Stadium,outdoors,grass,,,,,Charlotte,35.225737,-80.8536869740441,America/New_York,nflverse_stadium_mapping
2026,7,2026_07_DEN_ARI,2026-10-25,Sunday,16:05,DEN,ARI,PHO00,State Farm Stadium,unknown,grass,,,,,Glendale,33.52770765,-112.262564902643,America/Phoenix,nflverse_stadium_mapping
2026,7,2026_07_GB_DET,2026-10-25,Sunday,16:25,GB,DET,DET00,Ford Field,dome,fieldturf,,,,,Detroit,42.33995675,-83.045616574037,America/Detroit,nflverse_stadium_mapping
2026,7,2026_07_LA_LV,2026-10-25,Sunday,16:25,LA,LV,VEG00,Allegiant Stadium,dome,grass,,,,,Las Vegas,36.09083455,-115.182477977026,America/Los_Angeles,nflverse_stadium_mapping
2026,7,2026_07_KC_SEA,2026-10-25,Sunday,20:20,KC,SEA,SEA00,Lumen Field,outdoors,fieldturf,,,,,Seattle,47.5953459,-122.331644311961,America/Los_Angeles,nflverse_stadium_mapping
2026,7,2026_07_DAL_PHI,2026-10-26,Monday,20:15,DAL,PHI,PHI00,Lincoln Financial Field,outdoors,grass,,,,,Philadelphia,39.9009099,-75.167489156059,America/New_York,nflverse_stadium_mapping
2026,8,2026_08_CAR_GB,2026-10-29,Thursday,20:15,CAR,GB,GNB00,Lambeau Field,outdoors,grass,,,,,Green Bay,44.50095825,-88.0610340437601,America/Chicago,nflverse_stadium_mapping
2026,8,2026_08_ARI_DAL,2026-11-01,Sunday,13:00,ARI,DAL,DAL00,AT&T Stadium,unknown,matrixturf,,,,,Arlington,32.74785025,-97.0928337073774,America/Chicago,nflverse_stadium_mapping
2026,8,2026_08_ATL_TB,2026-11-01,Sunday,13:00,ATL,TB,TAM00,Raymond James Stadium,outdoors,grass,,,,,Tampa,27.97597925,-82.5042179967362,America/New_York,nflverse_stadium_mapping
2026,8,2026_08_BAL_BUF,2026-11-01,Sunday,13:00,BAL,BUF,BUF00,Highmark Stadium,outdoors,a_turf,,,,,Orchard Park,42.7737131,-78.7869032106025,America/New_York,nflverse_stadium_mapping
2026,8,2026_08_CLE_PIT,2026-11-01,Sunday,13:00,CLE,PIT,PIT00,Acrisure Stadium,outdoors,grass,,,,,Pittsburgh,40.44671645,-80.0157549334943,America/New_York,nflverse_stadium_mapping
2026,8,2026_08_IND_JAX,2026-11-01,Sunday,13:00,IND,JAX,JAX00,EverBank Stadium,outdoors,grass,,,,,Jacksonville,30.32398105,-81.6373045703404,America/New_York,nflverse_stadium_mapping
2026,8,2026_08_LV_NYJ,2026-11-01,Sunday,13:00,LV,NYJ,NYC01,MetLife Stadium,outdoors,fieldturf,,,,,East Rutherford,40.81352375,-74.0734007489118,America/New_York,nflverse_stadium_mapping
2026,8,2026_08_MIN_DET,2026-11-01,Sunday,13:00,MIN,DET,DET00,Ford Field,dome,fieldturf,,,,,Detroit,42.33995675,-83.045616574037,America/Detroit,nflverse_stadium_mapping
2026,8,2026_08_TEN_CIN,2026-11-01,Sunday,13:00,TEN,CIN,CIN00,Paycor Stadium,outdoors,fieldturf,,,,,Cincinnati,39.0954645,-84.5160488350198,America/New_York,nflverse_stadium_mapping
2026,8,2026_08_LAC_LA,2026-11-01,Sunday,16:05,LAC,LA,LAX01,SoFi Stadium,dome,matrixturf,,,,,Inglewood,33.95354625,-118.338793383194,America/Los_Angeles,nflverse_stadium_mapping
2026,8,2026_08_KC_DEN,2026-11-01,Sunday,16:25,KC,DEN,DEN00,Empower Field at Mile High,outdoors,grass,,,,,Denver,39.743952,-105.019222812368,America/Denver,nflverse_stadium_mapping
2026,8,2026_08_NE_MIA,2026-11-01,Sunday,16:25,NE,MIA,MIA00,Hard Rock Stadium,outdoors,grass,,,,,Miami Gardens,25.95790315,-80.2388497396752,America/New_York,nflverse_stadium_mapping
2026,8,2026_08_PHI_WAS,2026-11-01,Sunday,20:20,PHI,WAS,WAS00,Northwest Stadium,outdoors,grass,,,,,Landover,38.9077002,-76.8633260869022,America/New_York,nflverse_stadium_mapping
2026,8,2026_08_CHI_SEA,2026-11-02,Monday,20:15,CHI,SEA,SEA00,Lumen Field,outdoors,fieldturf,,,,,Seattle,47.5953459,-122.331644311961,America/Los_Angeles,nflverse_stadium_mapping
2026,9,2026_09_JAX_BAL,2026-11-05,Thursday,20:15,JAX,BAL,BAL00,M&T Bank Stadium,outdoors,grass,,,,,Baltimore,39.2779664,-76.6238093083547,America/New_York,nflverse_stadium_mapping
2026,9,2026_09_CIN_ATL,2026-11-08,Sunday,09:30,CIN,ATL,ATL97,Bernabeu,unknown,fieldturf,-4.5,49.5,,,Madrid,40.4531,-3.6883,Europe/Madrid,international_venue_override
2026,9,2026_09_CLE_NO,2026-11-08,Sunday,13:00,CLE,NO,NOR00,Caesars Superdome,dome,sportturf,,,,,New Orleans,29.9510489,-90.082307625389,America/Chicago,nflverse_stadium_mapping
2026,9,2026_09_DAL_IND,2026-11-08,Sunday,13:00,DAL,IND,IND00,Lucas Oil Stadium,unknown,fieldturf,,,,,Indianapolis,39.760085,-86.1637037946731,America/Indiana/Indianapolis,nflverse_stadium_mapping
2026,9,2026_09_DEN_CAR,2026-11-08,Sunday,13:00,DEN,CAR,CAR00,Bank of America Stadium,outdoors,grass,,,,,Charlotte,35.225737,-80.8536869740441,America/New_York,nflverse_stadium_mapping
2026,9,2026_09_DET_MIA,2026-11-08,Sunday,13:00,DET,MIA,MIA00,Hard Rock Stadium,outdoors,grass,,,,,Miami Gardens,25.95790315,-80.2388497396752,America/New_York,nflverse_stadium_mapping
2026,9,2026_09_LA_WAS,2026-11-08,Sunday,13:00,LA,WAS,WAS00,Northwest Stadium,outdoors,grass,,,,,Landover,38.9077002,-76.8633260869022,America/New_York,nflverse_stadium_mapping
2026,9,2026_09_NYG_PHI,2026-11-08,Sunday,13:00,NYG,PHI,PHI00,Lincoln Financial Field,outdoors,grass,,,,,Philadelphia,39.9009099,-75.167489156059,America/New_York,nflverse_stadium_mapping
2026,9,2026_09_NYJ_KC,2026-11-08,Sunday,13:00,NYJ,KC,KAN00,GEHA Field at Arrowhead Stadium,outdoors,grass,,,,,Kansas City,39.04894045,-94.4849938110271,America/Chicago,nflverse_stadium_mapping
2026,9,2026_09_HOU_LAC,2026-11-08,Sunday,16:05,HOU,LAC,LAX01,SoFi Stadium,dome,matrixturf,,,,,Inglewood,33.95354625,-118.338793383194,America/Los_Angeles,nflverse_stadium_mapping
2026,9,2026_09_LV_SF,2026-11-08,Sunday,16:05,LV,SF,SFO01,Levi's Stadium,outdoors,grass,,,,,Santa Clara,37.40303995,-121.969681705055,America/Los_Angeles,nflverse_stadium_mapping
2026,9,2026_09_ARI_SEA,2026-11-08,Sunday,16:25,ARI,SEA,SEA00,Lumen Field,outdoors,fieldturf,,,,,Seattle,47.5953459,-122.331644311961,America/Los_Angeles,nflverse_stadium_mapping
2026,9,2026_09_GB_NE,2026-11-08,Sunday,16:25,GB,NE,BOS00,Gillette Stadium,outdoors,fieldturf,,,,,Foxborough,42.0912526,-71.2644646105907,America/New_York,nflverse_stadium_mapping
2026,9,2026_09_TB_CHI,2026-11-08,Sunday,20:20,TB,CHI,CHI98,Soldier Field,outdoors,grass,,,,,Chicago,41.86245145,-87.6167151470407,America/Chicago,nflverse_stadium_mapping
2026,9,2026_09_BUF_MIN,2026-11-09,Monday,20:15,BUF,MIN,MIN01,U.S. Bank Stadium,dome,sportturf,,,,,Minneapolis,44.9749861,-93.2598737,America/Chicago,nflverse_stadium_mapping
2026,10,2026_10_WAS_NYG,2026-11-12,Thursday,20:15,WAS,NYG,NYC01,MetLife Stadium,outdoors,fieldturf,,,,,East Rutherford,40.81352375,-74.0734007489118,America/New_York,nflverse_stadium_mapping
2026,10,2026_10_NE_DET,2026-11-15,Sunday,09:30,NE,DET,DET00,FC Bayern Munich Stadium,dome,fieldturf,1.5,49.5,,,Munich,48.2188,11.6247,Europe/Berlin,international_venue_override
2026,10,2026_10_BUF_NYJ,2026-11-15,Sunday,13:00,BUF,NYJ,NYC01,MetLife Stadium,outdoors,fieldturf,,,,,East Rutherford,40.81352375,-74.0734007489118,America/New_York,nflverse_stadium_mapping
2026,10,2026_10_CAR_NO,2026-11-15,Sunday,13:00,CAR,NO,NOR00,Caesars Superdome,dome,sportturf,,,,,New Orleans,29.9510489,-90.082307625389,America/Chicago,nflverse_stadium_mapping
2026,10,2026_10_HOU_CLE,2026-11-15,Sunday,13:00,HOU,CLE,CLE00,Huntington Bank Field,outdoors,grass,,,,,Cleveland,41.5060559,-81.6997118452595,America/New_York,nflverse_stadium_mapping
2026,10,2026_10_JAX_TEN,2026-11-15,Sunday,13:00,JAX,TEN,NAS00,Nissan Stadium,outdoors,grass,,,,,Nashville,36.16649655,-86.7712644420847,America/Chicago,nflverse_stadium_mapping
2026,10,2026_10_KC_ATL,2026-11-15,Sunday,13:00,KC,ATL,ATL97,Mercedes-Benz Stadium,unknown,fieldturf,,,,,Atlanta,33.75539625,-84.4008156749447,America/New_York,nflverse_stadium_mapping
2026,10,2026_10_MIA_IND,2026-11-15,Sunday,13:00,MIA,IND,IND00,Lucas Oil Stadium,unknown,fieldturf,,,,,Indianapolis,39.760085,-86.1637037946731,America/Indiana/Indianapolis,nflverse_stadium_mapping
2026,10,2026_10_MIN_GB,2026-11-15,Sunday,13:00,MIN,GB,GNB00,Lambeau Field,outdoors,grass,,,,,Green Bay,44.50095825,-88.0610340437601,America/Chicago,nflverse_stadium_mapping
2026,10,2026_10_LA_ARI,2026-11-15,Sunday,16:05,LA,ARI,PHO00,State Farm Stadium,unknown,grass,,,,,Glendale,33.52770765,-112.262564902643,America/Phoenix,nflverse_stadium_mapping
2026,10,2026_10_SEA_LV,2026-11-15,Sunday,16:05,SEA,LV,VEG00,Allegiant Stadium,dome,grass,,,,,Las Vegas,36.09083455,-115.182477977026,America/Los_Angeles,nflverse_stadium_mapping
2026,10,2026_10_SF_DAL,2026-11-15,Sunday,16:25,SF,DAL,DAL00,AT&T Stadium,unknown,matrixturf,,,,,Arlington,32.74785025,-97.0928337073774,America/Chicago,nflverse_stadium_mapping
2026,10,2026_10_PIT_CIN,2026-11-15,Sunday,20:20,PIT,CIN,CIN00,Paycor Stadium,outdoors,fieldturf,,,,,Cincinnati,39.0954645,-84.5160488350198,America/New_York,nflverse_stadium_mapping
2026,10,2026_10_LAC_BAL,2026-11-16,Monday,20:15,LAC,BAL,BAL00,M&T Bank Stadium,outdoors,grass,,,,,Baltimore,39.2779664,-76.6238093083547,America/New_York,nflverse_stadium_mapping
2026,11,2026_11_IND_HOU,2026-11-19,Thursday,20:15,IND,HOU,HOU00,Reliant Stadium,unknown,astroturf,,,,,Houston,29.6848581,-95.4108014532699,America/Chicago,nflverse_stadium_mapping
2026,11,2026_11_ARI_KC,2026-11-22,Sunday,13:00,ARI,KC,KAN00,GEHA Field at Arrowhead Stadium,outdoors,grass,,,,,Kansas City,39.04894045,-94.4849938110271,America/Chicago,nflverse_stadium_mapping
2026,11,2026_11_BAL_CAR,2026-11-22,Sunday,13:00,BAL,CAR,CAR00,Bank of America Stadium,outdoors,grass,,,,,Charlotte,35.225737,-80.8536869740441,America/New_York,nflverse_stadium_mapping
2026,11,2026_11_JAX_NYG,2026-11-22,Sunday,13:00,JAX,NYG,NYC01,MetLife Stadium,outdoors,fieldturf,,,,,East Rutherford,40.81352375,-74.0734007489118,America/New_York,nflverse_stadium_mapping
2026,11,2026_11_MIA_BUF,2026-11-22,Sunday,13:00,MIA,BUF,BUF00,Highmark Stadium,outdoors,a_turf,,,,,Orchard Park,42.7737131,-78.7869032106025,America/New_York,nflverse_stadium_mapping
2026,11,2026_11_NO_CHI,2026-11-22,Sunday,13:00,NO,CHI,CHI98,Soldier Field,outdoors,grass,,,,,Chicago,41.86245145,-87.6167151470407,America/Chicago,nflverse_stadium_mapping
2026,11,2026_11_TB_DET,2026-11-22,Sunday,13:00,TB,DET,DET00,Ford Field,dome,fieldturf,,,,,Detroit,42.33995675,-83.045616574037,America/Detroit,nflverse_stadium_mapping
2026,11,2026_11_TEN_DAL,2026-11-22,Sunday,13:00,TEN,DAL,DAL00,AT&T Stadium,unknown,matrixturf,,,,,Arlington,32.74785025,-97.0928337073774,America/Chicago,nflverse_stadium_mapping
2026,11,2026_11_NYJ_LAC,2026-11-22,Sunday,16:05,NYJ,LAC,LAX01,SoFi Stadium,dome,matrixturf,,,,,Inglewood,33.95354625,-118.338793383194,America/Los_Angeles,nflverse_stadium_mapping
2026,11,2026_11_LV_DEN,2026-11-22,Sunday,16:25,LV,DEN,DEN00,Empower Field at Mile High,outdoors,grass,,,,,Denver,39.743952,-105.019222812368,America/Denver,nflverse_stadium_mapping
2026,11,2026_11_PIT_PHI,2026-11-22,Sunday,16:25,PIT,PHI,PHI00,Lincoln Financial Field,outdoors,grass,,,,,Philadelphia,39.9009099,-75.167489156059,America/New_York,nflverse_stadium_mapping
2026,11,2026_11_MIN_SF,2026-11-22,Sunday,20:20,MIN,SF,SFO01,Estadio Banorte,outdoors,grass,4.5,47.5,,,Mexico City,19.3029,-99.1505,America/Mexico_City,international_venue_override
2026,11,2026_11_CIN_WAS,2026-11-23,Monday,20:15,CIN,WAS,WAS00,Northwest Stadium,outdoors,grass,,,,,Landover,38.9077002,-76.8633260869022,America/New_York,nflverse_stadium_mapping
2026,12,2026_12_GB_LA,2026-11-25,Wednesday,20:00,GB,LA,LAX01,SoFi Stadium,dome,matrixturf,5.5,48.5,,,Inglewood,33.95354625,-118.338793383194,America/Los_Angeles,nflverse_stadium_mapping
2026,12,2026_12_CHI_DET,2026-11-26,Thursday,13:00,CHI,DET,DET00,Ford Field,dome,fieldturf,2.5,53.5,,,Detroit,42.33995675,-83.045616574037,America/Detroit,nflverse_stadium_mapping
2026,12,2026_12_PHI_DAL,2026-11-26,Thursday,16:30,PHI,DAL,DAL00,AT&T Stadium,unknown,matrixturf,1.5,49.5,,,Arlington,32.74785025,-97.0928337073774,America/Chicago,nflverse_stadium_mapping
2026,12,2026_12_KC_BUF,2026-11-26,Thursday,20:20,KC,BUF,BUF00,Highmark Stadium,outdoors,a_turf,2.5,50.5,,,Orchard Park,42.7737131,-78.7869032106025,America/New_York,nflverse_stadium_mapping
2026,12,2026_12_DEN_PIT,2026-11-27,Friday,15:00,DEN,PIT,PIT00,Acrisure Stadium,outdoors,grass,-1.5,39.5,,,Pittsburgh,40.44671645,-80.0157549334943,America/New_York,nflverse_stadium_mapping
2026,12,2026_12_ATL_MIN,2026-11-29,Sunday,13:00,ATL,MIN,MIN01,U.S. Bank Stadium,dome,sportturf,,,,,Minneapolis,44.9749861,-93.2598737,America/Chicago,nflverse_stadium_mapping
2026,12,2026_12_BAL_HOU,2026-11-29,Sunday,13:00,BAL,HOU,HOU00,Reliant Stadium,unknown,astroturf,,,,,Houston,29.6848581,-95.4108014532699,America/Chicago,nflverse_stadium_mapping
2026,12,2026_12_LV_CLE,2026-11-29,Sunday,13:00,LV,CLE,CLE00,Huntington Bank Field,outdoors,grass,,,,,Cleveland,41.5060559,-81.6997118452595,America/New_York,nflverse_stadium_mapping
2026,12,2026_12_NO_CIN,2026-11-29,Sunday,13:00,NO,CIN,CIN00,Paycor Stadium,outdoors,fieldturf,,,,,Cincinnati,39.0954645,-84.5160488350198,America/New_York,nflverse_stadium_mapping
2026,12,2026_12_NYG_IND,2026-11-29,Sunday,13:00,NYG,IND,IND00,Lucas Oil Stadium,unknown,fieldturf,,,,,Indianapolis,39.760085,-86.1637037946731,America/Indiana/Indianapolis,nflverse_stadium_mapping
2026,12,2026_12_NYJ_MIA,2026-11-29,Sunday,13:00,NYJ,MIA,MIA00,Hard Rock Stadium,outdoors,grass,,,,,Miami Gardens,25.95790315,-80.2388497396752,America/New_York,nflverse_stadium_mapping
2026,12,2026_12_TEN_JAX,2026-11-29,Sunday,16:05,TEN,JAX,JAX00,EverBank Stadium,outdoors,grass,,,,,Jacksonville,30.32398105,-81.6373045703404,America/New_York,nflverse_stadium_mapping
2026,12,2026_12_SEA_SF,2026-11-29,Sunday,16:25,SEA,SF,SFO01,Levi's Stadium,outdoors,grass,,,,,Santa Clara,37.40303995,-121.969681705055,America/Los_Angeles,nflverse_stadium_mapping
2026,12,2026_12_WAS_ARI,2026-11-29,Sunday,16:25,WAS,ARI,PHO00,State Farm Stadium,unknown,grass,,,,,Glendale,33.52770765,-112.262564902643,America/Phoenix,nflverse_stadium_mapping
2026,12,2026_12_NE_LAC,2026-11-29,Sunday,20:20,NE,LAC,LAX01,SoFi Stadium,dome,matrixturf,,,,,Inglewood,33.95354625,-118.338793383194,America/Los_Angeles,nflverse_stadium_mapping
2026,12,2026_12_CAR_TB,2026-11-30,Monday,20:15,CAR,TB,TAM00,Raymond James Stadium,outdoors,grass,,,,,Tampa,27.97597925,-82.5042179967362,America/New_York,nflverse_stadium_mapping
2026,13,2026_13_KC_LA,2026-12-03,Thursday,20:15,KC,LA,LAX01,SoFi Stadium,dome,matrixturf,,,,,Inglewood,33.95354625,-118.338793383194,America/Los_Angeles,nflverse_stadium_mapping
2026,13,2026_13_CIN_CLE,2026-12-06,Sunday,13:00,CIN,CLE,CLE00,Huntington Bank Field,outdoors,grass,,,,,Cleveland,41.5060559,-81.6997118452595,America/New_York,nflverse_stadium_mapping
2026,13,2026_13_DET_ATL,2026-12-06,Sunday,13:00,DET,ATL,ATL97,Mercedes-Benz Stadium,unknown,fieldturf,,,,,Atlanta,33.75539625,-84.4008156749447,America/New_York,nflverse_stadium_mapping
2026,13,2026_13_GB_NO,2026-12-06,Sunday,13:00,GB,NO,NOR00,Caesars Superdome,dome,sportturf,,,,,New Orleans,29.9510489,-90.082307625389,America/Chicago,nflverse_stadium_mapping
2026,13,2026_13_JAX_CHI,2026-12-06,Sunday,13:00,JAX,CHI,CHI98,Soldier Field,outdoors,grass,,,,,Chicago,41.86245145,-87.6167151470407,America/Chicago,nflverse_stadium_mapping
2026,13,2026_13_LAC_TB,2026-12-06,Sunday,13:00,LAC,TB,TAM00,Raymond James Stadium,outdoors,grass,,,,,Tampa,27.97597925,-82.5042179967362,America/New_York,nflverse_stadium_mapping
2026,13,2026_13_SF_NYG,2026-12-06,Sunday,13:00,SF,NYG,NYC01,MetLife Stadium,outdoors,fieldturf,,,,,East Rutherford,40.81352375,-74.0734007489118,America/New_York,nflverse_stadium_mapping
2026,13,2026_13_WAS_TEN,2026-12-06,Sunday,13:00,WAS,TEN,NAS00,Nissan Stadium,outdoors,grass,,,,,Nashville,36.16649655,-86.7712644420847,America/Chicago,nflverse_stadium_mapping
2026,13,2026_13_MIA_DEN,2026-12-06,Sunday,16:05,MIA,DEN,DEN00,Empower Field at Mile High,outdoors,grass,,,,,Denver,39.743952,-105.019222812368,America/Denver,nflverse_stadium_mapping
2026,13,2026_13_PHI_ARI,2026-12-06,Sunday,16:05,PHI,ARI,PHO00,State Farm Stadium,unknown,grass,,,,,Glendale,33.52770765,-112.262564902643,America/Phoenix,nflverse_stadium_mapping
2026,13,2026_13_BUF_NE,2026-12-06,Sunday,16:25,BUF,NE,BOS00,Gillette Stadium,outdoors,fieldturf,,,,,Foxborough,42.0912526,-71.2644646105907,America/New_York,nflverse_stadium_mapping
2026,13,2026_13_CAR_MIN,2026-12-06,Sunday,16:25,CAR,MIN,MIN01,U.S. Bank Stadium,dome,sportturf,,,,,Minneapolis,44.9749861,-93.2598737,America/Chicago,nflverse_stadium_mapping
2026,13,2026_13_HOU_PIT,2026-12-06,Sunday,20:20,HOU,PIT,PIT00,Acrisure Stadium,outdoors,grass,,,,,Pittsburgh,40.44671645,-80.0157549334943,America/New_York,nflverse_stadium_mapping
2026,13,2026_13_DAL_SEA,2026-12-07,Monday,20:15,DAL,SEA,SEA00,Lumen Field,outdoors,fieldturf,,,,,Seattle,47.5953459,-122.331644311961,America/Los_Angeles,nflverse_stadium_mapping
2026,14,2026_14_MIN_NE,2026-12-10,Thursday,20:15,MIN,NE,BOS00,Gillette Stadium,outdoors,fieldturf,,,,,Foxborough,42.0912526,-71.2644646105907,America/New_York,nflverse_stadium_mapping
2026,14,2026_14_ATL_CLE,2026-12-13,Sunday,13:00,ATL,CLE,CLE00,Huntington Bank Field,outdoors,grass,,,,,Cleveland,41.5060559,-81.6997118452595,America/New_York,nflverse_stadium_mapping
2026,14,2026_14_CHI_MIA,2026-12-13,Sunday,13:00,CHI,MIA,MIA00,Hard Rock Stadium,outdoors,grass,,,,,Miami Gardens,25.95790315,-80.2388497396752,America/New_York,nflverse_stadium_mapping
2026,14,2026_14_DEN_NYJ,2026-12-13,Sunday,13:00,DEN,NYJ,NYC01,MetLife Stadium,outdoors,fieldturf,,,,,East Rutherford,40.81352375,-74.0734007489118,America/New_York,nflverse_stadium_mapping
2026,14,2026_14_HOU_WAS,2026-12-13,Sunday,13:00,HOU,WAS,WAS00,Northwest Stadium,outdoors,grass,,,,,Landover,38.9077002,-76.8633260869022,America/New_York,nflverse_stadium_mapping
2026,14,2026_14_IND_PHI,2026-12-13,Sunday,13:00,IND,PHI,PHI00,Lincoln Financial Field,outdoors,grass,,,,,Philadelphia,39.9009099,-75.167489156059,America/New_York,nflverse_stadium_mapping
2026,14,2026_14_NO_CAR,2026-12-13,Sunday,13:00,NO,CAR,CAR00,Bank of America Stadium,outdoors,grass,,,,,Charlotte,35.225737,-80.8536869740441,America/New_York,nflverse_stadium_mapping
2026,14,2026_14_TB_BAL,2026-12-13,Sunday,13:00,TB,BAL,BAL00,M&T Bank Stadium,outdoors,grass,,,,,Baltimore,39.2779664,-76.6238093083547,America/New_York,nflverse_stadium_mapping
2026,14,2026_14_TEN_DET,2026-12-13,Sunday,13:00,TEN,DET,DET00,Ford Field,dome,fieldturf,,,,,Detroit,42.33995675,-83.045616574037,America/Detroit,nflverse_stadium_mapping
2026,14,2026_14_LAC_LV,2026-12-13,Sunday,16:05,LAC,LV,VEG00,Allegiant Stadium,dome,grass,,,,,Las Vegas,36.09083455,-115.182477977026,America/Los_Angeles,nflverse_stadium_mapping
2026,14,2026_14_KC_CIN,2026-12-13,Sunday,16:25,KC,CIN,CIN00,Paycor Stadium,outdoors,fieldturf,,,,,Cincinnati,39.0954645,-84.5160488350198,America/New_York,nflverse_stadium_mapping
2026,14,2026_14_LA_SF,2026-12-13,Sunday,16:25,LA,SF,SFO01,Levi's Stadium,outdoors,grass,,,,,Santa Clara,37.40303995,-121.969681705055,America/Los_Angeles,nflverse_stadium_mapping
2026,14,2026_14_NYG_SEA,2026-12-13,Sunday,16:25,NYG,SEA,SEA00,Lumen Field,outdoors,fieldturf,,,,,Seattle,47.5953459,-122.331644311961,America/Los_Angeles,nflverse_stadium_mapping
2026,14,2026_14_BUF_GB,2026-12-13,Sunday,20:20,BUF,GB,GNB00,Lambeau Field,outdoors,grass,,,,,Green Bay,44.50095825,-88.0610340437601,America/Chicago,nflverse_stadium_mapping
2026,14,2026_14_PIT_JAX,2026-12-14,Monday,20:15,PIT,JAX,JAX00,EverBank Stadium,outdoors,grass,,,,,Jacksonville,30.32398105,-81.6373045703404,America/New_York,nflverse_stadium_mapping
2026,15,2026_15_SF_LAC,2026-12-17,Thursday,20:15,SF,LAC,LAX01,SoFi Stadium,dome,matrixturf,,,,,Inglewood,33.95354625,-118.338793383194,America/Los_Angeles,nflverse_stadium_mapping
2026,15,2026_15_SEA_PHI,2026-12-19,Saturday,17:00,SEA,PHI,PHI00,Lincoln Financial Field,outdoors,grass,,,,,Philadelphia,39.9009099,-75.167489156059,America/New_York,nflverse_stadium_mapping
2026,15,2026_15_CHI_BUF,2026-12-19,Saturday,20:20,CHI,BUF,BUF00,Highmark Stadium,outdoors,a_turf,,,,,Orchard Park,42.7737131,-78.7869032106025,America/New_York,nflverse_stadium_mapping
2026,15,2026_15_ATL_WAS,2026-12-20,Sunday,13:00,ATL,WAS,WAS00,Northwest Stadium,outdoors,grass,,,,,Landover,38.9077002,-76.8633260869022,America/New_York,nflverse_stadium_mapping
2026,15,2026_15_BAL_PIT,2026-12-20,Sunday,13:00,BAL,PIT,PIT00,Acrisure Stadium,outdoors,grass,,,,,Pittsburgh,40.44671645,-80.0157549334943,America/New_York,nflverse_stadium_mapping
2026,15,2026_15_CIN_CAR,2026-12-20,Sunday,13:00,CIN,CAR,CAR00,Bank of America Stadium,outdoors,grass,,,,,Charlotte,35.225737,-80.8536869740441,America/New_York,nflverse_stadium_mapping
2026,15,2026_15_CLE_NYG,2026-12-20,Sunday,13:00,CLE,NYG,NYC01,MetLife Stadium,outdoors,fieldturf,,,,,East Rutherford,40.81352375,-74.0734007489118,America/New_York,nflverse_stadium_mapping
2026,15,2026_15_IND_TEN,2026-12-20,Sunday,13:00,IND,TEN,NAS00,Nissan Stadium,outdoors,grass,,,,,Nashville,36.16649655,-86.7712644420847,America/Chicago,nflverse_stadium_mapping
2026,15,2026_15_JAX_HOU,2026-12-20,Sunday,13:00,JAX,HOU,HOU00,Reliant Stadium,unknown,astroturf,,,,,Houston,29.6848581,-95.4108014532699,America/Chicago,nflverse_stadium_mapping
2026,15,2026_15_MIA_GB,2026-12-20,Sunday,13:00,MIA,GB,GNB00,Lambeau Field,outdoors,grass,,,,,Green Bay,44.50095825,-88.0610340437601,America/Chicago,nflverse_stadium_mapping
2026,15,2026_15_NO_TB,2026-12-20,Sunday,13:00,NO,TB,TAM00,Raymond James Stadium,outdoors,grass,,,,,Tampa,27.97597925,-82.5042179967362,America/New_York,nflverse_stadium_mapping
2026,15,2026_15_NYJ_ARI,2026-12-20,Sunday,16:05,NYJ,ARI,PHO00,State Farm Stadium,unknown,grass,,,,,Glendale,33.52770765,-112.262564902643,America/Phoenix,nflverse_stadium_mapping
2026,15,2026_15_DAL_LA,2026-12-20,Sunday,16:25,DAL,LA,LAX01,SoFi Stadium,dome,matrixturf,,,,,Inglewood,33.95354625,-118.338793383194,America/Los_Angeles,nflverse_stadium_mapping
2026,15,2026_15_DEN_LV,2026-12-20,Sunday,16:25,DEN,LV,VEG00,Allegiant Stadium,dome,grass,,,,,Las Vegas,36.09083455,-115.182477977026,America/Los_Angeles,nflverse_stadium_mapping
2026,15,2026_15_DET_MIN,2026-12-20,Sunday,20:20,DET,MIN,MIN01,U.S. Bank Stadium,dome,sportturf,,,,,Minneapolis,44.9749861,-93.2598737,America/Chicago,nflverse_stadium_mapping
2026,15,2026_15_NE_KC,2026-12-21,Monday,20:15,NE,KC,KAN00,GEHA Field at Arrowhead Stadium,outdoors,grass,,,,,Kansas City,39.04894045,-94.4849938110271,America/Chicago,nflverse_stadium_mapping
2026,16,2026_16_HOU_PHI,2026-12-24,Thursday,20:15,HOU,PHI,PHI00,Lincoln Financial Field,outdoors,grass,2.5,38.5,,,Philadelphia,39.9009099,-75.167489156059,America/New_York,nflverse_stadium_mapping
2026,16,2026_16_GB_CHI,2026-12-25,Friday,13:00,GB,CHI,CHI98,Soldier Field,outdoors,grass,1.5,47.5,,,Chicago,41.86245145,-87.6167151470407,America/Chicago,nflverse_stadium_mapping
2026,16,2026_16_BUF_DEN,2026-12-25,Friday,16:30,BUF,DEN,DEN00,Empower Field at Mile High,outdoors,grass,-1.5,46.5,,,Denver,39.743952,-105.019222812368,America/Denver,nflverse_stadium_mapping
2026,16,2026_16_LA_SEA,2026-12-25,Friday,20:15,LA,SEA,SEA00,Lumen Field,outdoors,fieldturf,-1.5,45.5,,,Seattle,47.5953459,-122.331644311961,America/Los_Angeles,nflverse_stadium_mapping
2026,16,2026_16_ARI_NO,2026-12-27,Sunday,13:00,ARI,NO,NOR00,Caesars Superdome,dome,sportturf,,,,,New Orleans,29.9510489,-90.082307625389,America/Chicago,nflverse_stadium_mapping
2026,16,2026_16_CAR_PIT,2026-12-27,Sunday,13:00,CAR,PIT,PIT00,Acrisure Stadium,outdoors,grass,,,,,Pittsburgh,40.44671645,-80.0157549334943,America/New_York,nflverse_stadium_mapping
2026,16,2026_16_CIN_IND,2026-12-27,Sunday,13:00,CIN,IND,IND00,Lucas Oil Stadium,unknown,fieldturf,,,,,Indianapolis,39.760085,-86.1637037946731,America/Indiana/Indianapolis,nflverse_stadium_mapping
2026,16,2026_16_CLE_BAL,2026-12-27,Sunday,13:00,CLE,BAL,BAL00,M&T Bank Stadium,outdoors,grass,,,,,Baltimore,39.2779664,-76.6238093083547,America/New_York,nflverse_stadium_mapping
2026,16,2026_16_LAC_MIA,2026-12-27,Sunday,13:00,LAC,MIA,MIA00,Hard Rock Stadium,outdoors,grass,,,,,Miami Gardens,25.95790315,-80.2388497396752,America/New_York,nflverse_stadium_mapping
2026,16,2026_16_NE_NYJ,2026-12-27,Sunday,13:00,NE,NYJ,NYC01,MetLife Stadium,outdoors,fieldturf,,,,,East Rutherford,40.81352375,-74.0734007489118,America/New_York,nflverse_stadium_mapping
2026,16,2026_16_TB_ATL,2026-12-27,Sunday,13:00,TB,ATL,ATL97,Mercedes-Benz Stadium,unknown,fieldturf,,,,,Atlanta,33.75539625,-84.4008156749447,America/New_York,nflverse_stadium_mapping
2026,16,2026_16_WAS_MIN,2026-12-27,Sunday,13:00,WAS,MIN,MIN01,U.S. Bank Stadium,dome,sportturf,,,,,Minneapolis,44.9749861,-93.2598737,America/Chicago,nflverse_stadium_mapping
2026,16,2026_16_TEN_LV,2026-12-27,Sunday,16:05,TEN,LV,VEG00,Allegiant Stadium,dome,grass,,,,,Las Vegas,36.09083455,-115.182477977026,America/Los_Angeles,nflverse_stadium_mapping
2026,16,2026_16_SF_KC,2026-12-27,Sunday,16:25,SF,KC,KAN00,GEHA Field at Arrowhead Stadium,outdoors,grass,,,,,Kansas City,39.04894045,-94.4849938110271,America/Chicago,nflverse_stadium_mapping
2026,16,2026_16_JAX_DAL,2026-12-27,Sunday,20:20,JAX,DAL,DAL00,AT&T Stadium,unknown,matrixturf,,,,,Arlington,32.74785025,-97.0928337073774,America/Chicago,nflverse_stadium_mapping
2026,16,2026_16_NYG_DET,2026-12-28,Monday,20:15,NYG,DET,DET00,Ford Field,dome,fieldturf,,,,,Detroit,42.33995675,-83.045616574037,America/Detroit,nflverse_stadium_mapping
2026,17,2026_17_BAL_CIN,2026-12-31,Thursday,20:15,BAL,CIN,CIN00,Paycor Stadium,outdoors,fieldturf,,,,,Cincinnati,39.0954645,-84.5160488350198,America/New_York,nflverse_stadium_mapping
2026,17,2026_17_BUF_MIA,2027-01-03,Sunday,13:00,BUF,MIA,MIA00,Hard Rock Stadium,outdoors,grass,,,,,Miami Gardens,25.95790315,-80.2388497396752,America/New_York,nflverse_stadium_mapping
2026,17,2026_17_DEN_NE,2027-01-03,Sunday,13:00,DEN,NE,BOS00,Gillette Stadium,outdoors,fieldturf,,,,,Foxborough,42.0912526,-71.2644646105907,America/New_York,nflverse_stadium_mapping
2026,17,2026_17_IND_CLE,2027-01-03,Sunday,13:00,IND,CLE,CLE00,Huntington Bank Field,outdoors,grass,,,,,Cleveland,41.5060559,-81.6997118452595,America/New_York,nflverse_stadium_mapping
2026,17,2026_17_KC_LAC,2027-01-03,Sunday,13:00,KC,LAC,LAX01,SoFi Stadium,dome,matrixturf,,,,,Inglewood,33.95354625,-118.338793383194,America/Los_Angeles,nflverse_stadium_mapping
2026,17,2026_17_LA_TB,2027-01-03,Sunday,13:00,LA,TB,TAM00,Raymond James Stadium,outdoors,grass,,,,,Tampa,27.97597925,-82.5042179967362,America/New_York,nflverse_stadium_mapping
2026,17,2026_17_MIN_NYJ,2027-01-03,Sunday,13:00,MIN,NYJ,NYC01,MetLife Stadium,outdoors,fieldturf,,,,,East Rutherford,40.81352375,-74.0734007489118,America/New_York,nflverse_stadium_mapping
2026,17,2026_17_NO_ATL,2027-01-03,Sunday,13:00,NO,ATL,ATL97,Mercedes-Benz Stadium,unknown,fieldturf,,,,,Atlanta,33.75539625,-84.4008156749447,America/New_York,nflverse_stadium_mapping
2026,17,2026_17_NYG_DAL,2027-01-03,Sunday,13:00,NYG,DAL,DAL00,AT&T Stadium,unknown,matrixturf,,,,,Arlington,32.74785025,-97.0928337073774,America/Chicago,nflverse_stadium_mapping
2026,17,2026_17_PIT_TEN,2027-01-03,Sunday,13:00,PIT,TEN,NAS00,Nissan Stadium,outdoors,grass,,,,,Nashville,36.16649655,-86.7712644420847,America/Chicago,nflverse_stadium_mapping
2026,17,2026_17_SEA_CAR,2027-01-03,Sunday,13:00,SEA,CAR,CAR00,Bank of America Stadium,outdoors,grass,,,,,Charlotte,35.225737,-80.8536869740441,America/New_York,nflverse_stadium_mapping
2026,17,2026_17_WAS_JAX,2027-01-03,Sunday,13:00,WAS,JAX,JAX00,EverBank Stadium,outdoors,grass,,,,,Jacksonville,30.32398105,-81.6373045703404,America/New_York,nflverse_stadium_mapping
2026,17,2026_17_LV_ARI,2027-01-03,Sunday,16:05,LV,ARI,PHO00,State Farm Stadium,unknown,grass,,,,,Glendale,33.52770765,-112.262564902643,America/Phoenix,nflverse_stadium_mapping
2026,17,2026_17_DET_CHI,2027-01-03,Sunday,16:25,DET,CHI,CHI98,Soldier Field,outdoors,grass,,,,,Chicago,41.86245145,-87.6167151470407,America/Chicago,nflverse_stadium_mapping
2026,17,2026_17_PHI_SF,2027-01-03,Sunday,20:20,PHI,SF,SFO01,Levi's Stadium,outdoors,grass,,,,,Santa Clara,37.40303995,-121.969681705055,America/Los_Angeles,nflverse_stadium_mapping
2026,17,2026_17_HOU_GB,2027-01-04,Monday,20:15,HOU,GB,GNB00,Lambeau Field,outdoors,grass,,,,,Green Bay,44.50095825,-88.0610340437601,America/Chicago,nflverse_stadium_mapping
2026,18,2026_18_ATL_CAR,2027-01-10,Sunday,13:00,ATL,CAR,CAR00,Bank of America Stadium,outdoors,grass,,,,,Charlotte,35.225737,-80.8536869740441,America/New_York,nflverse_stadium_mapping
2026,18,2026_18_CHI_MIN,2027-01-10,Sunday,13:00,CHI,MIN,MIN01,U.S. Bank Stadium,dome,sportturf,,,,,Minneapolis,44.9749861,-93.2598737,America/Chicago,nflverse_stadium_mapping
2026,18,2026_18_CLE_CIN,2027-01-10,Sunday,13:00,CLE,CIN,CIN00,Paycor Stadium,outdoors,fieldturf,,,,,Cincinnati,39.0954645,-84.5160488350198,America/New_York,nflverse_stadium_mapping
2026,18,2026_18_DAL_WAS,2027-01-10,Sunday,13:00,DAL,WAS,WAS00,Northwest Stadium,outdoors,grass,,,,,Landover,38.9077002,-76.8633260869022,America/New_York,nflverse_stadium_mapping
2026,18,2026_18_DET_GB,2027-01-10,Sunday,13:00,DET,GB,GNB00,Lambeau Field,outdoors,grass,,,,,Green Bay,44.50095825,-88.0610340437601,America/Chicago,nflverse_stadium_mapping
2026,18,2026_18_JAX_IND,2027-01-10,Sunday,13:00,JAX,IND,IND00,Lucas Oil Stadium,unknown,fieldturf,,,,,Indianapolis,39.760085,-86.1637037946731,America/Indiana/Indianapolis,nflverse_stadium_mapping
2026,18,2026_18_LAC_DEN,2027-01-10,Sunday,13:00,LAC,DEN,DEN00,Empower Field at Mile High,outdoors,grass,,,,,Denver,39.743952,-105.019222812368,America/Denver,nflverse_stadium_mapping
2026,18,2026_18_LV_KC,2027-01-10,Sunday,13:00,LV,KC,KAN00,GEHA Field at Arrowhead Stadium,outdoors,grass,,,,,Kansas City,39.04894045,-94.4849938110271,America/Chicago,nflverse_stadium_mapping
2026,18,2026_18_MIA_NE,2027-01-10,Sunday,13:00,MIA,NE,BOS00,Gillette Stadium,outdoors,fieldturf,,,,,Foxborough,42.0912526,-71.2644646105907,America/New_York,nflverse_stadium_mapping
2026,18,2026_18_NYJ_BUF,2027-01-10,Sunday,13:00,NYJ,BUF,BUF00,Highmark Stadium,outdoors,a_turf,,,,,Orchard Park,42.7737131,-78.7869032106025,America/New_York,nflverse_stadium_mapping
2026,18,2026_18_PHI_NYG,2027-01-10,Sunday,13:00,PHI,NYG,NYC01,MetLife Stadium,outdoors,fieldturf,,,,,East Rutherford,40.81352375,-74.0734007489118,America/New_York,nflverse_stadium_mapping
2026,18,2026_18_PIT_BAL,2027-01-10,Sunday,13:00,PIT,BAL,BAL00,M&T Bank Stadium,outdoors,grass,,,,,Baltimore,39.2779664,-76.6238093083547,America/New_York,nflverse_stadium_mapping
2026,18,2026_18_SEA_LA,2027-01-10,Sunday,13:00,SEA,LA,LAX01,SoFi Stadium,dome,matrixturf,,,,,Inglewood,33.95354625,-118.338793383194,America/Los_Angeles,nflverse_stadium_mapping
2026,18,2026_18_SF_ARI,2027-01-10,Sunday,13:00,SF,ARI,PHO00,State Farm Stadium,unknown,grass,,,,,Glendale,33.52770765,-112.262564902643,America/Phoenix,nflverse_stadium_mapping
2026,18,2026_18_TB_NO,2027-01-10,Sunday,13:00,TB,NO,NOR00,Caesars Superdome,dome,sportturf,,,,,New Orleans,29.9510489,-90.082307625389,America/Chicago,nflverse_stadium_mapping
2026,18,2026_18_TEN_HOU,2027-01-10,Sunday,13:00,TEN,HOU,HOU00,Reliant Stadium,unknown,astroturf,,,,,Houston,29.6848581,-95.4108014532699,America/Chicago,nflverse_stadium_mapping
