season,data_split,dataset_name,source_rows,processed_rows,unavailable_key_rows,duplicate_key_groups,missing_optional_columns,stats_schedule_match_pct,stats_roster_match_pct,stats_snap_match_pct,ppr_mismatch_rows,maximum_ppr_difference,output_file
2018,training,depth_charts,36560,34376,453,0,"depth_timestamp,dt,espn_id,pos_grp_id,pos_id,pos_slot",,,,,,data/processed/historical/depth_charts/depth_charts_2018.parquet
2018,training,injuries,5133,4961,0,0,season_type,,,,,,data/processed/historical/injuries/injuries_2018.parquet
2018,training,schedules,267,256,0,0,"",,,,,,data/processed/historical/schedules/schedules_2018.parquet
2018,training,snap_counts,23877,22895,0,0,"",,,,,,data/processed/historical/snap_counts/snap_counts_2018.parquet
2018,training,weekly_player_stats,17414,5363,0,0,"",100.0,100.0,100.0,0,0.0,data/processed/historical/weekly_player_stats/weekly_player_stats_2018.parquet
2018,training,weekly_rosters,52238,50113,35,0,"",,,,,,data/processed/historical/weekly_rosters/weekly_rosters_2018.parquet
2019,training,depth_charts,36308,34042,657,0,"depth_timestamp,dt,espn_id,pos_grp_id,pos_id,pos_slot",,,,,,data/processed/historical/depth_charts/depth_charts_2019.parquet
2019,training,injuries,5392,5202,0,0,season_type,,,,,,data/processed/historical/injuries/injuries_2019.parquet
2019,training,schedules,267,256,0,0,"",,,,,,data/processed/historical/schedules/schedules_2019.parquet
2019,training,snap_counts,23862,22884,0,0,"",,,,,,data/processed/historical/snap_counts/snap_counts_2019.parquet
2019,training,weekly_player_stats,17362,5411,0,0,"",100.0,100.0,99.89,0,0.0,data/processed/historical/weekly_player_stats/weekly_player_stats_2019.parquet
2019,training,weekly_rosters,51632,49561,2,0,"",,,,,,data/processed/historical/weekly_rosters/weekly_rosters_2019.parquet
2020,training,depth_charts,36168,33620,612,0,"depth_timestamp,dt,espn_id,pos_grp_id,pos_id,pos_slot",,,,,,data/processed/historical/depth_charts/depth_charts_2020.parquet
2020,training,injuries,5661,5414,0,0,season_type,,,,,,data/processed/historical/injuries/injuries_2020.parquet
2020,training,schedules,269,256,0,0,"",,,,,,data/processed/historical/schedules/schedules_2020.parquet
2020,training,snap_counts,24999,23790,0,0,"",,,,,,data/processed/historical/snap_counts/snap_counts_2020.parquet
2020,training,weekly_player_stats,17602,5543,0,0,"",100.0,100.0,100.0,0,0.0,data/processed/historical/weekly_player_stats/weekly_player_stats_2020.parquet
2020,training,weekly_rosters,44130,41972,5,0,"",,,,,,data/processed/historical/weekly_rosters/weekly_rosters_2020.parquet
2021,training,depth_charts,37487,35051,457,0,"depth_timestamp,dt,espn_id,pos_grp_id,pos_id,pos_slot",,,,,,data/processed/historical/depth_charts/depth_charts_2021.parquet
2021,training,injuries,5587,5348,0,0,season_type,,,,,,data/processed/historical/injuries/injuries_2021.parquet
2021,training,schedules,285,272,0,0,"",,,,,,data/processed/historical/schedules/schedules_2021.parquet
2021,training,snap_counts,26468,25271,0,0,"",,,,,,data/processed/historical/snap_counts/snap_counts_2021.parquet
2021,training,weekly_player_stats,18969,5866,0,0,"",100.0,100.0,99.9,0,0.0,data/processed/historical/weekly_player_stats/weekly_player_stats_2021.parquet
2021,training,weekly_rosters,46696,44539,23,0,"",,,,,,data/processed/historical/weekly_rosters/weekly_rosters_2021.parquet
2022,training,depth_charts,37780,35248,586,0,"depth_timestamp,dt,espn_id,pos_grp_id,pos_id,pos_slot",,,,,,data/processed/historical/depth_charts/depth_charts_2022.parquet
2022,training,injuries,5682,5450,0,0,season_type,,,,,,data/processed/historical/injuries/injuries_2022.parquet
2022,training,schedules,284,271,0,0,"",,,,,,data/processed/historical/schedules/schedules_2022.parquet
2022,training,snap_counts,26381,25168,0,0,"",,,,,,data/processed/historical/snap_counts/snap_counts_2022.parquet
2022,training,weekly_player_stats,18831,5808,0,0,"",100.0,100.0,99.98,0,0.0,data/processed/historical/weekly_player_stats/weekly_player_stats_2022.parquet
2022,training,weekly_rosters,46163,44059,26,0,"",,,,,,data/processed/historical/weekly_rosters/weekly_rosters_2022.parquet
2023,training,depth_charts,37327,34884,490,0,"depth_timestamp,dt,espn_id,pos_grp_id,pos_id,pos_slot",,,,,,data/processed/historical/depth_charts/depth_charts_2023.parquet
2023,training,injuries,5599,5451,0,0,season_type,,,,,,data/processed/historical/injuries/injuries_2023.parquet
2023,training,schedules,285,272,0,0,"",,,,,,data/processed/historical/schedules/schedules_2023.parquet
2023,training,snap_counts,26540,25329,0,0,"",,,,,,data/processed/historical/snap_counts/snap_counts_2023.parquet
2023,training,weekly_player_stats,18643,5801,0,0,"",100.0,100.0,99.9,0,0.0,data/processed/historical/weekly_player_stats/weekly_player_stats_2023.parquet
2023,training,weekly_rosters,45655,43545,5,0,"",,,,,,data/processed/historical/weekly_rosters/weekly_rosters_2023.parquet
2024,validation,depth_charts,37312,34837,442,0,"depth_timestamp,dt,espn_id,pos_grp_id,pos_id,pos_slot",,,,,,data/processed/historical/depth_charts/depth_charts_2024.parquet
2024,validation,injuries,6215,5952,0,0,season_type,,,,,,data/processed/historical/injuries/injuries_2024.parquet
2024,validation,schedules,285,272,0,0,"",,,,,,data/processed/historical/schedules/schedules_2024.parquet
2024,validation,snap_counts,26615,25398,0,0,"",,,,,,data/processed/historical/snap_counts/snap_counts_2024.parquet
2024,validation,weekly_player_stats,18983,5864,0,0,"",100.0,100.0,99.9,0,0.0,data/processed/historical/weekly_player_stats/weekly_player_stats_2024.parquet
2024,validation,weekly_rosters,46579,44473,7,0,"",,,,,,data/processed/historical/weekly_rosters/weekly_rosters_2024.parquet
2025,test,depth_charts,554215,554215,5577,0,"game_type,roster_position,season,week",,,,,,data/processed/historical/depth_charts/depth_charts_2025.parquet
2025,test,injuries,6068,5783,0,0,date_modified,,,,,,data/processed/historical/injuries/injuries_2025.parquet
2025,test,schedules,285,272,0,0,"",,,,,,data/processed/historical/schedules/schedules_2025.parquet
2025,test,snap_counts,26612,25395,0,0,"",,,,,,data/processed/historical/snap_counts/snap_counts_2025.parquet
2025,test,weekly_player_stats,19422,6037,0,0,"",100.0,100.0,99.77,0,0.0,data/processed/historical/weekly_player_stats/weekly_player_stats_2025.parquet
2025,test,weekly_rosters,46849,44697,28,0,"",,,,,,data/processed/historical/weekly_rosters/weekly_rosters_2025.parquet
