season,week,game_id,game_date,player_id,player_display_name,position,team,opponent,projected_fantasy_points_ppr,projection_source_model,model_bundle_version,inference_version
2025,1,2025_01_PIT_NYJ,2025-09-07,00-0023459,Aaron Rodgers,QB,PIT,NYJ,11.382614393861694,hist_gradient_boosting,v1_evaluated_2025,v1_bundle_inference
2025,1,2025_01_CIN_CLE,2025-09-07,00-0026158,Joe Flacco,QB,CLE,CIN,15.853010991793749,hist_gradient_boosting,v1_evaluated_2025,v1_bundle_inference
2025,1,2025_01_HOU_LA,2025-09-07,00-0026498,Matthew Stafford,QB,LA,HOU,13.583038176609238,hist_gradient_boosting,v1_evaluated_2025,v1_bundle_inference
2025,1,2025_01_NYG_WAS,2025-09-07,00-0029263,Russell Wilson,QB,NYG,WAS,13.783631240230973,hist_gradient_boosting,v1_evaluated_2025,v1_bundle_inference
2025,1,2025_01_LV_NE,2025-09-07,00-0030565,Geno Smith,QB,LV,NE,11.521396485009573,hist_gradient_boosting,v1_evaluated_2025,v1_bundle_inference
2025,1,2025_01_DAL_PHI,2025-09-04,00-0033077,Dak Prescott,QB,DAL,PHI,11.253818498263715,hist_gradient_boosting,v1_evaluated_2025,v1_bundle_inference
2025,1,2025_01_DET_GB,2025-09-07,00-0033106,Jared Goff,QB,DET,GB,17.745276309939584,hist_gradient_boosting,v1_evaluated_2025,v1_bundle_inference
2025,1,2025_01_KC_LAC,2025-09-05,00-0033873,Patrick Mahomes,QB,KC,LAC,18.777010423774307,hist_gradient_boosting,v1_evaluated_2025,v1_bundle_inference
2025,1,2025_01_BAL_BUF,2025-09-07,00-0034796,Lamar Jackson,QB,BAL,BUF,20.864708263571163,hist_gradient_boosting,v1_evaluated_2025,v1_bundle_inference
2025,1,2025_01_TB_ATL,2025-09-07,00-0034855,Baker Mayfield,QB,TB,ATL,24.63106991549588,hist_gradient_boosting,v1_evaluated_2025,v1_bundle_inference
2025,1,2025_01_BAL_BUF,2025-09-07,00-0034857,Josh Allen,QB,BUF,BAL,21.069081098331512,hist_gradient_boosting,v1_evaluated_2025,v1_bundle_inference
2025,1,2025_01_SF_SEA,2025-09-07,00-0034869,Sam Darnold,QB,SEA,SF,17.22514305027267,hist_gradient_boosting,v1_evaluated_2025,v1_bundle_inference
2025,1,2025_01_ARI_NO,2025-09-07,00-0035228,Kyler Murray,QB,ARI,NO,17.13691697317335,hist_gradient_boosting,v1_evaluated_2025,v1_bundle_inference
2025,1,2025_01_MIA_IND,2025-09-07,00-0035710,Daniel Jones,QB,IND,MIA,18.867005581257374,hist_gradient_boosting,v1_evaluated_2025,v1_bundle_inference
2025,1,2025_01_MIA_IND,2025-09-07,00-0036212,Tua Tagovailoa,QB,MIA,IND,15.316902625406657,hist_gradient_boosting,v1_evaluated_2025,v1_bundle_inference
2025,1,2025_01_DET_GB,2025-09-07,00-0036264,Jordan Love,QB,GB,DET,13.122567098776392,hist_gradient_boosting,v1_evaluated_2025,v1_bundle_inference
2025,1,2025_01_KC_LAC,2025-09-05,00-0036355,Justin Herbert,QB,LAC,KC,19.300831325589762,hist_gradient_boosting,v1_evaluated_2025,v1_bundle_inference
2025,1,2025_01_DAL_PHI,2025-09-04,00-0036389,Jalen Hurts,QB,PHI,DAL,21.519550618931376,hist_gradient_boosting,v1_evaluated_2025,v1_bundle_inference
2025,1,2025_01_CIN_CLE,2025-09-07,00-0036442,Joe Burrow,QB,CIN,CLE,14.716055571734422,hist_gradient_boosting,v1_evaluated_2025,v1_bundle_inference
2025,1,2025_01_PIT_NYJ,2025-09-07,00-0036945,Justin Fields,QB,NYJ,PIT,8.067960260922892,hist_gradient_boosting,v1_evaluated_2025,v1_bundle_inference
2025,1,2025_01_CAR_JAX,2025-09-07,00-0036971,Trevor Lawrence,QB,JAX,CAR,12.532904786119115,hist_gradient_boosting,v1_evaluated_2025,v1_bundle_inference
2025,1,2025_01_MIA_IND,2025-09-07,00-0037013,Zach Wilson,QB,MIA,IND,10.763175391698065,hist_gradient_boosting,v1_evaluated_2025,v1_bundle_inference
2025,1,2025_01_SF_SEA,2025-09-07,00-0037834,Brock Purdy,QB,SF,SEA,15.6755923322671,hist_gradient_boosting,v1_evaluated_2025,v1_bundle_inference
2025,1,2025_01_CAR_JAX,2025-09-07,00-0039150,Bryce Young,QB,CAR,JAX,15.480931906433405,hist_gradient_boosting,v1_evaluated_2025,v1_bundle_inference
2025,1,2025_01_HOU_LA,2025-09-07,00-0039163,C.J. Stroud,QB,HOU,LA,14.34047607074548,hist_gradient_boosting,v1_evaluated_2025,v1_bundle_inference
2025,1,2025_01_ARI_NO,2025-09-07,00-0039376,Spencer Rattler,QB,NO,ARI,13.447598992539147,hist_gradient_boosting,v1_evaluated_2025,v1_bundle_inference
2025,1,2025_01_TEN_DEN,2025-09-07,00-0039732,Bo Nix,QB,DEN,TEN,17.53967604452606,hist_gradient_boosting,v1_evaluated_2025,v1_bundle_inference
2025,1,2025_01_LV_NE,2025-09-07,00-0039851,Drake Maye,QB,NE,LV,8.866672245440299,hist_gradient_boosting,v1_evaluated_2025,v1_bundle_inference
2025,1,2025_01_NYG_WAS,2025-09-07,00-0039910,Jayden Daniels,QB,WAS,NYG,19.122028224145215,hist_gradient_boosting,v1_evaluated_2025,v1_bundle_inference
2025,1,2025_01_TB_ATL,2025-09-07,00-0039917,Michael Penix Jr.,QB,ATL,TB,13.473039875700522,hist_gradient_boosting,v1_evaluated_2025,v1_bundle_inference
2025,1,2025_01_MIN_CHI,2025-09-08,00-0039918,Caleb Williams,QB,CHI,MIN,10.958223351275029,hist_gradient_boosting,v1_evaluated_2025,v1_bundle_inference
2025,1,2025_01_MIN_CHI,2025-09-08,00-0039923,J.J. McCarthy,QB,MIN,CHI,11.00447340486719,hist_gradient_boosting,v1_evaluated_2025,v1_bundle_inference
2025,1,2025_01_SF_SEA,2025-09-07,00-0040673,Jalen Milroe,QB,SEA,SF,13.434630046303258,hist_gradient_boosting,v1_evaluated_2025,v1_bundle_inference
2025,1,2025_01_TEN_DEN,2025-09-07,00-0040676,Cam Ward,QB,TEN,DEN,12.167514257831154,hist_gradient_boosting,v1_evaluated_2025,v1_bundle_inference
2025,1,2025_01_BAL_BUF,2025-09-07,00-0032764,Derrick Henry,RB,BAL,BUF,16.23381571212155,random_forest,v1_evaluated_2025,v1_bundle_inference
2025,1,2025_01_SF_SEA,2025-09-07,00-0033280,Christian McCaffrey,RB,SF,SEA,13.98666264203976,random_forest,v1_evaluated_2025,v1_bundle_inference
2025,1,2025_01_MIN_CHI,2025-09-08,00-0033293,Aaron Jones,RB,MIN,CHI,11.856425948153154,random_forest,v1_evaluated_2025,v1_bundle_inference
2025,1,2025_01_CIN_CLE,2025-09-07,00-0033526,Samaje Perine,RB,CIN,CLE,5.093962451622451,random_forest,v1_evaluated_2025,v1_bundle_inference
2025,1,2025_01_ARI_NO,2025-09-07,00-0033553,James Conner,RB,ARI,NO,11.722908492170886,random_forest,v1_evaluated_2025,v1_bundle_inference
2025,1,2025_01_NYG_WAS,2025-09-07,00-0033699,Austin Ekeler,RB,WAS,NYG,10.183140107480531,random_forest,v1_evaluated_2025,v1_bundle_inference
2025,1,2025_01_HOU_LA,2025-09-07,00-0033854,Dare Ogunbowale,RB,HOU,LA,4.113640078461554,random_forest,v1_evaluated_2025,v1_bundle_inference
2025,1,2025_01_ARI_NO,2025-09-07,00-0033906,Alvin Kamara,RB,NO,ARI,13.190958459962527,random_forest,v1_evaluated_2025,v1_bundle_inference
2025,1,2025_01_KC_LAC,2025-09-05,00-0033923,Kareem Hunt,RB,KC,LAC,8.779046873351115,random_forest,v1_evaluated_2025,v1_bundle_inference
2025,1,2025_01_NYG_WAS,2025-09-07,00-0033955,Jeremy McNichols,RB,WAS,NYG,4.743598980948243,random_forest,v1_evaluated_2025,v1_bundle_inference
2025,1,2025_01_HOU_LA,2025-09-07,00-0034791,Nick Chubb,RB,HOU,LA,5.898166385267353,random_forest,v1_evaluated_2025,v1_bundle_inference
2025,1,2025_01_DAL_PHI,2025-09-04,00-0034844,Saquon Barkley,RB,PHI,DAL,13.902418166825136,random_forest,v1_evaluated_2025,v1_bundle_inference
2025,1,2025_01_BAL_BUF,2025-09-07,00-0034975,Justice Hill,RB,BAL,BUF,6.991342598776922,random_forest,v1_evaluated_2025,v1_bundle_inference
2025,1,2025_01_DAL_PHI,2025-09-04,00-0035243,Miles Sanders,RB,DAL,PHI,8.5388505629629,random_forest,v1_evaluated_2025,v1_bundle_inference
2025,1,2025_01_NYG_WAS,2025-09-07,00-0035250,Devin Singletary,RB,NYG,WAS,5.692999604855644,random_forest,v1_evaluated_2025,v1_bundle_inference
2025,1,2025_01_TEN_DEN,2025-09-07,00-0035261,Tony Pollard,RB,TEN,DEN,11.158289694001962,random_forest,v1_evaluated_2025,v1_bundle_inference
2025,1,2025_01_BAL_BUF,2025-09-07,00-0035537,Ty Johnson,RB,BUF,BAL,5.754023294481575,random_forest,v1_evaluated_2025,v1_bundle_inference
2025,1,2025_01_DET_GB,2025-09-07,00-0035567,Craig Reynolds,RB,DET,GB,5.047834634746635,random_forest,v1_evaluated_2025,v1_bundle_inference
2025,1,2025_01_DET_GB,2025-09-07,00-0035685,David Montgomery,RB,DET,GB,10.965956539793202,random_forest,v1_evaluated_2025,v1_bundle_inference
2025,1,2025_01_DET_GB,2025-09-07,00-0035700,Josh Jacobs,RB,GB,DET,12.192083710164678,random_forest,v1_evaluated_2025,v1_bundle_inference
2025,1,2025_01_CAR_JAX,2025-09-07,00-0036139,Rico Dowdle,RB,CAR,JAX,11.90301196081782,random_forest,v1_evaluated_2025,v1_bundle_inference
2025,1,2025_01_TEN_DEN,2025-09-07,00-0036158,J.K. Dobbins,RB,DEN,TEN,11.316988124930626,random_forest,v1_evaluated_2025,v1_bundle_inference
2025,1,2025_01_MIA_IND,2025-09-07,00-0036223,Jonathan Taylor,RB,IND,MIA,17.515774905104365,random_forest,v1_evaluated_2025,v1_bundle_inference
2025,1,2025_01_DAL_PHI,2025-09-04,00-0036265,AJ Dillon,RB,PHI,DAL,6.2642281899908365,random_forest,v1_evaluated_2025,v1_bundle_inference
2025,1,2025_01_MIN_CHI,2025-09-08,00-0036275,D'Andre Swift,RB,CHI,MIN,11.776304424238479,random_forest,v1_evaluated_2025,v1_bundle_inference
2025,1,2025_01_LV_NE,2025-09-07,00-0036328,Antonio Gibson,RB,NE,LV,8.981208077897051,random_forest,v1_evaluated_2025,v1_bundle_inference
2025,1,2025_01_CAR_JAX,2025-09-07,00-0036555,Chuba Hubbard,RB,CAR,JAX,15.380631510836652,random_forest,v1_evaluated_2025,v1_bundle_inference
2025,1,2025_01_PIT_NYJ,2025-09-07,00-0036842,Kene Nwangwu,RB,NYJ,PIT,1.4372124884188737,random_forest,v1_evaluated_2025,v1_bundle_inference
2025,1,2025_01_LV_NE,2025-09-07,00-0036875,Rhamondre Stevenson,RB,NE,LV,7.233930337330943,random_forest,v1_evaluated_2025,v1_bundle_inference
2025,1,2025_01_KC_LAC,2025-09-05,00-0036893,Najee Harris,RB,LAC,KC,8.34204454303294,random_forest,v1_evaluated_2025,v1_bundle_inference
2025,1,2025_01_PIT_NYJ,2025-09-07,00-0036919,Kenny Gainwell,RB,PIT,NYJ,5.530657321988013,random_forest,v1_evaluated_2025,v1_bundle_inference
2025,1,2025_01_CAR_JAX,2025-09-07,00-0036973,Travis Etienne,RB,JAX,CAR,9.599781632708536,random_forest,v1_evaluated_2025,v1_bundle_inference
2025,1,2025_01_DAL_PHI,2025-09-04,00-0036997,Javonte Williams,RB,DAL,PHI,6.690012647193996,random_forest,v1_evaluated_2025,v1_bundle_inference
2025,1,2025_01_TEN_DEN,2025-09-07,00-0037085,Tyler Badie,RB,DEN,TEN,4.713163971453098,random_forest,v1_evaluated_2025,v1_bundle_inference
2025,1,2025_01_KC_LAC,2025-09-05,00-0037197,Isiah Pacheco,RB,KC,LAC,6.426895734630292,random_forest,v1_evaluated_2025,v1_bundle_inference
2025,1,2025_01_PIT_NYJ,2025-09-07,00-0037228,Jaylen Warren,RB,PIT,NYJ,7.921666503269031,random_forest,v1_evaluated_2025,v1_bundle_inference
2025,1,2025_01_BAL_BUF,2025-09-07,00-0037248,James Cook,RB,BUF,BAL,10.080790396384955,random_forest,v1_evaluated_2025,v1_bundle_inference
2025,1,2025_01_TB_ATL,2025-09-07,00-0037256,Rachaad White,RB,TB,ATL,9.615618726450714,random_forest,v1_evaluated_2025,v1_bundle_inference
2025,1,2025_01_HOU_LA,2025-09-07,00-0037258,Dameon Pierce,RB,HOU,LA,9.228222307637944,random_forest,v1_evaluated_2025,v1_bundle_inference
2025,1,2025_01_TB_ATL,2025-09-07,00-0037263,Tyler Allgeier,RB,ATL,TB,5.319679831905856,random_forest,v1_evaluated_2025,v1_bundle_inference
2025,1,2025_01_CIN_CLE,2025-09-07,00-0037267,Jerome Ford,RB,CLE,CIN,8.267536358271357,random_forest,v1_evaluated_2025,v1_bundle_inference
2025,1,2025_01_MIN_CHI,2025-09-08,00-0037276,Ty Chandler,RB,MIN,CHI,3.1056537431107487,random_forest,v1_evaluated_2025,v1_bundle_inference
2025,1,2025_01_MIN_CHI,2025-09-08,00-0037525,Jordan Mason,RB,MIN,CHI,6.722408043672014,random_forest,v1_evaluated_2025,v1_bundle_inference
2025,1,2025_01_TEN_DEN,2025-09-07,00-0037594,Julius Chestnut,RB,TEN,DEN,4.053023535246713,random_forest,v1_evaluated_2025,v1_bundle_inference
2025,1,2025_01_KC_LAC,2025-09-05,00-0037617,Hassan Haskins,RB,LAC,KC,6.542685633375282,random_forest,v1_evaluated_2025,v1_bundle_inference
2025,1,2025_01_SF_SEA,2025-09-07,00-0037746,Brian Robinson,RB,SF,SEA,8.128328530065572,random_forest,v1_evaluated_2025,v1_bundle_inference
2025,1,2025_01_HOU_LA,2025-09-07,00-0037840,Kyren Williams,RB,LA,HOU,14.155424469582131,random_forest,v1_evaluated_2025,v1_bundle_inference
2025,1,2025_01_LV_NE,2025-09-07,00-0038040,Zamir White,RB,LV,NE,5.901989505788618,random_forest,v1_evaluated_2025,v1_bundle_inference
2025,1,2025_01_PIT_NYJ,2025-09-07,00-0038120,Breece Hall,RB,NYJ,PIT,13.08474477336132,random_forest,v1_evaluated_2025,v1_bundle_inference
2025,1,2025_01_SF_SEA,2025-09-07,00-0038134,Kenneth Walker III,RB,SEA,SF,11.991026704099417,random_forest,v1_evaluated_2025,v1_bundle_inference
2025,1,2025_01_SF_SEA,2025-09-07,00-0038488,Brady Russell,RB,SEA,SF,1.284300095438331,random_forest,v1_evaluated_2025,v1_bundle_inference
2025,1,2025_01_TB_ATL,2025-09-07,00-0038542,Bijan Robinson,RB,ATL,TB,16.305737690471442,random_forest,v1_evaluated_2025,v1_bundle_inference
2025,1,2025_01_ARI_NO,2025-09-07,00-0038551,Kendre Miller,RB,NO,ARI,3.758304930083417,random_forest,v1_evaluated_2025,v1_bundle_inference
2025,1,2025_01_CAR_JAX,2025-09-07,00-0038555,Tank Bigsby,RB,JAX,CAR,7.762935942252623,random_forest,v1_evaluated_2025,v1_bundle_inference
2025,1,2025_01_CIN_CLE,2025-09-07,00-0038597,Chase Brown,RB,CIN,CLE,13.423873136861133,random_forest,v1_evaluated_2025,v1_bundle_inference
2025,1,2025_01_DET_GB,2025-09-07,00-0038685,Chris Brooks,RB,GB,DET,5.211354454430733,random_forest,v1_evaluated_2025,v1_bundle_inference
2025,1,2025_01_ARI_NO,2025-09-07,00-0038705,Emari Demercado,RB,ARI,NO,4.149803428475838,random_forest,v1_evaluated_2025,v1_bundle_inference
2025,1,2025_01_DET_GB,2025-09-07,00-0038797,Emanuel Wilson,RB,GB,DET,7.9078520680028035,random_forest,v1_evaluated_2025,v1_bundle_inference
2025,1,2025_01_DET_GB,2025-09-07,00-0038896,Jacob Saylors,RB,DET,GB,4.065600913656059,random_forest,v1_evaluated_2025,v1_bundle_inference
2025,1,2025_01_TB_ATL,2025-09-07,00-0038951,Sean Tucker,RB,TB,ATL,2.955010752666092,random_forest,v1_evaluated_2025,v1_bundle_inference
2025,1,2025_01_MIA_IND,2025-09-07,00-0039040,De'Von Achane,RB,MIA,IND,14.788457210654848,random_forest,v1_evaluated_2025,v1_bundle_inference
2025,1,2025_01_DET_GB,2025-09-07,00-0039139,Jahmyr Gibbs,RB,DET,GB,16.71494145843292,random_forest,v1_evaluated_2025,v1_bundle_inference
2025,1,2025_01_SF_SEA,2025-09-07,00-0039165,Zach Charbonnet,RB,SEA,SF,13.679775568516163,random_forest,v1_evaluated_2025,v1_bundle_inference
2025,1,2025_01_SF_SEA,2025-09-07,00-0039299,George Holani,RB,SEA,SF,1.9238219537271013,random_forest,v1_evaluated_2025,v1_bundle_inference
2025,1,2025_01_TB_ATL,2025-09-07,00-0039361,Bucky Irving,RB,TB,ATL,14.348463848792914,random_forest,v1_evaluated_2025,v1_bundle_inference
2025,1,2025_01_SF_SEA,2025-09-07,00-0039363,Isaac Guerendo,RB,SF,SEA,6.266626410829456,random_forest,v1_evaluated_2025,v1_bundle_inference
2025,1,2025_01_NYG_WAS,2025-09-07,00-0039384,Tyrone Tracy Jr.,RB,NYG,WAS,11.459597740543481,random_forest,v1_evaluated_2025,v1_bundle_inference
2025,1,2025_01_LV_NE,2025-09-07,00-0039407,Dylan Laube,RB,LV,NE,0.8538035301300003,random_forest,v1_evaluated_2025,v1_bundle_inference
2025,1,2025_01_HOU_LA,2025-09-07,00-0039738,Blake Corum,RB,LA,HOU,4.042082147117015,random_forest,v1_evaluated_2025,v1_bundle_inference
2025,1,2025_01_DAL_PHI,2025-09-04,00-0039746,Will Shipley,RB,PHI,DAL,8.083822602959595,random_forest,v1_evaluated_2025,v1_bundle_inference
2025,1,2025_01_PIT_NYJ,2025-09-07,00-0039794,Braelon Allen,RB,NYJ,PIT,4.441123304724175,random_forest,v1_evaluated_2025,v1_bundle_inference
2025,1,2025_01_BAL_BUF,2025-09-07,00-0039796,Rasheen Ali,RB,BAL,BUF,4.05656391880823,random_forest,v1_evaluated_2025,v1_bundle_inference
2025,1,2025_01_PIT_NYJ,2025-09-07,00-0039798,Isaiah Davis,RB,NYJ,PIT,3.9212016530468174,random_forest,v1_evaluated_2025,v1_bundle_inference
2025,1,2025_01_BAL_BUF,2025-09-07,00-0039875,Ray Davis,RB,BUF,BAL,6.912026607894218,random_forest,v1_evaluated_2025,v1_bundle_inference
2025,1,2025_01_ARI_NO,2025-09-07,00-0039921,Trey Benson,RB,ARI,NO,3.7808792271998164,random_forest,v1_evaluated_2025,v1_bundle_inference
2025,1,2025_01_KC_LAC,2025-09-05,00-0040078,Brashard Smith,RB,KC,LAC,2.8172395736730893,random_forest,v1_evaluated_2025,v1_bundle_inference
2025,1,2025_01_LV_NE,2025-09-07,00-0040122,Ashton Jeanty,RB,LV,NE,4.260071310416163,random_forest,v1_evaluated_2025,v1_bundle_inference
2025,1,2025_01_PIT_NYJ,2025-09-07,00-0040142,Kaleb Johnson,RB,PIT,NYJ,3.6244419233171947,random_forest,v1_evaluated_2025,v1_bundle_inference
2025,1,2025_01_CIN_CLE,2025-09-07,00-0040162,Dylan Sampson,RB,CLE,CIN,2.995309526584528,random_forest,v1_evaluated_2025,v1_bundle_inference
2025,1,2025_01_MIA_IND,2025-09-07,00-0040179,DJ Giddens,RB,IND,MIA,4.33997010979217,random_forest,v1_evaluated_2025,v1_bundle_inference
2025,1,2025_01_MIA_IND,2025-09-07,00-0040198,Ollie Gordon II,RB,MIA,IND,2.9058921484145928,random_forest,v1_evaluated_2025,v1_bundle_inference
2025,1,2025_01_ARI_NO,2025-09-07,00-0040202,Devin Neal,RB,NO,ARI,3.0794651251268523,random_forest,v1_evaluated_2025,v1_bundle_inference
2025,1,2025_01_CIN_CLE,2025-09-07,00-0040208,Tahj Brooks,RB,CIN,CLE,5.284780720504983,random_forest,v1_evaluated_2025,v1_bundle_inference
2025,1,2025_01_MIN_CHI,2025-09-08,00-0040236,Kyle Monangai,RB,CHI,MIN,4.456517825956293,random_forest,v1_evaluated_2025,v1_bundle_inference
2025,1,2025_01_CAR_JAX,2025-09-07,00-0040238,LeQuint Allen Jr.,RB,JAX,CAR,5.076566721111135,random_forest,v1_evaluated_2025,v1_bundle_inference
2025,1,2025_01_NYG_WAS,2025-09-07,00-0040242,Jacory Croskey-Merritt,RB,WAS,NYG,3.8423903949564933,random_forest,v1_evaluated_2025,v1_bundle_inference
2025,1,2025_01_CIN_CLE,2025-09-07,00-0040466,Raheim Sanders,RB,CLE,CIN,2.995309526584528,random_forest,v1_evaluated_2025,v1_bundle_inference
2025,1,2025_01_MIA_IND,2025-09-07,00-0040476,Ulysses Bentley IV,RB,IND,MIA,4.33997010979217,random_forest,v1_evaluated_2025,v1_bundle_inference
2025,1,2025_01_HOU_LA,2025-09-07,00-0040583,Woody Marks,RB,HOU,LA,2.8403209677720533,random_forest,v1_evaluated_2025,v1_bundle_inference
2025,1,2025_01_CAR_JAX,2025-09-07,00-0040644,Trevor Etienne,RB,CAR,JAX,2.763813957542285,random_forest,v1_evaluated_2025,v1_bundle_inference
2025,1,2025_01_KC_LAC,2025-09-05,00-0040666,Omarion Hampton,RB,LAC,KC,4.18415734324012,random_forest,v1_evaluated_2025,v1_bundle_inference
2025,1,2025_01_NYG_WAS,2025-09-07,00-0040715,Cam Skattebo,RB,NYG,WAS,3.3685830590977637,random_forest,v1_evaluated_2025,v1_bundle_inference
2025,1,2025_01_CAR_JAX,2025-09-07,00-0040719,Bhayshul Tuten,RB,JAX,CAR,5.076566721111135,random_forest,v1_evaluated_2025,v1_bundle_inference
2025,1,2025_01_TEN_DEN,2025-09-07,00-0040730,RJ Harvey,RB,DEN,TEN,5.246451741390134,random_forest,v1_evaluated_2025,v1_bundle_inference
2025,1,2025_01_LV_NE,2025-09-07,00-0040734,TreVeyon Henderson,RB,NE,LV,2.483840267684386,random_forest,v1_evaluated_2025,v1_bundle_inference
2025,1,2025_01_NYG_WAS,2025-09-07,00-0030061,Zach Ertz,TE,WAS,NYG,7.30005028429151,ridge,v1_evaluated_2025,v1_bundle_inference
2025,1,2025_01_KC_LAC,2025-09-05,00-0030506,Travis Kelce,TE,KC,LAC,11.87750900701704,ridge,v1_evaluated_2025,v1_bundle_inference
2025,1,2025_01_LV_NE,2025-09-07,00-0032392,Austin Hooper,TE,NE,LV,6.812491022523844,ridge,v1_evaluated_2025,v1_bundle_inference
2025,1,2025_01_LV_NE,2025-09-07,00-0033090,Hunter Henry,TE,NE,LV,6.558356763533871,ridge,v1_evaluated_2025,v1_bundle_inference
2025,1,2025_01_HOU_LA,2025-09-07,00-0033110,Tyler Higbee,TE,LA,HOU,5.919188720856816,ridge,v1_evaluated_2025,v1_bundle_inference
2025,1,2025_01_MIA_IND,2025-09-07,00-0033217,Mo Alie-Cox,TE,IND,MIA,4.305180194124256,ridge,v1_evaluated_2025,v1_bundle_inference
2025,1,2025_01_CAR_JAX,2025-09-07,00-0033246,Johnny Mundt,TE,JAX,CAR,1.366849328572675,ridge,v1_evaluated_2025,v1_bundle_inference
2025,1,2025_01_SF_SEA,2025-09-07,00-0033288,George Kittle,TE,SF,SEA,9.11895295614945,ridge,v1_evaluated_2025,v1_bundle_inference
2025,1,2025_01_SF_SEA,2025-09-07,00-0033576,Eric Saubert,TE,SEA,SF,2.481896349706563,ridge,v1_evaluated_2025,v1_bundle_inference
2025,1,2025_01_PIT_NYJ,2025-09-07,00-0033858,Jonnu Smith,TE,PIT,NYJ,8.25004377862505,ridge,v1_evaluated_2025,v1_bundle_inference
2025,1,2025_01_TEN_DEN,2025-09-07,00-0033881,Evan Engram,TE,DEN,TEN,7.946142612814706,ridge,v1_evaluated_2025,v1_bundle_inference
2025,1,2025_01_CIN_CLE,2025-09-07,00-0033885,David Njoku,TE,CLE,CIN,10.41230325142087,ridge,v1_evaluated_2025,v1_bundle_inference
2025,1,2025_01_KC_LAC,2025-09-05,00-0034159,Will Dissly,TE,LAC,KC,6.1166466436287905,ridge,v1_evaluated_2025,v1_bundle_inference
2025,1,2025_01_KC_LAC,2025-09-05,00-0034270,Tyler Conklin,TE,LAC,KC,6.911514835336794,ridge,v1_evaluated_2025,v1_bundle_inference
2025,1,2025_01_DAL_PHI,2025-09-04,00-0034351,Dallas Goedert,TE,PHI,DAL,7.283441848057691,ridge,v1_evaluated_2025,v1_bundle_inference
2025,1,2025_01_HOU_LA,2025-09-07,00-0034383,Dalton Schultz,TE,HOU,LA,5.993717117525164,ridge,v1_evaluated_2025,v1_bundle_inference
2025,1,2025_01_BAL_BUF,2025-09-07,00-0034753,Mark Andrews,TE,BAL,BUF,9.108575592709077,ridge,v1_evaluated_2025,v1_bundle_inference
2025,1,2025_01_CIN_CLE,2025-09-07,00-0034829,Mike Gesicki,TE,CIN,CLE,8.297109897793034,ridge,v1_evaluated_2025,v1_bundle_inference
2025,1,2025_01_MIN_CHI,2025-09-08,00-0035229,T.J. Hockenson,TE,MIN,CHI,8.10714931470376,ridge,v1_evaluated_2025,v1_bundle_inference
2025,1,2025_01_MIN_CHI,2025-09-08,00-0035249,Josh Oliver,TE,MIN,CHI,3.4093576691798906,ridge,v1_evaluated_2025,v1_bundle_inference
2025,1,2025_01_CIN_CLE,2025-09-07,00-0035631,Drew Sample,TE,CIN,CLE,3.934623065257527,ridge,v1_evaluated_2025,v1_bundle_inference
2025,1,2025_01_CIN_CLE,2025-09-07,00-0035644,Noah Fant,TE,CIN,CLE,6.292281254557235,ridge,v1_evaluated_2025,v1_bundle_inference
2025,1,2025_01_BAL_BUF,2025-09-07,00-0035689,Dawson Knox,TE,BUF,BAL,4.545301332946643,ridge,v1_evaluated_2025,v1_bundle_inference
2025,1,2025_01_ARI_NO,2025-09-07,00-0036040,Juwan Johnson,TE,NO,ARI,8.56998613625995,ridge,v1_evaluated_2025,v1_bundle_inference
2025,1,2025_01_HOU_LA,2025-09-07,00-0036244,Colby Parkinson,TE,LA,HOU,2.8993649036354956,ridge,v1_evaluated_2025,v1_bundle_inference
2025,1,2025_01_MIN_CHI,2025-09-08,00-0036290,Cole Kmet,TE,CHI,MIN,3.610703584244735,ridge,v1_evaluated_2025,v1_bundle_inference
2025,1,2025_01_TEN_DEN,2025-09-07,00-0036422,Adam Trautman,TE,DEN,TEN,3.0579569615123,ridge,v1_evaluated_2025,v1_bundle_inference
2025,1,2025_01_KC_LAC,2025-09-05,00-0036637,Noah Gray,TE,KC,LAC,4.734930143300782,ridge,v1_evaluated_2025,v1_bundle_inference
2025,1,2025_01_ARI_NO,2025-09-07,00-0036741,Jack Stoll,TE,NO,ARI,2.2735895828845876,ridge,v1_evaluated_2025,v1_bundle_inference
2025,1,2025_01_TB_ATL,2025-09-07,00-0036825,Feleipe Franks,TE,ATL,TB,1.2055419013999913,ridge,v1_evaluated_2025,v1_bundle_inference
2025,1,2025_01_DAL_PHI,2025-09-04,00-0036876,Kylen Granson,TE,PHI,DAL,4.333844335805941,ridge,v1_evaluated_2025,v1_bundle_inference
2025,1,2025_01_SF_SEA,2025-09-07,00-0036887,Luke Farrell,TE,SF,SEA,4.360189802758186,ridge,v1_evaluated_2025,v1_bundle_inference
2025,1,2025_01_PIT_NYJ,2025-09-07,00-0036894,Pat Freiermuth,TE,PIT,NYJ,8.249833678499204,ridge,v1_evaluated_2025,v1_bundle_inference
2025,1,2025_01_TB_ATL,2025-09-07,00-0036970,Kyle Pitts,TE,ATL,TB,5.34979534622078,ridge,v1_evaluated_2025,v1_bundle_inference
2025,1,2025_01_CAR_JAX,2025-09-07,00-0037004,Hunter Long,TE,JAX,CAR,1.1012519484151255,ridge,v1_evaluated_2025,v1_bundle_inference
2025,1,2025_01_CAR_JAX,2025-09-07,00-0037005,Tommy Tremble,TE,CAR,JAX,4.8028092742396655,ridge,v1_evaluated_2025,v1_bundle_inference
2025,1,2025_01_SF_SEA,2025-09-07,00-0037112,Jake Tonges,TE,SF,SEA,2.65106618684867,ridge,v1_evaluated_2025,v1_bundle_inference
2025,1,2025_01_MIA_IND,2025-09-07,00-0037292,Andrew Ogletree,TE,IND,MIA,3.754814103167826,ridge,v1_evaluated_2025,v1_bundle_inference
2025,1,2025_01_DET_GB,2025-09-07,00-0037306,John FitzPatrick,TE,GB,DET,2.1304024765806426,ridge,v1_evaluated_2025,v1_bundle_inference
2025,1,2025_01_TB_ATL,2025-09-07,00-0037311,Ko Kieft,TE,TB,ATL,2.2868634223867024,ridge,v1_evaluated_2025,v1_bundle_inference
2025,1,2025_01_MIA_IND,2025-09-07,00-0037348,Tanner Conner,TE,MIA,IND,1.4222676021765226,ridge,v1_evaluated_2025,v1_bundle_inference
2025,1,2025_01_TEN_DEN,2025-09-07,00-0037539,Lucas Krull,TE,DEN,TEN,3.0676904193049888,ridge,v1_evaluated_2025,v1_bundle_inference
2025,1,2025_01_ARI_NO,2025-09-07,00-0037744,Trey McBride,TE,ARI,NO,9.939861581753307,ridge,v1_evaluated_2025,v1_bundle_inference
2025,1,2025_01_PIT_NYJ,2025-09-07,00-0037805,Jeremy Ruckert,TE,NYJ,PIT,1.7918637121414127,ridge,v1_evaluated_2025,v1_bundle_inference
2025,1,2025_01_TEN_DEN,2025-09-07,00-0037809,Chig Okonkwo,TE,TEN,DEN,9.144450173701772,ridge,v1_evaluated_2025,v1_bundle_inference
2025,1,2025_01_DAL_PHI,2025-09-04,00-0038041,Jake Ferguson,TE,DAL,PHI,6.024286899369605,ridge,v1_evaluated_2025,v1_bundle_inference
2025,1,2025_01_NYG_WAS,2025-09-07,00-0038115,Daniel Bellinger,TE,NYG,WAS,3.3944173470577983,ridge,v1_evaluated_2025,v1_bundle_inference
2025,1,2025_01_TB_ATL,2025-09-07,00-0038129,Cade Otton,TE,TB,ATL,7.197467804264813,ridge,v1_evaluated_2025,v1_bundle_inference
2025,1,2025_01_DAL_PHI,2025-09-04,00-0038547,Luke Schoonmaker,TE,DAL,PHI,4.1251569569728535,ridge,v1_evaluated_2025,v1_bundle_inference
2025,1,2025_01_LV_NE,2025-09-07,00-0038590,Justin Shorter,TE,LV,NE,1.6036416992511242,ridge,v1_evaluated_2025,v1_bundle_inference
2025,1,2025_01_MIA_IND,2025-09-07,00-0038720,Julian Hill,TE,MIA,IND,3.3107041381901356,ridge,v1_evaluated_2025,v1_bundle_inference
2025,1,2025_01_BAL_BUF,2025-09-07,00-0038933,Dalton Kincaid,TE,BUF,BAL,6.148467217339372,ridge,v1_evaluated_2025,v1_bundle_inference
2025,1,2025_01_CAR_JAX,2025-09-07,00-0038935,Brenton Strange,TE,JAX,CAR,5.110057501942947,ridge,v1_evaluated_2025,v1_bundle_inference
2025,1,2025_01_DET_GB,2025-09-07,00-0038996,Tucker Kraft,TE,GB,DET,7.348902618637346,ridge,v1_evaluated_2025,v1_bundle_inference
2025,1,2025_01_ARI_NO,2025-09-07,00-0039041,Elijah Higgins,TE,ARI,NO,2.2638072441424733,ridge,v1_evaluated_2025,v1_bundle_inference
2025,1,2025_01_TB_ATL,2025-09-07,00-0039050,Payne Durham,TE,TB,ATL,5.6599817651435895,ridge,v1_evaluated_2025,v1_bundle_inference
2025,1,2025_01_DET_GB,2025-09-07,00-0039065,Sam LaPorta,TE,DET,GB,10.14843178983139,ridge,v1_evaluated_2025,v1_bundle_inference
2025,1,2025_01_LV_NE,2025-09-07,00-0039066,Michael Mayer,TE,LV,NE,5.275415024717446,ridge,v1_evaluated_2025,v1_bundle_inference
2025,1,2025_01_HOU_LA,2025-09-07,00-0039074,Davis Allen,TE,LA,HOU,1.79358505617778,ridge,v1_evaluated_2025,v1_bundle_inference
2025,1,2025_01_DET_GB,2025-09-07,00-0039144,Luke Musgrave,TE,GB,DET,2.3307454829362797,ridge,v1_evaluated_2025,v1_bundle_inference
2025,1,2025_01_LV_NE,2025-09-07,00-0039338,Brock Bowers,TE,LV,NE,8.721002065070627,ridge,v1_evaluated_2025,v1_bundle_inference
2025,1,2025_01_CAR_JAX,2025-09-07,00-0039356,Ja'Tavion Sanders,TE,CAR,JAX,2.854324435701613,ridge,v1_evaluated_2025,v1_bundle_inference
2025,1,2025_01_HOU_LA,2025-09-07,00-0039359,Cade Stover,TE,HOU,LA,2.8439324060029154,ridge,v1_evaluated_2025,v1_bundle_inference
2025,1,2025_01_DAL_PHI,2025-09-04,00-0039530,Brevyn Spann-Ford,TE,DAL,PHI,2.0786832621791156,ridge,v1_evaluated_2025,v1_bundle_inference
2025,1,2025_01_TEN_DEN,2025-09-07,00-0039648,David Martin-Robinson,TE,TEN,DEN,2.6641162444715376,ridge,v1_evaluated_2025,v1_bundle_inference
2025,1,2025_01_NYG_WAS,2025-09-07,00-0039686,Colson Yankoff,TE,WAS,NYG,1.370687779552565,ridge,v1_evaluated_2025,v1_bundle_inference
2025,1,2025_01_ARI_NO,2025-09-07,00-0039737,Tip Reiman,TE,ARI,NO,1.4863212147288003,ridge,v1_evaluated_2025,v1_bundle_inference
2025,1,2025_01_SF_SEA,2025-09-07,00-0039793,AJ Barner,TE,SEA,SF,3.1112913008218577,ridge,v1_evaluated_2025,v1_bundle_inference
2025,1,2025_01_NYG_WAS,2025-09-07,00-0039847,Theo Johnson,TE,NYG,WAS,6.1472996055694535,ridge,v1_evaluated_2025,v1_bundle_inference
2025,1,2025_01_MIN_CHI,2025-09-08,00-0040126,Colston Loveland,TE,CHI,MIN,1.5405521232591433,ridge,v1_evaluated_2025,v1_bundle_inference
2025,1,2025_01_MIA_IND,2025-09-07,00-0040128,Tyler Warren,TE,IND,MIA,2.837576334338368,ridge,v1_evaluated_2025,v1_bundle_inference
2025,1,2025_01_BAL_BUF,2025-09-07,00-0040194,Jackson Hawes,TE,BUF,BAL,2.6123638376903386,ridge,v1_evaluated_2025,v1_bundle_inference
2025,1,2025_01_TEN_DEN,2025-09-07,00-0040584,Gunnar Helm,TE,TEN,DEN,2.293464428355872,ridge,v1_evaluated_2025,v1_bundle_inference
2025,1,2025_01_CIN_CLE,2025-09-07,00-0040663,Harold Fannin Jr.,TE,CLE,CIN,3.390462251866654,ridge,v1_evaluated_2025,v1_bundle_inference
2025,1,2025_01_PIT_NYJ,2025-09-07,00-0040736,Mason Taylor,TE,NYJ,PIT,1.5836502501007415,ridge,v1_evaluated_2025,v1_bundle_inference
2025,1,2025_01_SF_SEA,2025-09-07,00-0040739,Elijah Arroyo,TE,SEA,SF,1.4589660187431033,ridge,v1_evaluated_2025,v1_bundle_inference
2025,1,2025_01_MIN_CHI,2025-09-08,00-0030035,Adam Thielen,WR,MIN,CHI,11.064665976298983,ridge,v1_evaluated_2025,v1_bundle_inference
2025,1,2025_01_KC_LAC,2025-09-05,00-0030279,Keenan Allen,WR,LAC,KC,11.755725244052798,ridge,v1_evaluated_2025,v1_bundle_inference
2025,1,2025_01_BAL_BUF,2025-09-07,00-0030564,DeAndre Hopkins,WR,BAL,BUF,6.605337919466083,ridge,v1_evaluated_2025,v1_bundle_inference
2025,1,2025_01_ARI_NO,2025-09-07,00-0031236,Brandin Cooks,WR,NO,ARI,8.905068958079799,ridge,v1_evaluated_2025,v1_bundle_inference
2025,1,2025_01_HOU_LA,2025-09-07,00-0031381,Davante Adams,WR,LA,HOU,14.2900486684782,ridge,v1_evaluated_2025,v1_bundle_inference
2025,1,2025_01_TB_ATL,2025-09-07,00-0031408,Mike Evans,WR,TB,ATL,15.637268419868517,ridge,v1_evaluated_2025,v1_bundle_inference
2025,1,2025_01_LV_NE,2025-09-07,00-0031588,Stefon Diggs,WR,NE,LV,10.248136549764446,ridge,v1_evaluated_2025,v1_bundle_inference
2025,1,2025_01_CIN_CLE,2025-09-07,00-0031763,DeAndre Carter,WR,CLE,CIN,2.3569642483836333,ridge,v1_evaluated_2025,v1_bundle_inference
2025,1,2025_01_TEN_DEN,2025-09-07,00-0032211,Tyler Lockett,WR,TEN,DEN,4.7071385386632425,ridge,v1_evaluated_2025,v1_bundle_inference
2025,1,2025_01_TB_ATL,2025-09-07,00-0032385,Sterling Shepard,WR,TB,ATL,9.609649797662088,ridge,v1_evaluated_2025,v1_bundle_inference
2025,1,2025_01_NYG_WAS,2025-09-07,00-0032398,Chris Moore,WR,WAS,NYG,6.111220430263889,ridge,v1_evaluated_2025,v1_bundle_inference
2025,1,2025_01_DET_GB,2025-09-07,00-0032464,Kalif Raymond,WR,DET,GB,3.1756799189677096,ridge,v1_evaluated_2025,v1_bundle_inference
2025,1,2025_01_MIA_IND,2025-09-07,00-0033040,Tyreek Hill,WR,MIA,IND,11.26766270562446,ridge,v1_evaluated_2025,v1_bundle_inference
2025,1,2025_01_LV_NE,2025-09-07,00-0033555,Mack Hollins,WR,NE,LV,8.147862338292539,ridge,v1_evaluated_2025,v1_bundle_inference
2025,1,2025_01_TB_ATL,2025-09-07,00-0033572,Jamal Agnew,WR,ATL,TB,5.123970887910535,ridge,v1_evaluated_2025,v1_bundle_inference
2025,1,2025_01_CAR_JAX,2025-09-07,00-0033589,David Moore,WR,CAR,JAX,6.709167990927989,ridge,v1_evaluated_2025,v1_bundle_inference
2025,1,2025_01_NYG_WAS,2025-09-07,00-0033591,Noah Brown,WR,WAS,NYG,8.372205894929067,ridge,v1_evaluated_2025,v1_bundle_inference
2025,1,2025_01_KC_LAC,2025-09-05,00-0033857,JuJu Smith-Schuster,WR,KC,LAC,7.900622977762987,ridge,v1_evaluated_2025,v1_bundle_inference
2025,1,2025_01_ARI_NO,2025-09-07,00-0033891,Zay Jones,WR,ARI,NO,5.750344926504826,ridge,v1_evaluated_2025,v1_bundle_inference
2025,1,2025_01_SF_SEA,2025-09-07,00-0033908,Cooper Kupp,WR,SEA,SF,8.436951075125116,ridge,v1_evaluated_2025,v1_bundle_inference
2025,1,2025_01_PIT_NYJ,2025-09-07,00-0033943,Josh Reynolds,WR,NYJ,PIT,3.4317864348772034,ridge,v1_evaluated_2025,v1_bundle_inference
2025,1,2025_01_TEN_DEN,2025-09-07,00-0034348,Courtland Sutton,WR,DEN,TEN,12.589386525703006,ridge,v1_evaluated_2025,v1_bundle_inference
2025,1,2025_01_HOU_LA,2025-09-07,00-0034386,Justin Watson,WR,HOU,LA,6.570429207964121,ridge,v1_evaluated_2025,v1_bundle_inference
2025,1,2025_01_TB_ATL,2025-09-07,00-0034407,Ray-Ray McCloud,WR,ATL,TB,12.336529154211105,ridge,v1_evaluated_2025,v1_bundle_inference
2025,1,2025_01_TEN_DEN,2025-09-07,00-0034487,Trent Sherfield,WR,DEN,TEN,2.5543848515069945,ridge,v1_evaluated_2025,v1_bundle_inference
2025,1,2025_01_MIN_CHI,2025-09-08,00-0034827,DJ Moore,WR,CHI,MIN,14.419628540084897,ridge,v1_evaluated_2025,v1_bundle_inference
2025,1,2025_01_TEN_DEN,2025-09-07,00-0034837,Calvin Ridley,WR,TEN,DEN,9.953303430505203,ridge,v1_evaluated_2025,v1_bundle_inference
2025,1,2025_01_TB_ATL,2025-09-07,00-0034854,KhaDarel Hodge,WR,ATL,TB,8.629693111340016,ridge,v1_evaluated_2025,v1_bundle_inference
2025,1,2025_01_LV_NE,2025-09-07,00-0034960,Jakobi Meyers,WR,LV,NE,11.832132463757263,ridge,v1_evaluated_2025,v1_bundle_inference
2025,1,2025_01_CAR_JAX,2025-09-07,00-0034983,Hunter Renfrow,WR,CAR,JAX,3.7338411035632717,ridge,v1_evaluated_2025,v1_bundle_inference
2025,1,2025_01_MIA_IND,2025-09-07,00-0035021,Ashton Dulin,WR,IND,MIA,3.491988167357105,ridge,v1_evaluated_2025,v1_bundle_inference
2025,1,2025_01_MIN_CHI,2025-09-08,00-0035208,Olamide Zaccheaus,WR,CHI,MIN,7.930073686453859,ridge,v1_evaluated_2025,v1_bundle_inference
2025,1,2025_01_ARI_NO,2025-09-07,00-0035500,Greg Dortch,WR,ARI,NO,6.5700529480001215,ridge,v1_evaluated_2025,v1_bundle_inference
2025,1,2025_01_NYG_WAS,2025-09-07,00-0035535,Darius Slayton,WR,NYG,WAS,7.83815154057856,ridge,v1_evaluated_2025,v1_bundle_inference
2025,1,2025_01_LV_NE,2025-09-07,00-0035602,Alex Bachman,WR,LV,NE,1.9324496959930677,ridge,v1_evaluated_2025,v1_bundle_inference
2025,1,2025_01_PIT_NYJ,2025-09-07,00-0035640,DK Metcalf,WR,PIT,NYJ,8.713669741369474,ridge,v1_evaluated_2025,v1_bundle_inference
2025,1,2025_01_NYG_WAS,2025-09-07,00-0035645,Gunner Olszewski,WR,NYG,WAS,2.3208355388770787,ridge,v1_evaluated_2025,v1_bundle_inference
2025,1,2025_01_NYG_WAS,2025-09-07,00-0035659,Terry McLaurin,WR,WAS,NYG,12.328308542426523,ridge,v1_evaluated_2025,v1_bundle_inference
2025,1,2025_01_KC_LAC,2025-09-05,00-0035662,Marquise Brown,WR,KC,LAC,8.900801263149221,ridge,v1_evaluated_2025,v1_bundle_inference
2025,1,2025_01_DAL_PHI,2025-09-04,00-0035676,A.J. Brown,WR,PHI,DAL,12.451240653485245,ridge,v1_evaluated_2025,v1_bundle_inference
2025,1,2025_01_NYG_WAS,2025-09-07,00-0035719,Deebo Samuel Sr.,WR,WAS,NYG,10.446325237148866,ridge,v1_evaluated_2025,v1_bundle_inference
2025,1,2025_01_SF_SEA,2025-09-07,00-0035891,Cody White,WR,SEA,SF,4.7831557597758,ridge,v1_evaluated_2025,v1_bundle_inference
2025,1,2025_01_MIA_IND,2025-09-07,00-0036182,Nick Westbrook-Ikhine,WR,MIA,IND,8.908630797952467,ridge,v1_evaluated_2025,v1_bundle_inference
2025,1,2025_01_MIA_IND,2025-09-07,00-0036252,Michael Pittman,WR,IND,MIA,12.180904644949514,ridge,v1_evaluated_2025,v1_bundle_inference
2025,1,2025_01_SF_SEA,2025-09-07,00-0036259,Jauan Jennings,WR,SF,SEA,10.114547555189745,ridge,v1_evaluated_2025,v1_bundle_inference
2025,1,2025_01_MIN_CHI,2025-09-08,00-0036322,Justin Jefferson,WR,MIN,CHI,14.594185600967931,ridge,v1_evaluated_2025,v1_bundle_inference
2025,1,2025_01_MIN_CHI,2025-09-08,00-0036331,Devin Duvernay,WR,CHI,MIN,2.437237491270217,ridge,v1_evaluated_2025,v1_bundle_inference
2025,1,2025_01_DAL_PHI,2025-09-04,00-0036358,CeeDee Lamb,WR,DAL,PHI,14.173736270164088,ridge,v1_evaluated_2025,v1_bundle_inference
2025,1,2025_01_CIN_CLE,2025-09-07,00-0036407,Jerry Jeudy,WR,CLE,CIN,13.315094889231247,ridge,v1_evaluated_2025,v1_bundle_inference
2025,1,2025_01_CIN_CLE,2025-09-07,00-0036410,Tee Higgins,WR,CIN,CLE,12.393282986388925,ridge,v1_evaluated_2025,v1_bundle_inference
2025,1,2025_01_PIT_NYJ,2025-09-07,00-0036427,Tyler Johnson,WR,NYJ,PIT,5.6365741651502494,ridge,v1_evaluated_2025,v1_bundle_inference
2025,1,2025_01_BAL_BUF,2025-09-07,00-0036550,Rashod Bateman,WR,BAL,BUF,7.738380415765713,ridge,v1_evaluated_2025,v1_bundle_inference
2025,1,2025_01_HOU_LA,2025-09-07,00-0036554,Nico Collins,WR,HOU,LA,9.549833346176564,ridge,v1_evaluated_2025,v1_bundle_inference
2025,1,2025_01_MIA_IND,2025-09-07,00-0036613,Jaylen Waddle,WR,MIA,IND,12.505462333293616,ridge,v1_evaluated_2025,v1_bundle_inference
2025,1,2025_01_MIA_IND,2025-09-07,00-0036620,Dee Eskridge,WR,MIA,IND,3.566360329358038,ridge,v1_evaluated_2025,v1_bundle_inference
2025,1,2025_01_CAR_JAX,2025-09-07,00-0036626,Dyami Brown,WR,JAX,CAR,6.4455790243903675,ridge,v1_evaluated_2025,v1_bundle_inference
2025,1,2025_01_BAL_BUF,2025-09-07,00-0036630,Tylan Wallace,WR,BAL,BUF,4.672520193426812,ridge,v1_evaluated_2025,v1_bundle_inference
2025,1,2025_01_HOU_LA,2025-09-07,00-0036849,Tutu Atwell,WR,LA,HOU,7.461148189408026,ridge,v1_evaluated_2025,v1_bundle_inference
2025,1,2025_01_PIT_NYJ,2025-09-07,00-0036862,Ben Skowronek,WR,PIT,NYJ,3.0496392391141436,ridge,v1_evaluated_2025,v1_bundle_inference
2025,1,2025_01_CIN_CLE,2025-09-07,00-0036900,Ja'Marr Chase,WR,CIN,CLE,17.078742303812795,ridge,v1_evaluated_2025,v1_bundle_inference
2025,1,2025_01_DAL_PHI,2025-09-04,00-0036912,DeVonta Smith,WR,PHI,DAL,12.869709300032245,ridge,v1_evaluated_2025,v1_bundle_inference
2025,1,2025_01_DET_GB,2025-09-07,00-0036963,Amon-Ra St. Brown,WR,DET,GB,13.225882730621251,ridge,v1_evaluated_2025,v1_bundle_inference
2025,1,2025_01_BAL_BUF,2025-09-07,00-0036980,Elijah Moore,WR,BUF,BAL,7.521745927465248,ridge,v1_evaluated_2025,v1_bundle_inference
2025,1,2025_01_BAL_BUF,2025-09-07,00-0036988,Josh Palmer,WR,BUF,BAL,6.550906919926951,ridge,v1_evaluated_2025,v1_bundle_inference
2025,1,2025_01_DET_GB,2025-09-07,00-0037091,Bo Melton,WR,GB,DET,6.121414038279362,ridge,v1_evaluated_2025,v1_bundle_inference
2025,1,2025_01_TB_ATL,2025-09-07,00-0037238,Drake London,WR,ATL,TB,15.54778007263138,ridge,v1_evaluated_2025,v1_bundle_inference
2025,1,2025_01_ARI_NO,2025-09-07,00-0037239,Chris Olave,WR,NO,ARI,6.872798984053171,ridge,v1_evaluated_2025,v1_bundle_inference
2025,1,2025_01_DET_GB,2025-09-07,00-0037240,Jameson Williams,WR,DET,GB,12.199145640530613,ridge,v1_evaluated_2025,v1_bundle_inference
2025,1,2025_01_DAL_PHI,2025-09-04,00-0037247,George Pickens,WR,DAL,PHI,10.288373145769777,ridge,v1_evaluated_2025,v1_bundle_inference
2025,1,2025_01_BAL_BUF,2025-09-07,00-0037261,Khalil Shakir,WR,BUF,BAL,9.388030288848572,ridge,v1_evaluated_2025,v1_bundle_inference
2025,1,2025_01_MIN_CHI,2025-09-08,00-0037291,Jalen Nailor,WR,MIN,CHI,6.16601784187907,ridge,v1_evaluated_2025,v1_bundle_inference
2025,1,2025_01_ARI_NO,2025-09-07,00-0037545,Rashid Shaheed,WR,NO,ARI,12.517057323126075,ridge,v1_evaluated_2025,v1_bundle_inference
2025,1,2025_01_DAL_PHI,2025-09-04,00-0037614,John Metchie III,WR,PHI,DAL,6.246118772658212,ridge,v1_evaluated_2025,v1_bundle_inference
2025,1,2025_01_MIA_IND,2025-09-07,00-0037664,Alec Pierce,WR,IND,MIA,9.451020219221272,ridge,v1_evaluated_2025,v1_bundle_inference
2025,1,2025_01_DAL_PHI,2025-09-04,00-0037666,Jalen Tolbert,WR,DAL,PHI,8.846410501565694,ridge,v1_evaluated_2025,v1_bundle_inference
2025,1,2025_01_PIT_NYJ,2025-09-07,00-0037740,Garrett Wilson,WR,NYJ,PIT,11.647501378990624,ridge,v1_evaluated_2025,v1_bundle_inference
2025,1,2025_01_DAL_PHI,2025-09-04,00-0037741,Jahan Dotson,WR,PHI,DAL,7.432382540880626,ridge,v1_evaluated_2025,v1_bundle_inference
2025,1,2025_01_ARI_NO,2025-09-07,00-0037745,Velus Jones Jr.,WR,NO,ARI,2.9902163033337796,ridge,v1_evaluated_2025,v1_bundle_inference
2025,1,2025_01_DAL_PHI,2025-09-04,00-0037801,KaVontae Turpin,WR,DAL,PHI,8.35951834877424,ridge,v1_evaluated_2025,v1_bundle_inference
2025,1,2025_01_DET_GB,2025-09-07,00-0037816,Romeo Doubs,WR,GB,DET,10.501219815956157,ridge,v1_evaluated_2025,v1_bundle_inference
2025,1,2025_01_PIT_NYJ,2025-09-07,00-0037837,Calvin Austin III,WR,PIT,NYJ,7.486185215735903,ridge,v1_evaluated_2025,v1_bundle_inference
2025,1,2025_01_SF_SEA,2025-09-07,00-0038090,Skyy Moore,WR,SF,SEA,4.26267096266751,ridge,v1_evaluated_2025,v1_bundle_inference
2025,1,2025_01_KC_LAC,2025-09-05,00-0038104,Tyquan Thornton,WR,KC,LAC,3.7822168775800895,ridge,v1_evaluated_2025,v1_bundle_inference
2025,1,2025_01_NYG_WAS,2025-09-07,00-0038117,Wan'Dale Robinson,WR,NYG,WAS,12.200528105909296,ridge,v1_evaluated_2025,v1_bundle_inference
2025,1,2025_01_HOU_LA,2025-09-07,00-0038359,Xavier Smith,WR,LA,HOU,4.045497336302567,ridge,v1_evaluated_2025,v1_bundle_inference
2025,1,2025_01_DET_GB,2025-09-07,00-0038393,Dontayvion Wicks,WR,GB,DET,9.948970096426818,ridge,v1_evaluated_2025,v1_bundle_inference
2025,1,2025_01_KC_LAC,2025-09-05,00-0038492,Jason Brownlee,WR,KC,LAC,5.951717496302281,ridge,v1_evaluated_2025,v1_bundle_inference
2025,1,2025_01_PIT_NYJ,2025-09-07,00-0038496,Xavier Gipson,WR,NYJ,PIT,2.4658549823031617,ridge,v1_evaluated_2025,v1_bundle_inference
2025,1,2025_01_KC_LAC,2025-09-05,00-0038519,Nikko Remigio,WR,KC,LAC,6.722729194018459,ridge,v1_evaluated_2025,v1_bundle_inference
2025,1,2025_01_SF_SEA,2025-09-07,00-0038543,Jaxon Smith-Njigba,WR,SEA,SF,13.044355698444177,ridge,v1_evaluated_2025,v1_bundle_inference
2025,1,2025_01_KC_LAC,2025-09-05,00-0038544,Quentin Johnston,WR,LAC,KC,13.130933335593244,ridge,v1_evaluated_2025,v1_bundle_inference
2025,1,2025_01_ARI_NO,2025-09-07,00-0038559,Michael Wilson,WR,ARI,NO,8.87283290819805,ridge,v1_evaluated_2025,v1_bundle_inference
2025,1,2025_01_LV_NE,2025-09-07,00-0038563,Tre Tucker,WR,LV,NE,7.624650536715612,ridge,v1_evaluated_2025,v1_bundle_inference
2025,1,2025_01_KC_LAC,2025-09-05,00-0038573,Derius Davis,WR,LAC,KC,6.330104958545656,ridge,v1_evaluated_2025,v1_bundle_inference
2025,1,2025_01_CIN_CLE,2025-09-07,00-0038576,Charlie Jones,WR,CIN,CLE,3.031984637903843,ridge,v1_evaluated_2025,v1_bundle_inference
2025,1,2025_01_CAR_JAX,2025-09-07,00-0038606,Parker Washington,WR,JAX,CAR,9.481586409147866,ridge,v1_evaluated_2025,v1_bundle_inference
2025,1,2025_01_LV_NE,2025-09-07,00-0038608,Kayshon Boutte,WR,NE,LV,10.256826991156657,ridge,v1_evaluated_2025,v1_bundle_inference
2025,1,2025_01_HOU_LA,2025-09-07,00-0038618,Xavier Hutchinson,WR,HOU,LA,6.5806163754690505,ridge,v1_evaluated_2025,v1_bundle_inference
2025,1,2025_01_LV_NE,2025-09-07,00-0038621,DeMario Douglas,WR,NE,LV,9.084263108901341,ridge,v1_evaluated_2025,v1_bundle_inference
2025,1,2025_01_TB_ATL,2025-09-07,00-0038824,Ryan Miller,WR,TB,ATL,7.2390697483369975,ridge,v1_evaluated_2025,v1_bundle_inference
2025,1,2025_01_CAR_JAX,2025-09-07,00-0038840,Brycen Tremayne,WR,CAR,JAX,1.9117067492999604,ridge,v1_evaluated_2025,v1_bundle_inference
2025,1,2025_01_TEN_DEN,2025-09-07,00-0038976,Marvin Mims Jr.,WR,DEN,TEN,10.405632366108268,ridge,v1_evaluated_2025,v1_bundle_inference
2025,1,2025_01_CIN_CLE,2025-09-07,00-0038979,Cedric Tillman,WR,CLE,CIN,9.844186844273315,ridge,v1_evaluated_2025,v1_bundle_inference
2025,1,2025_01_MIA_IND,2025-09-07,00-0038997,Josh Downs,WR,IND,MIA,10.653956724825516,ridge,v1_evaluated_2025,v1_bundle_inference
2025,1,2025_01_BAL_BUF,2025-09-07,00-0039064,Zay Flowers,WR,BAL,BUF,7.085538023280277,ridge,v1_evaluated_2025,v1_bundle_inference
2025,1,2025_01_HOU_LA,2025-09-07,00-0039075,Puka Nacua,WR,LA,HOU,17.777976542751986,ridge,v1_evaluated_2025,v1_bundle_inference
2025,1,2025_01_DET_GB,2025-09-07,00-0039146,Jayden Reed,WR,GB,DET,9.444736306887377,ridge,v1_evaluated_2025,v1_bundle_inference
2025,1,2025_01_NYG_WAS,2025-09-07,00-0039337,Malik Nabers,WR,NYG,WAS,13.41901251805821,ridge,v1_evaluated_2025,v1_bundle_inference
2025,1,2025_01_CAR_JAX,2025-09-07,00-0039342,Xavier Legette,WR,CAR,JAX,7.998116257833655,ridge,v1_evaluated_2025,v1_bundle_inference
2025,1,2025_01_NYG_WAS,2025-09-07,00-0039355,Luke McCaffrey,WR,WAS,NYG,3.742913645949502,ridge,v1_evaluated_2025,v1_bundle_inference
2025,1,2025_01_CIN_CLE,2025-09-07,00-0039379,Jamari Thrash,WR,CLE,CIN,5.284828125269543,ridge,v1_evaluated_2025,v1_bundle_inference
2025,1,2025_01_TB_ATL,2025-09-07,00-0039394,Casey Washington,WR,ATL,TB,4.661436756511151,ridge,v1_evaluated_2025,v1_bundle_inference
2025,1,2025_01_ARI_NO,2025-09-07,00-0039424,Devaughn Vele,WR,NO,ARI,6.091608414834647,ridge,v1_evaluated_2025,v1_bundle_inference
2025,1,2025_01_TB_ATL,2025-09-07,00-0039589,Kameron Johnson,WR,TB,ATL,5.800820929755741,ridge,v1_evaluated_2025,v1_bundle_inference
2025,1,2025_01_TEN_DEN,2025-09-07,00-0039650,Bryce Oliver,WR,TEN,DEN,2.7673174315775615,ridge,v1_evaluated_2025,v1_bundle_inference
2025,1,2025_01_HOU_LA,2025-09-07,00-0039751,Jordan Whittington,WR,LA,HOU,5.644143478331352,ridge,v1_evaluated_2025,v1_bundle_inference
2025,1,2025_01_MIA_IND,2025-09-07,00-0039816,Anthony Gould,WR,IND,MIA,2.6116608788695217,ridge,v1_evaluated_2025,v1_bundle_inference
2025,1,2025_01_ARI_NO,2025-09-07,00-0039849,Marvin Harrison Jr.,WR,ARI,NO,9.956509000979686,ridge,v1_evaluated_2025,v1_bundle_inference
2025,1,2025_01_TEN_DEN,2025-09-07,00-0039868,Troy Franklin,WR,DEN,TEN,6.479463094929752,ridge,v1_evaluated_2025,v1_bundle_inference
2025,1,2025_01_MIA_IND,2025-09-07,00-0039880,Malik Washington,WR,MIA,IND,9.193378183247562,ridge,v1_evaluated_2025,v1_bundle_inference
2025,1,2025_01_MIA_IND,2025-09-07,00-0039890,Adonai Mitchell,WR,IND,MIA,4.381170896274124,ridge,v1_evaluated_2025,v1_bundle_inference
2025,1,2025_01_CAR_JAX,2025-09-07,00-0039893,Brian Thomas Jr.,WR,JAX,CAR,16.53371394517965,ridge,v1_evaluated_2025,v1_bundle_inference
2025,1,2025_01_KC_LAC,2025-09-05,00-0039894,Xavier Worthy,WR,KC,LAC,12.834535604332043,ridge,v1_evaluated_2025,v1_bundle_inference
2025,1,2025_01_BAL_BUF,2025-09-07,00-0039901,Keon Coleman,WR,BUF,BAL,9.158438285930695,ridge,v1_evaluated_2025,v1_bundle_inference
2025,1,2025_01_KC_LAC,2025-09-05,00-0039915,Ladd McConkey,WR,LAC,KC,13.023313574704874,ridge,v1_evaluated_2025,v1_bundle_inference
2025,1,2025_01_SF_SEA,2025-09-07,00-0039916,Ricky Pearsall,WR,SF,SEA,12.048288592447252,ridge,v1_evaluated_2025,v1_bundle_inference
2025,1,2025_01_MIN_CHI,2025-09-08,00-0039919,Rome Odunze,WR,CHI,MIN,8.963728102115272,ridge,v1_evaluated_2025,v1_bundle_inference
2025,1,2025_01_DET_GB,2025-09-07,00-0040009,Savion Williams,WR,GB,DET,5.666802939589822,ridge,v1_evaluated_2025,v1_bundle_inference
2025,1,2025_01_BAL_BUF,2025-09-07,00-0040075,LaJohntay Wester,WR,BAL,BUF,3.5900248546151854,ridge,v1_evaluated_2025,v1_bundle_inference
2025,1,2025_01_CAR_JAX,2025-09-07,00-0040124,Tetairoa McMillan,WR,CAR,JAX,4.131195216972376,ridge,v1_evaluated_2025,v1_bundle_inference
2025,1,2025_01_TB_ATL,2025-09-07,00-0040129,Emeka Egbuka,WR,TB,ATL,6.728943452736659,ridge,v1_evaluated_2025,v1_bundle_inference
2025,1,2025_01_HOU_LA,2025-09-07,00-0040130,Jayden Higgins,WR,HOU,LA,4.897340734001446,ridge,v1_evaluated_2025,v1_bundle_inference
2025,1,2025_01_LV_NE,2025-09-07,00-0040131,Kyle Williams,WR,NE,LV,4.572116074529513,ridge,v1_evaluated_2025,v1_bundle_inference
2025,1,2025_01_HOU_LA,2025-09-07,00-0040138,Jaylin Noel,WR,HOU,LA,4.897340734001446,ridge,v1_evaluated_2025,v1_bundle_inference
2025,1,2025_01_MIN_CHI,2025-09-08,00-0040154,Tai Felton,WR,MIN,CHI,4.6945898468194445,ridge,v1_evaluated_2025,v1_bundle_inference
2025,1,2025_01_NYG_WAS,2025-09-07,00-0040164,Jaylin Lane,WR,WAS,NYG,4.7511818113349165,ridge,v1_evaluated_2025,v1_bundle_inference
2025,1,2025_01_TEN_DEN,2025-09-07,00-0040170,Elic Ayomanor,WR,TEN,DEN,3.755785714404333,ridge,v1_evaluated_2025,v1_bundle_inference
2025,1,2025_01_KC_LAC,2025-09-05,00-0040184,KeAndre Lambert-Smith,WR,LAC,KC,5.474043301317989,ridge,v1_evaluated_2025,v1_bundle_inference
2025,1,2025_01_TB_ATL,2025-09-07,00-0040237,Tez Johnson,WR,TB,ATL,6.728943452736659,ridge,v1_evaluated_2025,v1_bundle_inference
2025,1,2025_01_MIN_CHI,2025-09-08,00-0040506,Myles Price,WR,MIN,CHI,4.6945898468194445,ridge,v1_evaluated_2025,v1_bundle_inference
2025,1,2025_01_LV_NE,2025-09-07,00-0040581,Dont'e Thornton Jr.,WR,LV,NE,4.164229768592504,ridge,v1_evaluated_2025,v1_bundle_inference
2025,1,2025_01_PIT_NYJ,2025-09-07,00-0040582,Arian Smith,WR,NYJ,PIT,3.9313804001987425,ridge,v1_evaluated_2025,v1_bundle_inference
2025,1,2025_01_SF_SEA,2025-09-07,00-0040648,Tory Horton,WR,SEA,SF,5.240323526950849,ridge,v1_evaluated_2025,v1_bundle_inference
2025,1,2025_01_DET_GB,2025-09-07,00-0040667,Matthew Golden,WR,GB,DET,5.666802939589822,ridge,v1_evaluated_2025,v1_bundle_inference
2025,1,2025_01_DET_GB,2025-09-07,00-0040669,Isaac TeSlaa,WR,DET,GB,4.680302610457962,ridge,v1_evaluated_2025,v1_bundle_inference
2025,1,2025_01_TEN_DEN,2025-09-07,00-0040705,Chimere Dike,WR,TEN,DEN,3.755785714404333,ridge,v1_evaluated_2025,v1_bundle_inference
2025,1,2025_01_KC_LAC,2025-09-05,00-0040727,Tre Harris,WR,LAC,KC,5.474043301317989,ridge,v1_evaluated_2025,v1_bundle_inference
2025,1,2025_01_LV_NE,2025-09-07,00-0040729,Jack Bech,WR,LV,NE,4.164229768592504,ridge,v1_evaluated_2025,v1_bundle_inference
2025,1,2025_01_MIN_CHI,2025-09-08,00-0040735,Luther Burden III,WR,CHI,MIN,4.221514638948232,ridge,v1_evaluated_2025,v1_bundle_inference
2025,1,2025_01_CIN_CLE,2025-09-07,00-0040782,Isaiah Bond,WR,CLE,CIN,5.038247820475387,ridge,v1_evaluated_2025,v1_bundle_inference
2025,2,2025_02_SEA_PIT,2025-09-14,00-0023459,Aaron Rodgers,QB,PIT,SEA,16.66554896973969,hist_gradient_boosting,v1_evaluated_2025,v1_bundle_inference
2025,2,2025_02_CLE_BAL,2025-09-14,00-0026158,Joe Flacco,QB,CLE,BAL,13.608792065882684,hist_gradient_boosting,v1_evaluated_2025,v1_bundle_inference
2025,2,2025_02_LA_TEN,2025-09-14,00-0026498,Matthew Stafford,QB,LA,TEN,14.537595170754496,hist_gradient_boosting,v1_evaluated_2025,v1_bundle_inference
2025,2,2025_02_BUF_NYJ,2025-09-14,00-0028118,Tyrod Taylor,QB,NYJ,BUF,6.395095812531613,hist_gradient_boosting,v1_evaluated_2025,v1_bundle_inference
2025,2,2025_02_NYG_DAL,2025-09-14,00-0029263,Russell Wilson,QB,NYG,DAL,21.497714138808707,hist_gradient_boosting,v1_evaluated_2025,v1_bundle_inference
2025,2,2025_02_LAC_LV,2025-09-15,00-0030565,Geno Smith,QB,LV,LAC,16.27812439650414,hist_gradient_boosting,v1_evaluated_2025,v1_bundle_inference
2025,2,2025_02_NYG_DAL,2025-09-14,00-0033077,Dak Prescott,QB,DAL,NYG,17.430667507593558,hist_gradient_boosting,v1_evaluated_2025,v1_bundle_inference
2025,2,2025_02_CHI_DET,2025-09-14,00-0033106,Jared Goff,QB,DET,CHI,19.106369594431108,hist_gradient_boosting,v1_evaluated_2025,v1_bundle_inference
2025,2,2025_02_CAR_ARI,2025-09-14,00-0033119,Jacoby Brissett,QB,ARI,CAR,9.578361725639386,hist_gradient_boosting,v1_evaluated_2025,v1_bundle_inference
2025,2,2025_02_CLE_BAL,2025-09-14,00-0033662,Cooper Rush,QB,BAL,CLE,8.069318393916125,hist_gradient_boosting,v1_evaluated_2025,v1_bundle_inference
2025,2,2025_02_BUF_NYJ,2025-09-14,00-0033869,Mitchell Trubisky,QB,BUF,NYJ,3.957090228437435,hist_gradient_boosting,v1_evaluated_2025,v1_bundle_inference
2025,2,2025_02_PHI_KC,2025-09-14,00-0033873,Patrick Mahomes,QB,KC,PHI,24.066382008540362,hist_gradient_boosting,v1_evaluated_2025,v1_bundle_inference
2025,2,2025_02_SEA_PIT,2025-09-14,00-0034771,Mason Rudolph,QB,PIT,SEA,9.777404726292945,hist_gradient_boosting,v1_evaluated_2025,v1_bundle_inference
2025,2,2025_02_CLE_BAL,2025-09-14,00-0034796,Lamar Jackson,QB,BAL,CLE,21.517806764038152,hist_gradient_boosting,v1_evaluated_2025,v1_bundle_inference
2025,2,2025_02_TB_HOU,2025-09-15,00-0034855,Baker Mayfield,QB,TB,HOU,24.227916422878476,hist_gradient_boosting,v1_evaluated_2025,v1_bundle_inference
2025,2,2025_02_BUF_NYJ,2025-09-14,00-0034857,Josh Allen,QB,BUF,NYJ,21.781946513304813,hist_gradient_boosting,v1_evaluated_2025,v1_bundle_inference
2025,2,2025_02_SEA_PIT,2025-09-14,00-0034869,Sam Darnold,QB,SEA,PIT,16.947396476143375,hist_gradient_boosting,v1_evaluated_2025,v1_bundle_inference
2025,2,2025_02_JAX_CIN,2025-09-14,00-0035100,Jake Browning,QB,CIN,JAX,6.073250014683319,hist_gradient_boosting,v1_evaluated_2025,v1_bundle_inference
2025,2,2025_02_CAR_ARI,2025-09-14,00-0035228,Kyler Murray,QB,ARI,CAR,26.451278241370318,hist_gradient_boosting,v1_evaluated_2025,v1_bundle_inference
2025,2,2025_02_DEN_IND,2025-09-14,00-0035710,Daniel Jones,QB,IND,DEN,22.494647690524612,hist_gradient_boosting,v1_evaluated_2025,v1_bundle_inference
2025,2,2025_02_NE_MIA,2025-09-14,00-0036212,Tua Tagovailoa,QB,MIA,NE,14.848565366623319,hist_gradient_boosting,v1_evaluated_2025,v1_bundle_inference
2025,2,2025_02_WAS_GB,2025-09-11,00-0036264,Jordan Love,QB,GB,WAS,16.304985124126194,hist_gradient_boosting,v1_evaluated_2025,v1_bundle_inference
2025,2,2025_02_LAC_LV,2025-09-15,00-0036355,Justin Herbert,QB,LAC,LV,24.520281061506722,hist_gradient_boosting,v1_evaluated_2025,v1_bundle_inference
2025,2,2025_02_PHI_KC,2025-09-14,00-0036389,Jalen Hurts,QB,PHI,KC,18.638817258409055,hist_gradient_boosting,v1_evaluated_2025,v1_bundle_inference
2025,2,2025_02_JAX_CIN,2025-09-14,00-0036442,Joe Burrow,QB,CIN,JAX,19.070190997284495,hist_gradient_boosting,v1_evaluated_2025,v1_bundle_inference
2025,2,2025_02_BUF_NYJ,2025-09-14,00-0036945,Justin Fields,QB,NYJ,BUF,17.089359569359843,hist_gradient_boosting,v1_evaluated_2025,v1_bundle_inference
2025,2,2025_02_JAX_CIN,2025-09-14,00-0036971,Trevor Lawrence,QB,JAX,CIN,13.69730699440194,hist_gradient_boosting,v1_evaluated_2025,v1_bundle_inference
2025,2,2025_02_SF_NO,2025-09-14,00-0036972,Mac Jones,QB,SF,NO,12.347027316137313,hist_gradient_boosting,v1_evaluated_2025,v1_bundle_inference
2025,2,2025_02_CHI_DET,2025-09-14,00-0038416,Tyson Bagent,QB,CHI,DET,3.5793242599824584,hist_gradient_boosting,v1_evaluated_2025,v1_bundle_inference
2025,2,2025_02_CAR_ARI,2025-09-14,00-0039150,Bryce Young,QB,CAR,ARI,19.84531174512394,hist_gradient_boosting,v1_evaluated_2025,v1_bundle_inference
2025,2,2025_02_TB_HOU,2025-09-15,00-0039163,C.J. Stroud,QB,HOU,TB,15.465523098230072,hist_gradient_boosting,v1_evaluated_2025,v1_bundle_inference
2025,2,2025_02_SF_NO,2025-09-14,00-0039376,Spencer Rattler,QB,NO,SF,13.560046429779865,hist_gradient_boosting,v1_evaluated_2025,v1_bundle_inference
2025,2,2025_02_DEN_IND,2025-09-14,00-0039732,Bo Nix,QB,DEN,IND,22.144216552737948,hist_gradient_boosting,v1_evaluated_2025,v1_bundle_inference
2025,2,2025_02_NE_MIA,2025-09-14,00-0039851,Drake Maye,QB,NE,MIA,15.370218385278584,hist_gradient_boosting,v1_evaluated_2025,v1_bundle_inference
2025,2,2025_02_WAS_GB,2025-09-11,00-0039910,Jayden Daniels,QB,WAS,GB,21.721571044089906,hist_gradient_boosting,v1_evaluated_2025,v1_bundle_inference
2025,2,2025_02_ATL_MIN,2025-09-14,00-0039917,Michael Penix Jr.,QB,ATL,MIN,16.66687672391196,hist_gradient_boosting,v1_evaluated_2025,v1_bundle_inference
2025,2,2025_02_CHI_DET,2025-09-14,00-0039918,Caleb Williams,QB,CHI,DET,18.095159879517954,hist_gradient_boosting,v1_evaluated_2025,v1_bundle_inference
2025,2,2025_02_ATL_MIN,2025-09-14,00-0039923,J.J. McCarthy,QB,MIN,ATL,20.40159474280073,hist_gradient_boosting,v1_evaluated_2025,v1_bundle_inference
2025,2,2025_02_LA_TEN,2025-09-14,00-0040676,Cam Ward,QB,TEN,LA,9.323738696279394,hist_gradient_boosting,v1_evaluated_2025,v1_bundle_inference
2025,2,2025_02_NYG_DAL,2025-09-14,00-0040691,Jaxson Dart,QB,NYG,DAL,6.088321735910583,hist_gradient_boosting,v1_evaluated_2025,v1_bundle_inference
2025,2,2025_02_CLE_BAL,2025-09-14,00-0040704,Dillon Gabriel,QB,CLE,BAL,4.818142132376175,hist_gradient_boosting,v1_evaluated_2025,v1_bundle_inference
2025,2,2025_02_CLE_BAL,2025-09-14,00-0032764,Derrick Henry,RB,BAL,CLE,18.090954522523408,random_forest,v1_evaluated_2025,v1_bundle_inference
2025,2,2025_02_SF_NO,2025-09-14,00-0033280,Christian McCaffrey,RB,SF,NO,17.362171484028515,random_forest,v1_evaluated_2025,v1_bundle_inference
2025,2,2025_02_ATL_MIN,2025-09-14,00-0033293,Aaron Jones,RB,MIN,ATL,13.20263807560602,random_forest,v1_evaluated_2025,v1_bundle_inference
2025,2,2025_02_JAX_CIN,2025-09-14,00-0033526,Samaje Perine,RB,CIN,JAX,4.622192997605821,random_forest,v1_evaluated_2025,v1_bundle_inference
2025,2,2025_02_CAR_ARI,2025-09-14,00-0033553,James Conner,RB,ARI,CAR,16.70701147450531,random_forest,v1_evaluated_2025,v1_bundle_inference
2025,2,2025_02_WAS_GB,2025-09-11,00-0033699,Austin Ekeler,RB,WAS,GB,10.111202537850001,random_forest,v1_evaluated_2025,v1_bundle_inference
2025,2,2025_02_TB_HOU,2025-09-15,00-0033854,Dare Ogunbowale,RB,HOU,TB,5.104222948088775,random_forest,v1_evaluated_2025,v1_bundle_inference
2025,2,2025_02_SF_NO,2025-09-14,00-0033906,Alvin Kamara,RB,NO,SF,13.878747999940364,random_forest,v1_evaluated_2025,v1_bundle_inference
2025,2,2025_02_PHI_KC,2025-09-14,00-0033923,Kareem Hunt,RB,KC,PHI,6.90196242532837,random_forest,v1_evaluated_2025,v1_bundle_inference
2025,2,2025_02_TB_HOU,2025-09-15,00-0034791,Nick Chubb,RB,HOU,TB,9.445913032773325,random_forest,v1_evaluated_2025,v1_bundle_inference
2025,2,2025_02_PHI_KC,2025-09-14,00-0034844,Saquon Barkley,RB,PHI,KC,16.792980732525983,random_forest,v1_evaluated_2025,v1_bundle_inference
2025,2,2025_02_CLE_BAL,2025-09-14,00-0034975,Justice Hill,RB,BAL,CLE,7.1881343950711605,random_forest,v1_evaluated_2025,v1_bundle_inference
2025,2,2025_02_NYG_DAL,2025-09-14,00-0035243,Miles Sanders,RB,DAL,NYG,5.708998160797462,random_forest,v1_evaluated_2025,v1_bundle_inference
2025,2,2025_02_NYG_DAL,2025-09-14,00-0035250,Devin Singletary,RB,NYG,DAL,2.960406727995659,random_forest,v1_evaluated_2025,v1_bundle_inference
2025,2,2025_02_LA_TEN,2025-09-14,00-0035261,Tony Pollard,RB,TEN,LA,11.477257324826583,random_forest,v1_evaluated_2025,v1_bundle_inference
2025,2,2025_02_BUF_NYJ,2025-09-14,00-0035537,Ty Johnson,RB,BUF,NYJ,5.712469508150375,random_forest,v1_evaluated_2025,v1_bundle_inference
2025,2,2025_02_CHI_DET,2025-09-14,00-0035567,Craig Reynolds,RB,DET,CHI,2.3242776253559545,random_forest,v1_evaluated_2025,v1_bundle_inference
2025,2,2025_02_CHI_DET,2025-09-14,00-0035685,David Montgomery,RB,DET,CHI,12.008029905908796,random_forest,v1_evaluated_2025,v1_bundle_inference
2025,2,2025_02_WAS_GB,2025-09-11,00-0035700,Josh Jacobs,RB,GB,WAS,15.900185064535002,random_forest,v1_evaluated_2025,v1_bundle_inference
2025,2,2025_02_TB_HOU,2025-09-15,00-0035726,Jakob Johnson,RB,HOU,TB,1.5035680579797457,random_forest,v1_evaluated_2025,v1_bundle_inference
2025,2,2025_02_CAR_ARI,2025-09-14,00-0036139,Rico Dowdle,RB,CAR,ARI,7.93955441082252,random_forest,v1_evaluated_2025,v1_bundle_inference
2025,2,2025_02_DEN_IND,2025-09-14,00-0036158,J.K. Dobbins,RB,DEN,IND,13.57309294371679,random_forest,v1_evaluated_2025,v1_bundle_inference
2025,2,2025_02_BUF_NYJ,2025-09-14,00-0036187,Reggie Gilliam,RB,BUF,NYJ,2.916264372664372,random_forest,v1_evaluated_2025,v1_bundle_inference
2025,2,2025_02_DEN_IND,2025-09-14,00-0036223,Jonathan Taylor,RB,IND,DEN,15.1148977783663,random_forest,v1_evaluated_2025,v1_bundle_inference
2025,2,2025_02_PHI_KC,2025-09-14,00-0036265,AJ Dillon,RB,PHI,KC,3.2908646524499474,random_forest,v1_evaluated_2025,v1_bundle_inference
2025,2,2025_02_CHI_DET,2025-09-14,00-0036275,D'Andre Swift,RB,CHI,DET,13.836288080340989,random_forest,v1_evaluated_2025,v1_bundle_inference
2025,2,2025_02_NE_MIA,2025-09-14,00-0036328,Antonio Gibson,RB,NE,MIA,6.268322882472422,random_forest,v1_evaluated_2025,v1_bundle_inference
2025,2,2025_02_CAR_ARI,2025-09-14,00-0036555,Chuba Hubbard,RB,CAR,ARI,16.437720372327767,random_forest,v1_evaluated_2025,v1_bundle_inference
2025,2,2025_02_NE_MIA,2025-09-14,00-0036875,Rhamondre Stevenson,RB,NE,MIA,9.123686737770594,random_forest,v1_evaluated_2025,v1_bundle_inference
2025,2,2025_02_LAC_LV,2025-09-15,00-0036893,Najee Harris,RB,LAC,LV,5.146371064697495,random_forest,v1_evaluated_2025,v1_bundle_inference
2025,2,2025_02_SEA_PIT,2025-09-14,00-0036919,Kenny Gainwell,RB,PIT,SEA,8.474169756670346,random_forest,v1_evaluated_2025,v1_bundle_inference
2025,2,2025_02_JAX_CIN,2025-09-14,00-0036973,Travis Etienne,RB,JAX,CIN,15.456474945262569,random_forest,v1_evaluated_2025,v1_bundle_inference
2025,2,2025_02_NYG_DAL,2025-09-14,00-0036997,Javonte Williams,RB,DAL,NYG,14.777659448575445,random_forest,v1_evaluated_2025,v1_bundle_inference
2025,2,2025_02_DEN_IND,2025-09-14,00-0037085,Tyler Badie,RB,DEN,IND,4.5945055228313905,random_forest,v1_evaluated_2025,v1_bundle_inference
2025,2,2025_02_CAR_ARI,2025-09-14,00-0037157,Bam Knight,RB,ARI,CAR,3.887260357725065,random_forest,v1_evaluated_2025,v1_bundle_inference
2025,2,2025_02_PHI_KC,2025-09-14,00-0037197,Isiah Pacheco,RB,KC,PHI,7.679663847939408,random_forest,v1_evaluated_2025,v1_bundle_inference
2025,2,2025_02_SEA_PIT,2025-09-14,00-0037228,Jaylen Warren,RB,PIT,SEA,11.871524779484645,random_forest,v1_evaluated_2025,v1_bundle_inference
2025,2,2025_02_BUF_NYJ,2025-09-14,00-0037248,James Cook,RB,BUF,NYJ,15.165978749196862,random_forest,v1_evaluated_2025,v1_bundle_inference
2025,2,2025_02_TB_HOU,2025-09-15,00-0037256,Rachaad White,RB,TB,HOU,7.826156491488102,random_forest,v1_evaluated_2025,v1_bundle_inference
2025,2,2025_02_ATL_MIN,2025-09-14,00-0037263,Tyler Allgeier,RB,ATL,MIN,6.496872475421607,random_forest,v1_evaluated_2025,v1_bundle_inference
2025,2,2025_02_CLE_BAL,2025-09-14,00-0037267,Jerome Ford,RB,CLE,BAL,10.577261109542055,random_forest,v1_evaluated_2025,v1_bundle_inference
2025,2,2025_02_ATL_MIN,2025-09-14,00-0037525,Jordan Mason,RB,MIN,ATL,10.665838745170097,random_forest,v1_evaluated_2025,v1_bundle_inference
2025,2,2025_02_LAC_LV,2025-09-15,00-0037617,Hassan Haskins,RB,LAC,LV,2.3460617746632466,random_forest,v1_evaluated_2025,v1_bundle_inference
2025,2,2025_02_SF_NO,2025-09-14,00-0037746,Brian Robinson,RB,SF,NO,6.291659528560823,random_forest,v1_evaluated_2025,v1_bundle_inference
2025,2,2025_02_LA_TEN,2025-09-14,00-0037840,Kyren Williams,RB,LA,TEN,15.822839266538997,random_forest,v1_evaluated_2025,v1_bundle_inference
2025,2,2025_02_LAC_LV,2025-09-15,00-0038040,Zamir White,RB,LV,LAC,3.7258339258236335,random_forest,v1_evaluated_2025,v1_bundle_inference
2025,2,2025_02_BUF_NYJ,2025-09-14,00-0038120,Breece Hall,RB,NYJ,BUF,15.107010846318008,random_forest,v1_evaluated_2025,v1_bundle_inference
2025,2,2025_02_SEA_PIT,2025-09-14,00-0038134,Kenneth Walker III,RB,SEA,PIT,11.942033451969143,random_forest,v1_evaluated_2025,v1_bundle_inference
2025,2,2025_02_SEA_PIT,2025-09-14,00-0038488,Brady Russell,RB,SEA,PIT,0.3944346389177273,random_forest,v1_evaluated_2025,v1_bundle_inference
2025,2,2025_02_ATL_MIN,2025-09-14,00-0038542,Bijan Robinson,RB,ATL,MIN,20.633616610948096,random_forest,v1_evaluated_2025,v1_bundle_inference
2025,2,2025_02_SF_NO,2025-09-14,00-0038551,Kendre Miller,RB,NO,SF,4.396289899911199,random_forest,v1_evaluated_2025,v1_bundle_inference
2025,2,2025_02_JAX_CIN,2025-09-14,00-0038597,Chase Brown,RB,CIN,JAX,16.182534818252197,random_forest,v1_evaluated_2025,v1_bundle_inference
2025,2,2025_02_LA_TEN,2025-09-14,00-0038678,Jordan Mims,RB,TEN,LA,3.8582488417270127,random_forest,v1_evaluated_2025,v1_bundle_inference
2025,2,2025_02_WAS_GB,2025-09-11,00-0038685,Chris Brooks,RB,GB,WAS,3.618681230942262,random_forest,v1_evaluated_2025,v1_bundle_inference
2025,2,2025_02_NYG_DAL,2025-09-14,00-0038738,Hunter Luepke,RB,DAL,NYG,2.9716723001327874,random_forest,v1_evaluated_2025,v1_bundle_inference
2025,2,2025_02_WAS_GB,2025-09-11,00-0038797,Emanuel Wilson,RB,GB,WAS,3.6730656400516666,random_forest,v1_evaluated_2025,v1_bundle_inference
2025,2,2025_02_CHI_DET,2025-09-14,00-0038896,Jacob Saylors,RB,DET,CHI,0.5178464287074583,random_forest,v1_evaluated_2025,v1_bundle_inference
2025,2,2025_02_TB_HOU,2025-09-15,00-0038951,Sean Tucker,RB,TB,HOU,2.5037495494558186,random_forest,v1_evaluated_2025,v1_bundle_inference
2025,2,2025_02_CHI_DET,2025-09-14,00-0039021,Roschon Johnson,RB,CHI,DET,4.6473076154094715,random_forest,v1_evaluated_2025,v1_bundle_inference
2025,2,2025_02_NE_MIA,2025-09-14,00-0039040,De'Von Achane,RB,MIA,NE,13.964401352438125,random_forest,v1_evaluated_2025,v1_bundle_inference
2025,2,2025_02_CHI_DET,2025-09-14,00-0039139,Jahmyr Gibbs,RB,DET,CHI,18.494253385378226,random_forest,v1_evaluated_2025,v1_bundle_inference
2025,2,2025_02_SEA_PIT,2025-09-14,00-0039165,Zach Charbonnet,RB,SEA,PIT,12.402926748396371,random_forest,v1_evaluated_2025,v1_bundle_inference
2025,2,2025_02_SEA_PIT,2025-09-14,00-0039299,George Holani,RB,SEA,PIT,1.6076055881797364,random_forest,v1_evaluated_2025,v1_bundle_inference
2025,2,2025_02_TB_HOU,2025-09-15,00-0039361,Bucky Irving,RB,TB,HOU,13.98770185072151,random_forest,v1_evaluated_2025,v1_bundle_inference
2025,2,2025_02_SF_NO,2025-09-14,00-0039363,Isaac Guerendo,RB,SF,NO,3.4550820864635874,random_forest,v1_evaluated_2025,v1_bundle_inference
2025,2,2025_02_NYG_DAL,2025-09-14,00-0039384,Tyrone Tracy Jr.,RB,NYG,DAL,11.020785389175089,random_forest,v1_evaluated_2025,v1_bundle_inference
2025,2,2025_02_LAC_LV,2025-09-15,00-0039407,Dylan Laube,RB,LV,LAC,0.7588820903640564,random_forest,v1_evaluated_2025,v1_bundle_inference
2025,2,2025_02_LA_TEN,2025-09-14,00-0039738,Blake Corum,RB,LA,TEN,3.0727155738167355,random_forest,v1_evaluated_2025,v1_bundle_inference
2025,2,2025_02_BUF_NYJ,2025-09-14,00-0039794,Braelon Allen,RB,NYJ,BUF,5.496411349890557,random_forest,v1_evaluated_2025,v1_bundle_inference
2025,2,2025_02_CLE_BAL,2025-09-14,00-0039796,Rasheen Ali,RB,BAL,CLE,2.6728721502897974,random_forest,v1_evaluated_2025,v1_bundle_inference
2025,2,2025_02_BUF_NYJ,2025-09-14,00-0039798,Isaiah Davis,RB,NYJ,BUF,4.325059331376681,random_forest,v1_evaluated_2025,v1_bundle_inference
2025,2,2025_02_BUF_NYJ,2025-09-14,00-0039875,Ray Davis,RB,BUF,NYJ,3.9214584947059046,random_forest,v1_evaluated_2025,v1_bundle_inference
2025,2,2025_02_CAR_ARI,2025-09-14,00-0039921,Trey Benson,RB,ARI,CAR,8.03244517859591,random_forest,v1_evaluated_2025,v1_bundle_inference
2025,2,2025_02_PHI_KC,2025-09-14,00-0040078,Brashard Smith,RB,KC,PHI,0.9966438133217548,random_forest,v1_evaluated_2025,v1_bundle_inference
2025,2,2025_02_LAC_LV,2025-09-15,00-0040122,Ashton Jeanty,RB,LV,LAC,15.643545931160345,random_forest,v1_evaluated_2025,v1_bundle_inference
2025,2,2025_02_SEA_PIT,2025-09-14,00-0040142,Kaleb Johnson,RB,PIT,SEA,4.233102106211358,random_forest,v1_evaluated_2025,v1_bundle_inference
2025,2,2025_02_CLE_BAL,2025-09-14,00-0040162,Dylan Sampson,RB,CLE,BAL,16.03741864181026,random_forest,v1_evaluated_2025,v1_bundle_inference
2025,2,2025_02_DEN_IND,2025-09-14,00-0040179,DJ Giddens,RB,IND,DEN,5.803673718732822,random_forest,v1_evaluated_2025,v1_bundle_inference
2025,2,2025_02_NE_MIA,2025-09-14,00-0040198,Ollie Gordon II,RB,MIA,NE,5.536171292536157,random_forest,v1_evaluated_2025,v1_bundle_inference
2025,2,2025_02_JAX_CIN,2025-09-14,00-0040208,Tahj Brooks,RB,CIN,JAX,0.36196297672772143,random_forest,v1_evaluated_2025,v1_bundle_inference
2025,2,2025_02_CHI_DET,2025-09-14,00-0040236,Kyle Monangai,RB,CHI,DET,3.930215212960699,random_forest,v1_evaluated_2025,v1_bundle_inference
2025,2,2025_02_JAX_CIN,2025-09-14,00-0040238,LeQuint Allen Jr.,RB,JAX,CIN,6.410085588730441,random_forest,v1_evaluated_2025,v1_bundle_inference
2025,2,2025_02_WAS_GB,2025-09-11,00-0040242,Jacory Croskey-Merritt,RB,WAS,GB,11.652961578391508,random_forest,v1_evaluated_2025,v1_bundle_inference
2025,2,2025_02_TB_HOU,2025-09-15,00-0040583,Woody Marks,RB,HOU,TB,3.592007161792458,random_forest,v1_evaluated_2025,v1_bundle_inference
2025,2,2025_02_CAR_ARI,2025-09-14,00-0040644,Trevor Etienne,RB,CAR,ARI,4.082705946912562,random_forest,v1_evaluated_2025,v1_bundle_inference
2025,2,2025_02_SEA_PIT,2025-09-14,00-0040649,Robbie Ouzts,RB,SEA,PIT,2.4604367161204226,random_forest,v1_evaluated_2025,v1_bundle_inference
2025,2,2025_02_LAC_LV,2025-09-15,00-0040666,Omarion Hampton,RB,LAC,LV,11.340071629696986,random_forest,v1_evaluated_2025,v1_bundle_inference
2025,2,2025_02_NYG_DAL,2025-09-14,00-0040715,Cam Skattebo,RB,NYG,DAL,3.2783106313681163,random_forest,v1_evaluated_2025,v1_bundle_inference
2025,2,2025_02_JAX_CIN,2025-09-14,00-0040719,Bhayshul Tuten,RB,JAX,CIN,2.8702343440944444,random_forest,v1_evaluated_2025,v1_bundle_inference
2025,2,2025_02_DEN_IND,2025-09-14,00-0040730,RJ Harvey,RB,DEN,IND,7.863669241657319,random_forest,v1_evaluated_2025,v1_bundle_inference
2025,2,2025_02_NE_MIA,2025-09-14,00-0040734,TreVeyon Henderson,RB,NE,MIA,11.218173170097705,random_forest,v1_evaluated_2025,v1_bundle_inference
2025,2,2025_02_CLE_BAL,2025-09-14,00-0040784,Quinshon Judkins,RB,CLE,BAL,2.657314517154957,random_forest,v1_evaluated_2025,v1_bundle_inference
2025,2,2025_02_WAS_GB,2025-09-11,00-0030061,Zach Ertz,TE,WAS,GB,7.2916931306583646,ridge,v1_evaluated_2025,v1_bundle_inference
2025,2,2025_02_PHI_KC,2025-09-14,00-0030506,Travis Kelce,TE,KC,PHI,10.749184813816653,ridge,v1_evaluated_2025,v1_bundle_inference
2025,2,2025_02_NE_MIA,2025-09-14,00-0032392,Austin Hooper,TE,NE,MIA,3.9898110898002717,ridge,v1_evaluated_2025,v1_bundle_inference
2025,2,2025_02_NE_MIA,2025-09-14,00-0033090,Hunter Henry,TE,NE,MIA,9.92018762097668,ridge,v1_evaluated_2025,v1_bundle_inference
2025,2,2025_02_LA_TEN,2025-09-14,00-0033110,Tyler Higbee,TE,LA,TEN,4.233564557452854,ridge,v1_evaluated_2025,v1_bundle_inference
2025,2,2025_02_DEN_IND,2025-09-14,00-0033217,Mo Alie-Cox,TE,IND,DEN,2.9324534362745442,ridge,v1_evaluated_2025,v1_bundle_inference
2025,2,2025_02_SEA_PIT,2025-09-14,00-0033576,Eric Saubert,TE,SEA,PIT,1.0400794411113345,ridge,v1_evaluated_2025,v1_bundle_inference
2025,2,2025_02_SEA_PIT,2025-09-14,00-0033858,Jonnu Smith,TE,PIT,SEA,12.170744856649485,ridge,v1_evaluated_2025,v1_bundle_inference
2025,2,2025_02_DEN_IND,2025-09-14,00-0033881,Evan Engram,TE,DEN,IND,7.648556966398237,ridge,v1_evaluated_2025,v1_bundle_inference
2025,2,2025_02_CLE_BAL,2025-09-14,00-0033885,David Njoku,TE,CLE,BAL,11.820699888935376,ridge,v1_evaluated_2025,v1_bundle_inference
2025,2,2025_02_LAC_LV,2025-09-15,00-0034159,Will Dissly,TE,LAC,LV,3.847541691337137,ridge,v1_evaluated_2025,v1_bundle_inference
2025,2,2025_02_LAC_LV,2025-09-15,00-0034365,Ian Thomas,TE,LV,LAC,2.514325310987404,ridge,v1_evaluated_2025,v1_bundle_inference
