game_id,season,game_type,week,gameday,weekday,gametime,away_team,away_score,home_team,home_score,location,result,total,overtime,away_rest,home_rest,spread_line,total_line,div_game,roof,surface,temp,wind,stadium_id,stadium,data_split
2018_01_ATL_PHI,2018,REG,1,2018-09-06,Thursday,20:20,ATL,12,PHI,18,Home,6,30,0,7,7,1.0,44.5,0,outdoors,grass,81,8,PHI00,Lincoln Financial Field,training
2018_01_BUF_BAL,2018,REG,1,2018-09-09,Sunday,13:00,BUF,3,BAL,47,Home,44,50,0,7,7,7.5,39.0,0,outdoors,grass,61,12,BAL00,M&T Bank Stadium,training
2018_01_CHI_GB,2018,REG,1,2018-09-09,Sunday,20:20,CHI,23,GB,24,Home,1,47,0,7,7,6.5,45.0,1,outdoors,grass,62,10,GNB00,Lambeau Field,training
2018_01_CIN_IND,2018,REG,1,2018-09-09,Sunday,13:00,CIN,34,IND,23,Home,-11,57,0,7,7,-1.0,47.5,0,closed,fieldturf,,,IND00,Lucas Oil Stadium,training
2018_01_DAL_CAR,2018,REG,1,2018-09-09,Sunday,16:25,DAL,8,CAR,16,Home,8,24,0,7,7,2.5,42.5,0,outdoors,grass,81,9,CAR00,Bank of America Stadium,training
2018_01_HOU_NE,2018,REG,1,2018-09-09,Sunday,13:00,HOU,20,NE,27,Home,7,47,0,7,7,6.0,49.5,0,outdoors,fieldturf,62,10,BOS00,Gillette Stadium,training
2018_01_JAX_NYG,2018,REG,1,2018-09-09,Sunday,13:00,JAX,20,NYG,15,Home,-5,35,0,7,7,-2.5,43.0,0,outdoors,fieldturf,59,7,NYC01,MetLife Stadium,training
2018_01_KC_LAC,2018,REG,1,2018-09-09,Sunday,16:05,KC,38,LAC,28,Home,-10,66,0,7,7,3.5,48.0,1,outdoors,grass,84,8,LAX97,StubHub Center,training
2018_01_LA_OAK,2018,REG,1,2018-09-10,Monday,22:20,LA,33,LV,13,Home,-20,46,0,7,7,-6.0,47.5,0,outdoors,grass,69,10,OAK00,Oakland-Alameda County Coliseum,training
2018_01_NYJ_DET,2018,REG,1,2018-09-10,Monday,19:10,NYJ,48,DET,17,Home,-31,65,0,7,7,7.0,44.0,0,dome,fieldturf,,,DET00,Ford Field,training
2018_01_PIT_CLE,2018,REG,1,2018-09-09,Sunday,13:00,PIT,21,CLE,21,Home,0,42,1,7,7,-3.5,41.0,1,outdoors,grass,58,11,CLE00,FirstEnergy Stadium,training
2018_01_SEA_DEN,2018,REG,1,2018-09-09,Sunday,16:25,SEA,24,DEN,27,Home,3,51,0,7,7,3.0,42.5,0,outdoors,grass,84,5,DEN00,Sports Authority Field at Mile High,training
2018_01_SF_MIN,2018,REG,1,2018-09-09,Sunday,13:00,SF,16,MIN,24,Home,8,40,0,7,7,6.0,46.5,0,dome,sportturf,,,MIN01,U.S. Bank Stadium,training
2018_01_TB_NO,2018,REG,1,2018-09-09,Sunday,13:00,TB,48,NO,40,Home,-8,88,0,7,7,10.0,50.0,1,dome,sportturf,,,NOR00,Mercedes-Benz Superdome,training
2018_01_TEN_MIA,2018,REG,1,2018-09-09,Sunday,13:00,TEN,20,MIA,27,Home,7,47,0,7,7,-1.0,43.5,0,outdoors,grass,89,7,MIA00,Hard Rock Stadium,training
2018_01_WAS_ARI,2018,REG,1,2018-09-09,Sunday,16:25,WAS,24,ARI,6,Home,-18,30,0,7,7,2.0,43.5,0,closed,grass,,,PHO00,State Farm Stadium,training
2018_02_ARI_LA,2018,REG,2,2018-09-16,Sunday,16:05,ARI,0,LA,34,Home,34,34,0,7,6,13.5,43.5,1,outdoors,grass,86,2,LAX99,Los Angeles Memorial Coliseum,training
2018_02_BAL_CIN,2018,REG,2,2018-09-13,Thursday,20:20,BAL,23,CIN,34,Home,11,57,0,4,4,1.0,43.0,1,outdoors,fieldturf,82,3,CIN00,Paul Brown Stadium,training
2018_02_CAR_ATL,2018,REG,2,2018-09-16,Sunday,13:00,CAR,24,ATL,31,Home,7,55,0,7,10,5.5,44.0,1,closed,fieldturf,,,ATL97,Mercedes-Benz Stadium,training
2018_02_CLE_NO,2018,REG,2,2018-09-16,Sunday,13:00,CLE,18,NO,21,Home,3,39,0,7,7,10.0,51.0,0,dome,sportturf,,,NOR00,Mercedes-Benz Superdome,training
2018_02_DET_SF,2018,REG,2,2018-09-16,Sunday,16:05,DET,27,SF,30,Home,3,57,0,6,7,6.0,48.5,0,outdoors,grass,73,12,SFO01,Levi's Stadium,training
2018_02_HOU_TEN,2018,REG,2,2018-09-16,Sunday,13:00,HOU,17,TEN,20,Home,3,37,0,7,7,-3.5,41.0,1,outdoors,grass,81,12,NAS00,Nissan Stadium,training
2018_02_IND_WAS,2018,REG,2,2018-09-16,Sunday,13:00,IND,21,WAS,9,Home,-12,30,0,7,7,6.0,48.0,0,outdoors,grass,71,5,WAS00,FedExField,training
2018_02_KC_PIT,2018,REG,2,2018-09-16,Sunday,13:00,KC,42,PIT,37,Home,-5,79,0,7,7,4.5,52.0,0,outdoors,grass,80,10,PIT00,Heinz Field,training
2018_02_LAC_BUF,2018,REG,2,2018-09-16,Sunday,13:00,LAC,31,BUF,20,Home,-11,51,0,7,7,-7.5,41.5,0,outdoors,a_turf,83,6,BUF00,New Era Field,training
2018_02_MIA_NYJ,2018,REG,2,2018-09-16,Sunday,13:00,MIA,20,NYJ,12,Home,-8,32,0,7,6,3.0,43.0,1,outdoors,fieldturf,80,4,NYC01,MetLife Stadium,training
2018_02_MIN_GB,2018,REG,2,2018-09-16,Sunday,13:00,MIN,29,GB,29,Home,0,58,1,7,7,-2.0,45.0,1,outdoors,grass,80,5,GNB00,Lambeau Field,training
2018_02_NE_JAX,2018,REG,2,2018-09-16,Sunday,16:25,NE,20,JAX,31,Home,11,51,0,7,7,-2.0,44.5,0,outdoors,grass,97,15,JAX00,TIAA Bank Stadium,training
2018_02_NYG_DAL,2018,REG,2,2018-09-16,Sunday,20:20,NYG,13,DAL,20,Home,7,33,0,7,7,3.0,42.0,1,closed,matrixturf,,,DAL00,AT&T Stadium,training
2018_02_OAK_DEN,2018,REG,2,2018-09-16,Sunday,16:25,LV,19,DEN,20,Home,1,39,0,6,7,5.5,44.5,1,outdoors,grass,92,4,DEN00,Sports Authority Field at Mile High,training
2018_02_PHI_TB,2018,REG,2,2018-09-16,Sunday,13:00,PHI,21,TB,27,Home,6,48,0,10,7,-3.0,46.5,0,outdoors,grass,91,9,TAM00,Raymond James Stadium,training
2018_02_SEA_CHI,2018,REG,2,2018-09-17,Monday,20:15,SEA,17,CHI,24,Home,7,41,0,8,8,5.0,42.5,0,outdoors,grass,79,2,CHI98,Soldier Field,training
2018_03_BUF_MIN,2018,REG,3,2018-09-23,Sunday,13:00,BUF,27,MIN,6,Home,-21,33,0,7,7,16.5,41.0,0,dome,sportturf,,,MIN01,U.S. Bank Stadium,training
2018_03_CHI_ARI,2018,REG,3,2018-09-23,Sunday,16:25,CHI,16,ARI,14,Home,-2,30,0,6,7,-6.0,39.0,0,closed,grass,,,PHO00,State Farm Stadium,training
2018_03_CIN_CAR,2018,REG,3,2018-09-23,Sunday,13:00,CIN,21,CAR,31,Home,10,52,0,10,7,2.5,44.0,0,outdoors,grass,80,3,CAR00,Bank of America Stadium,training
2018_03_DAL_SEA,2018,REG,3,2018-09-23,Sunday,16:25,DAL,13,SEA,24,Home,11,37,0,7,6,1.0,40.0,0,outdoors,fieldturf,61,4,SEA00,CenturyLink Field,training
2018_03_DEN_BAL,2018,REG,3,2018-09-23,Sunday,13:00,DEN,14,BAL,27,Home,13,41,0,7,10,5.5,46.0,0,outdoors,grass,61,5,BAL00,M&T Bank Stadium,training
2018_03_GB_WAS,2018,REG,3,2018-09-23,Sunday,13:00,GB,17,WAS,31,Home,14,48,0,7,7,-2.5,46.5,0,outdoors,grass,62,6,WAS00,FedExField,training
2018_03_IND_PHI,2018,REG,3,2018-09-23,Sunday,13:00,IND,16,PHI,20,Home,4,36,0,7,7,6.5,45.5,0,outdoors,grass,61,5,PHI00,Lincoln Financial Field,training
2018_03_LAC_LA,2018,REG,3,2018-09-23,Sunday,16:05,LAC,23,LA,35,Home,12,58,0,7,7,7.5,49.0,0,outdoors,grass,80,5,LAX99,Los Angeles Memorial Coliseum,training
2018_03_NE_DET,2018,REG,3,2018-09-23,Sunday,20:20,NE,10,DET,26,Home,16,36,0,7,7,-7.0,55.5,0,dome,fieldturf,,,DET00,Ford Field,training
2018_03_NO_ATL,2018,REG,3,2018-09-23,Sunday,13:00,NO,43,ATL,37,Home,-6,80,1,7,7,1.5,54.0,1,closed,fieldturf,,,ATL97,Mercedes-Benz Stadium,training
2018_03_NYG_HOU,2018,REG,3,2018-09-23,Sunday,13:00,NYG,27,HOU,22,Home,-5,49,0,7,7,6.5,44.0,0,closed,astroturf,,,HOU00,NRG Stadium,training
2018_03_NYJ_CLE,2018,REG,3,2018-09-20,Thursday,20:20,NYJ,17,CLE,21,Home,4,38,0,4,4,3.0,41.0,0,outdoors,grass,83,11,CLE00,FirstEnergy Stadium,training
2018_03_OAK_MIA,2018,REG,3,2018-09-23,Sunday,13:00,LV,20,MIA,28,Home,8,48,0,7,7,3.0,46.0,0,outdoors,grass,90,7,MIA00,Hard Rock Stadium,training
2018_03_PIT_TB,2018,REG,3,2018-09-24,Monday,20:15,PIT,30,TB,27,Home,-3,57,0,8,8,1.0,55.0,0,outdoors,grass,77,5,TAM00,Raymond James Stadium,training
2018_03_SF_KC,2018,REG,3,2018-09-23,Sunday,13:00,SF,27,KC,38,Home,11,65,0,7,7,6.0,53.0,0,outdoors,grass,70,4,KAN00,Arrowhead Stadium,training
2018_03_TEN_JAX,2018,REG,3,2018-09-23,Sunday,13:00,TEN,9,JAX,6,Home,-3,15,0,7,7,10.0,39.0,1,outdoors,grass,89,10,JAX00,TIAA Bank Stadium,training
2018_04_BAL_PIT,2018,REG,4,2018-09-30,Sunday,20:20,BAL,26,PIT,14,Home,-12,40,0,7,6,3.0,51.0,1,outdoors,grass,69,2,PIT00,Heinz Field,training
2018_04_BUF_GB,2018,REG,4,2018-09-30,Sunday,13:00,BUF,0,GB,22,Home,22,22,0,7,7,8.5,44.0,0,outdoors,grass,49,9,GNB00,Lambeau Field,training
2018_04_CIN_ATL,2018,REG,4,2018-09-30,Sunday,13:00,CIN,37,ATL,36,Home,-1,73,0,7,7,3.5,52.0,0,closed,fieldturf,,,ATL97,Mercedes-Benz Stadium,training
2018_04_CLE_OAK,2018,REG,4,2018-09-30,Sunday,16:05,CLE,42,LV,45,Home,3,87,1,10,7,2.5,44.5,0,outdoors,grass,71,8,OAK00,Oakland-Alameda County Coliseum,training
2018_04_DET_DAL,2018,REG,4,2018-09-30,Sunday,13:00,DET,24,DAL,26,Home,2,50,0,7,7,2.5,44.0,0,closed,matrixturf,,,DAL00,AT&T Stadium,training
2018_04_HOU_IND,2018,REG,4,2018-09-30,Sunday,13:00,HOU,37,IND,34,Home,-3,71,1,7,7,-1.0,48.0,1,closed,fieldturf,,,IND00,Lucas Oil Stadium,training
2018_04_KC_DEN,2018,REG,4,2018-10-01,Monday,20:15,KC,27,DEN,23,Home,-4,50,0,8,8,-3.5,53.5,1,outdoors,grass,65,5,DEN00,Sports Authority Field at Mile High,training
2018_04_MIA_NE,2018,REG,4,2018-09-30,Sunday,13:00,MIA,7,NE,38,Home,31,45,0,7,7,6.5,50.5,1,outdoors,fieldturf,65,6,BOS00,Gillette Stadium,training
2018_04_MIN_LA,2018,REG,4,2018-09-27,Thursday,20:20,MIN,31,LA,38,Home,7,69,0,4,4,7.5,48.5,0,outdoors,grass,75,3,LAX99,Los Angeles Memorial Coliseum,training
2018_04_NO_NYG,2018,REG,4,2018-09-30,Sunday,16:25,NO,33,NYG,18,Home,-15,51,0,7,7,-3.5,51.5,0,outdoors,fieldturf,71,7,NYC01,MetLife Stadium,training
2018_04_NYJ_JAX,2018,REG,4,2018-09-30,Sunday,13:00,NYJ,12,JAX,31,Home,19,43,0,10,7,7.5,40.5,0,outdoors,grass,86,10,JAX00,TIAA Bank Stadium,training
2018_04_PHI_TEN,2018,REG,4,2018-09-30,Sunday,13:00,PHI,23,TEN,26,Home,3,49,1,7,7,-3.0,41.5,0,outdoors,grass,80,4,NAS00,Nissan Stadium,training
2018_04_SEA_ARI,2018,REG,4,2018-09-30,Sunday,16:05,SEA,20,ARI,17,Home,-3,37,0,7,7,-3.5,40.0,1,closed,grass,,,PHO00,State Farm Stadium,training
2018_04_SF_LAC,2018,REG,4,2018-09-30,Sunday,16:25,SF,27,LAC,29,Home,2,56,0,7,7,10.0,46.0,0,outdoors,grass,78,9,LAX97,StubHub Center,training
2018_04_TB_CHI,2018,REG,4,2018-09-30,Sunday,13:00,TB,10,CHI,48,Home,38,58,0,6,7,3.0,46.0,0,outdoors,grass,66,5,CHI98,Soldier Field,training
2019_01_ATL_MIN,2019,REG,1,2019-09-08,Sunday,13:00,ATL,12,MIN,28,Home,16,40,0,7,7,3.5,47.0,0,dome,sportturf,,,MIN01,U.S. Bank Stadium,training
2019_01_BAL_MIA,2019,REG,1,2019-09-08,Sunday,13:00,BAL,59,MIA,10,Home,-49,69,0,7,7,-7.0,41.0,0,outdoors,grass,91,8,MIA00,Hard Rock Stadium,training
2019_01_BUF_NYJ,2019,REG,1,2019-09-08,Sunday,13:00,BUF,17,NYJ,16,Home,-1,33,0,7,7,2.5,41.0,1,outdoors,fieldturf,77,6,NYC01,MetLife Stadium,training
2019_01_CIN_SEA,2019,REG,1,2019-09-08,Sunday,16:05,CIN,20,SEA,21,Home,1,41,0,7,7,9.5,44.0,0,outdoors,fieldturf,64,7,SEA00,CenturyLink Field,training
2019_01_DEN_OAK,2019,REG,1,2019-09-09,Monday,22:20,DEN,16,LV,24,Home,8,40,0,7,7,-3.0,42.5,1,outdoors,grass,68,15,OAK00,Ring Central Coliseum,training
2019_01_DET_ARI,2019,REG,1,2019-09-08,Sunday,16:25,DET,27,ARI,27,Home,0,54,1,7,7,-2.5,45.5,0,closed,grass,,,PHO00,State Farm Stadium,training
2019_01_GB_CHI,2019,REG,1,2019-09-05,Thursday,20:20,GB,10,CHI,3,Home,-7,13,0,7,7,3.5,47.0,1,outdoors,grass,65,10,CHI98,Soldier Field,training
2019_01_HOU_NO,2019,REG,1,2019-09-09,Monday,19:10,HOU,28,NO,30,Home,2,58,0,7,7,6.5,52.0,0,dome,astroturf,,,NOR00,Mercedes-Benz Superdome,training
2019_01_IND_LAC,2019,REG,1,2019-09-08,Sunday,16:05,IND,24,LAC,30,Home,6,54,1,7,7,6.0,44.5,0,outdoors,grass,77,10,LAX97,StubHub Center,training
2019_01_KC_JAX,2019,REG,1,2019-09-08,Sunday,13:00,KC,40,JAX,26,Home,-14,66,0,7,7,-3.5,49.0,0,outdoors,grass,91,6,JAX00,TIAA Bank Stadium,training
2019_01_LA_CAR,2019,REG,1,2019-09-08,Sunday,13:00,LA,30,CAR,27,Home,-3,57,0,7,7,-1.5,49.5,0,outdoors,grass,87,3,CAR00,Bank of America Stadium,training
2019_01_NYG_DAL,2019,REG,1,2019-09-08,Sunday,16:25,NYG,17,DAL,35,Home,18,52,0,7,7,7.0,44.0,1,closed,fieldturf,,,DAL00,AT&T Stadium,training
2019_01_PIT_NE,2019,REG,1,2019-09-08,Sunday,20:20,PIT,3,NE,33,Home,30,36,0,7,7,5.5,49.0,0,outdoors,grass,66,2,BOS00,Gillette Stadium,training
2019_01_SF_TB,2019,REG,1,2019-09-08,Sunday,16:25,SF,31,TB,17,Home,-14,48,0,7,7,1.0,51.0,0,outdoors,grass,93,9,TAM00,Raymond James Stadium,training
2019_01_TEN_CLE,2019,REG,1,2019-09-08,Sunday,13:00,TEN,43,CLE,13,Home,-30,56,0,7,7,5.5,44.0,0,outdoors,grass,71,10,CLE00,FirstEnergy Stadium,training
2019_01_WAS_PHI,2019,REG,1,2019-09-08,Sunday,13:00,WAS,27,PHI,32,Home,5,59,0,7,7,10.5,44.0,1,outdoors,grass,79,4,PHI00,Lincoln Financial Field,training
2019_02_ARI_BAL,2019,REG,2,2019-09-15,Sunday,13:00,ARI,17,BAL,23,Home,6,40,0,7,7,13.0,46.0,0,outdoors,grass,82,8,BAL00,M&T Bank Stadium,training
2019_02_BUF_NYG,2019,REG,2,2019-09-15,Sunday,13:00,BUF,28,NYG,14,Home,-14,42,0,7,7,-1.0,44.5,0,outdoors,fieldturf,79,5,NYC01,MetLife Stadium,training
2019_02_CHI_DEN,2019,REG,2,2019-09-15,Sunday,16:25,CHI,16,DEN,14,Home,-2,30,0,10,6,-3.0,41.0,0,outdoors,grass,87,3,DEN00,Empower Field at Mile High,training
2019_02_CLE_NYJ,2019,REG,2,2019-09-16,Monday,20:15,CLE,23,NYJ,3,Home,-20,26,0,8,8,-6.5,45.5,0,outdoors,fieldturf,72,3,NYC01,MetLife Stadium,training
2019_02_DAL_WAS,2019,REG,2,2019-09-15,Sunday,13:00,DAL,31,WAS,21,Home,-10,52,0,7,7,-6.0,46.5,1,outdoors,grass,80,7,WAS00,FedExField,training
2019_02_IND_TEN,2019,REG,2,2019-09-15,Sunday,13:00,IND,19,TEN,17,Home,-2,36,0,7,7,3.0,43.5,1,outdoors,grass,93,1,NAS00,Nissan Stadium,training
2019_02_JAX_HOU,2019,REG,2,2019-09-15,Sunday,13:00,JAX,12,HOU,13,Home,1,25,0,7,6,7.5,43.0,1,closed,grass,,,HOU00,NRG Stadium,training
2019_02_KC_OAK,2019,REG,2,2019-09-15,Sunday,16:05,KC,28,LV,10,Home,-18,38,0,7,6,-7.0,53.5,1,outdoors,grass,70,13,OAK00,Ring Central Coliseum,training
2019_02_LAC_DET,2019,REG,2,2019-09-15,Sunday,13:00,LAC,10,DET,13,Home,3,23,0,7,7,-1.0,47.0,0,dome,fieldturf,,,DET00,Ford Field,training
2019_02_MIN_GB,2019,REG,2,2019-09-15,Sunday,13:00,MIN,16,GB,21,Home,5,37,0,7,10,3.0,43.0,1,outdoors,grass,72,5,GNB00,Lambeau Field,training
2019_02_NE_MIA,2019,REG,2,2019-09-15,Sunday,13:00,NE,43,MIA,0,Home,-43,43,0,7,7,-18.0,48.5,1,outdoors,grass,87,4,MIA00,Hard Rock Stadium,training
2019_02_NO_LA,2019,REG,2,2019-09-15,Sunday,16:25,NO,9,LA,27,Home,18,36,0,6,7,2.0,52.5,0,outdoors,grass,85,4,LAX99,Los Angeles Memorial Coliseum,training
2019_02_PHI_ATL,2019,REG,2,2019-09-15,Sunday,20:20,PHI,20,ATL,24,Home,4,44,0,7,7,-1.0,53.0,0,open,fieldturf,,,ATL97,Mercedes-Benz Stadium,training
2019_02_SEA_PIT,2019,REG,2,2019-09-15,Sunday,13:00,SEA,28,PIT,26,Home,-2,54,0,7,7,4.0,47.0,0,outdoors,grass,81,3,PIT00,Heinz Field,training
2019_02_SF_CIN,2019,REG,2,2019-09-15,Sunday,13:00,SF,41,CIN,17,Home,-24,58,0,7,7,1.0,46.0,0,outdoors,grass,81,5,CIN00,Paul Brown Stadium,training
2019_02_TB_CAR,2019,REG,2,2019-09-12,Thursday,20:20,TB,20,CAR,14,Home,-6,34,0,4,4,6.5,48.0,1,outdoors,grass,85,3,CAR00,Bank of America Stadium,training
2019_03_ATL_IND,2019,REG,3,2019-09-22,Sunday,13:00,ATL,24,IND,27,Home,3,51,0,7,7,1.0,48.0,0,closed,fieldturf,,,IND00,Lucas Oil Stadium,training
2019_03_BAL_KC,2019,REG,3,2019-09-22,Sunday,13:00,BAL,28,KC,33,Home,5,61,0,7,7,4.5,52.0,0,outdoors,astroturf,,,KAN00,Arrowhead Stadium,training
2019_03_CAR_ARI,2019,REG,3,2019-09-22,Sunday,16:05,CAR,38,ARI,20,Home,-18,58,0,10,7,2.5,46.0,0,closed,grass,,,PHO00,State Farm Stadium,training
2019_03_CHI_WAS,2019,REG,3,2019-09-23,Monday,20:15,CHI,31,WAS,15,Home,-16,46,0,8,8,-5.0,41.0,0,outdoors,grass,87,5,WAS00,FedExField,training
2019_03_CIN_BUF,2019,REG,3,2019-09-22,Sunday,13:00,CIN,17,BUF,21,Home,4,38,0,7,7,5.5,43.5,0,outdoors,astroturf,83,13,BUF00,New Era Field,training
2019_03_DEN_GB,2019,REG,3,2019-09-22,Sunday,13:00,DEN,16,GB,27,Home,11,43,0,7,7,7.0,42.0,0,outdoors,grass,69,7,GNB00,Lambeau Field,training
2019_03_DET_PHI,2019,REG,3,2019-09-22,Sunday,13:00,DET,27,PHI,24,Home,-3,51,0,7,7,4.0,45.0,0,outdoors,grass,84,7,PHI00,Lincoln Financial Field,training
2019_03_HOU_LAC,2019,REG,3,2019-09-22,Sunday,16:25,HOU,27,LAC,20,Home,-7,47,0,7,7,3.0,49.0,0,outdoors,grass,87,4,LAX97,StubHub Center,training
2019_03_LA_CLE,2019,REG,3,2019-09-22,Sunday,20:20,LA,20,CLE,13,Home,-7,33,0,7,6,-4.0,48.0,0,outdoors,grass,83,12,CLE00,FirstEnergy Stadium,training
2019_03_MIA_DAL,2019,REG,3,2019-09-22,Sunday,13:00,MIA,6,DAL,31,Home,25,37,0,7,7,22.0,46.5,0,closed,fieldturf,,,DAL00,AT&T Stadium,training
2019_03_NO_SEA,2019,REG,3,2019-09-22,Sunday,16:25,NO,33,SEA,27,Home,-6,60,0,7,7,5.0,44.0,0,outdoors,fieldturf,63,8,SEA00,CenturyLink Field,training
2019_03_NYG_TB,2019,REG,3,2019-09-22,Sunday,16:05,NYG,32,TB,31,Home,-1,63,0,7,10,5.0,48.0,0,outdoors,grass,88,11,TAM00,Raymond James Stadium,training
2019_03_NYJ_NE,2019,REG,3,2019-09-22,Sunday,13:00,NYJ,14,NE,30,Home,16,44,0,6,7,20.5,43.0,1,outdoors,grass,81,10,BOS00,Gillette Stadium,training
2019_03_OAK_MIN,2019,REG,3,2019-09-22,Sunday,13:00,LV,14,MIN,34,Home,20,48,0,7,7,8.5,43.0,0,dome,sportturf,,,MIN01,U.S. Bank Stadium,training
2019_03_PIT_SF,2019,REG,3,2019-09-22,Sunday,16:25,PIT,20,SF,24,Home,4,44,0,7,7,6.0,44.5,0,outdoors,grass,79,3,SFO01,Levi's Stadium,training
2019_03_TEN_JAX,2019,REG,3,2019-09-19,Thursday,20:20,TEN,7,JAX,20,Home,13,27,0,4,4,-1.5,38.0,1,outdoors,grass,73,9,JAX00,TIAA Bank Stadium,training
2019_04_CAR_HOU,2019,REG,4,2019-09-29,Sunday,13:00,CAR,16,HOU,10,Home,-6,26,0,7,7,5.5,47.5,0,closed,grass,,,HOU00,NRG Stadium,training
2019_04_CIN_PIT,2019,REG,4,2019-09-30,Monday,20:15,CIN,3,PIT,27,Home,24,30,0,8,8,3.5,45.5,1,outdoors,grass,76,1,PIT00,Heinz Field,training
2019_04_CLE_BAL,2019,REG,4,2019-09-29,Sunday,13:00,CLE,40,BAL,25,Home,-15,65,0,7,7,7.5,47.0,1,outdoors,grass,83,8,BAL00,M&T Bank Stadium,training
2019_04_DAL_NO,2019,REG,4,2019-09-29,Sunday,20:20,DAL,10,NO,12,Home,2,22,0,7,7,-2.5,47.0,0,dome,astroturf,,,NOR00,Mercedes-Benz Superdome,training
2019_04_JAX_DEN,2019,REG,4,2019-09-29,Sunday,16:25,JAX,26,DEN,24,Home,-2,50,0,10,7,2.5,37.0,0,outdoors,grass,87,14,DEN00,Empower Field at Mile High,training
2019_04_KC_DET,2019,REG,4,2019-09-29,Sunday,13:00,KC,34,DET,30,Home,-4,64,0,7,7,-7.5,54.5,0,dome,fieldturf,,,DET00,Ford Field,training
2019_04_LAC_MIA,2019,REG,4,2019-09-29,Sunday,13:00,LAC,30,MIA,10,Home,-20,40,0,7,7,-15.0,43.5,0,outdoors,grass,88,15,MIA00,Hard Rock Stadium,training
2019_04_MIN_CHI,2019,REG,4,2019-09-29,Sunday,16:25,MIN,6,CHI,16,Home,10,22,0,7,6,-1.0,38.0,1,outdoors,grass,67,8,CHI98,Soldier Field,training
2019_04_NE_BUF,2019,REG,4,2019-09-29,Sunday,13:00,NE,16,BUF,10,Home,-6,26,0,7,7,-7.0,41.5,1,outdoors,astroturf,58,10,BUF00,New Era Field,training
2019_04_OAK_IND,2019,REG,4,2019-09-29,Sunday,13:00,LV,31,IND,24,Home,-7,55,0,7,7,5.5,46.0,0,closed,fieldturf,,,IND00,Lucas Oil Stadium,training
2019_04_PHI_GB,2019,REG,4,2019-09-26,Thursday,20:20,PHI,34,GB,27,Home,-7,61,0,4,4,3.5,46.0,0,outdoors,grass,60,3,GNB00,Lambeau Field,training
2019_04_SEA_ARI,2019,REG,4,2019-09-29,Sunday,16:05,SEA,27,ARI,10,Home,-17,37,0,7,7,-5.5,49.0,1,closed,grass,,,PHO00,State Farm Stadium,training
2019_04_TB_LA,2019,REG,4,2019-09-29,Sunday,16:05,TB,55,LA,40,Home,-15,95,0,7,7,9.0,48.5,0,outdoors,grass,74,2,LAX99,Los Angeles Memorial Coliseum,training
2019_04_TEN_ATL,2019,REG,4,2019-09-29,Sunday,13:00,TEN,24,ATL,10,Home,-14,34,0,10,7,3.5,46.0,0,closed,fieldturf,,,ATL97,Mercedes-Benz Stadium,training
2019_04_WAS_NYG,2019,REG,4,2019-09-29,Sunday,13:00,WAS,3,NYG,24,Home,21,27,0,6,7,3.0,48.0,1,outdoors,fieldturf,77,11,NYC01,MetLife Stadium,training
2020_01_ARI_SF,2020,REG,1,2020-09-13,Sunday,16:25,ARI,24,SF,20,Home,-4,44,0,7,7,7.0,48.5,1,outdoors,grass,66,6,SFO01,Levi's Stadium,training
2020_01_CHI_DET,2020,REG,1,2020-09-13,Sunday,13:00,CHI,27,DET,23,Home,-4,50,0,7,7,2.5,42.5,1,dome,fieldturf,,,DET00,Ford Field,training
2020_01_CLE_BAL,2020,REG,1,2020-09-13,Sunday,13:00,CLE,6,BAL,38,Home,32,44,0,7,7,7.0,47.0,1,outdoors,grass,76,5,BAL00,M&T Bank Stadium,training
2020_01_DAL_LA,2020,REG,1,2020-09-13,Sunday,20:20,DAL,17,LA,20,Home,3,37,0,7,7,1.0,52.0,0,dome,matrixturf,,,LAX01,SoFi Stadium,training
2020_01_GB_MIN,2020,REG,1,2020-09-13,Sunday,13:00,GB,43,MIN,34,Home,-9,77,0,7,7,1.0,45.0,1,dome,sportturf,,,MIN01,U.S. Bank Stadium,training
2020_01_HOU_KC,2020,REG,1,2020-09-10,Thursday,20:20,HOU,20,KC,34,Home,14,54,0,7,7,9.5,53.5,0,outdoors,grass,56,7,KAN00,Arrowhead Stadium,training
2020_01_IND_JAX,2020,REG,1,2020-09-13,Sunday,13:00,IND,20,JAX,27,Home,7,47,0,7,7,-7.0,44.0,1,outdoors,grass,80,3,JAX00,TIAA Bank Stadium,training
2020_01_LAC_CIN,2020,REG,1,2020-09-13,Sunday,16:05,LAC,16,CIN,13,Home,-3,29,0,7,7,-2.5,41.5,0,outdoors,grass,83,6,CIN00,Paul Brown Stadium,training
2020_01_LV_CAR,2020,REG,1,2020-09-13,Sunday,13:00,LV,34,CAR,30,Home,-4,64,0,7,7,-3.0,48.0,0,outdoors,grass,81,5,CAR00,Bank of America Stadium,training
2020_01_MIA_NE,2020,REG,1,2020-09-13,Sunday,13:00,MIA,11,NE,21,Home,10,32,0,7,7,7.5,41.5,1,outdoors,grass,70,8,BOS00,Gillette Stadium,training
2020_01_NYJ_BUF,2020,REG,1,2020-09-13,Sunday,13:00,NYJ,17,BUF,27,Home,10,44,0,7,7,6.5,39.5,1,outdoors,astroturf,67,15,BUF00,New Era Field,training
2020_01_PHI_WAS,2020,REG,1,2020-09-13,Sunday,13:00,PHI,17,WAS,27,Home,10,44,0,7,7,-5.5,41.5,1,outdoors,grass,76,5,WAS00,FedExField,training
2020_01_PIT_NYG,2020,REG,1,2020-09-14,Monday,19:15,PIT,26,NYG,16,Home,-10,42,0,7,7,-6.0,44.0,0,outdoors,fieldturf,71,5,NYC01,MetLife Stadium,training
2020_01_SEA_ATL,2020,REG,1,2020-09-13,Sunday,13:00,SEA,38,ATL,25,Home,-13,63,0,7,7,1.0,49.5,0,closed,fieldturf,,,ATL97,Mercedes-Benz Stadium,training
2020_01_TB_NO,2020,REG,1,2020-09-13,Sunday,16:25,TB,23,NO,34,Home,11,57,0,7,7,4.0,48.5,1,dome,astroturf,,,NOR00,Mercedes-Benz Superdome,training
2020_01_TEN_DEN,2020,REG,1,2020-09-14,Monday,22:10,TEN,16,DEN,14,Home,-2,30,0,7,7,-3.0,41.0,0,outdoors,grass,79,10,DEN00,Empower Field at Mile High,training
2020_02_ATL_DAL,2020,REG,2,2020-09-20,Sunday,13:00,ATL,39,DAL,40,Home,1,79,0,7,7,3.0,53.0,0,closed,fieldturf,,,DAL00,AT&T Stadium,training
2020_02_BAL_HOU,2020,REG,2,2020-09-20,Sunday,16:25,BAL,33,HOU,16,Home,-17,49,0,7,10,-7.5,49.5,0,closed,grass,,,HOU00,NRG Stadium,training
2020_02_BUF_MIA,2020,REG,2,2020-09-20,Sunday,13:00,BUF,31,MIA,28,Home,-3,59,0,7,7,-5.5,42.5,1,outdoors,grass,90,5,MIA00,Hard Rock Stadium,training
2020_02_CAR_TB,2020,REG,2,2020-09-20,Sunday,13:00,CAR,17,TB,31,Home,14,48,0,7,7,7.5,47.0,1,outdoors,grass,85,17,TAM00,Raymond James Stadium,training
2020_02_CIN_CLE,2020,REG,2,2020-09-17,Thursday,20:20,CIN,30,CLE,35,Home,5,65,0,4,4,6.0,44.5,1,outdoors,grass,65,8,CLE00,FirstEnergy Stadium,training
2020_02_DEN_PIT,2020,REG,2,2020-09-20,Sunday,13:00,DEN,21,PIT,26,Home,5,47,0,6,6,6.0,41.0,0,outdoors,grass,64,5,PIT00,Heinz Field,training
2020_02_DET_GB,2020,REG,2,2020-09-20,Sunday,13:00,DET,21,GB,42,Home,21,63,0,7,7,7.0,51.0,1,outdoors,grass,66,12,GNB00,Lambeau Field,training
2020_02_JAX_TEN,2020,REG,2,2020-09-20,Sunday,13:00,JAX,30,TEN,33,Home,3,63,0,7,6,7.0,44.5,1,outdoors,grass,72,5,NAS00,Nissan Stadium,training
2020_02_KC_LAC,2020,REG,2,2020-09-20,Sunday,16:25,KC,23,LAC,20,Home,-3,43,1,10,7,-8.5,47.0,1,dome,matrixturf,,,LAX01,SoFi Stadium,training
2020_02_LA_PHI,2020,REG,2,2020-09-20,Sunday,13:00,LA,37,PHI,19,Home,-18,56,0,7,7,2.0,46.0,0,outdoors,grass,62,12,PHI00,Lincoln Financial Field,training
2020_02_MIN_IND,2020,REG,2,2020-09-20,Sunday,13:00,MIN,11,IND,28,Home,17,39,0,7,7,3.5,49.0,0,closed,fieldturf,,,IND00,Lucas Oil Stadium,training
2020_02_NE_SEA,2020,REG,2,2020-09-20,Sunday,20:20,NE,30,SEA,35,Home,5,65,0,7,7,4.0,45.0,0,outdoors,fieldturf,70,5,SEA00,CenturyLink Field,training
2020_02_NO_LV,2020,REG,2,2020-09-21,Monday,20:15,NO,24,LV,34,Home,10,58,0,8,8,-4.0,47.5,0,dome,grass,,,VEG00,Allegiant Stadium,training
2020_02_NYG_CHI,2020,REG,2,2020-09-20,Sunday,13:00,NYG,13,CHI,17,Home,4,30,0,6,7,4.5,42.5,0,outdoors,grass,66,12,CHI98,Soldier Field,training
2020_02_SF_NYJ,2020,REG,2,2020-09-20,Sunday,13:00,SF,31,NYJ,13,Home,-18,44,0,7,7,-7.0,41.5,0,outdoors,fieldturf,61,7,NYC01,MetLife Stadium,training
2020_02_WAS_ARI,2020,REG,2,2020-09-20,Sunday,16:05,WAS,15,ARI,30,Home,15,45,0,7,7,7.5,46.5,0,closed,grass,,,PHO00,State Farm Stadium,training
2020_03_CAR_LAC,2020,REG,3,2020-09-27,Sunday,16:05,CAR,21,LAC,16,Home,-5,37,0,7,7,6.0,43.5,0,dome,matrixturf,,,LAX01,SoFi Stadium,training
2020_03_CHI_ATL,2020,REG,3,2020-09-27,Sunday,13:00,CHI,30,ATL,26,Home,-4,56,0,7,7,2.5,46.0,0,closed,fieldturf,,,ATL97,Mercedes-Benz Stadium,training
2020_03_CIN_PHI,2020,REG,3,2020-09-27,Sunday,13:00,CIN,23,PHI,23,Home,0,46,1,10,7,5.5,46.5,0,outdoors,grass,76,5,PHI00,Lincoln Financial Field,training
2020_03_DAL_SEA,2020,REG,3,2020-09-27,Sunday,16:25,DAL,31,SEA,38,Home,7,69,0,7,7,5.5,58.0,0,outdoors,fieldturf,63,3,SEA00,CenturyLink Field,training
2020_03_DET_ARI,2020,REG,3,2020-09-27,Sunday,16:25,DET,26,ARI,23,Home,-3,49,0,7,7,4.5,55.5,0,closed,grass,,,PHO00,State Farm Stadium,training
2020_03_GB_NO,2020,REG,3,2020-09-27,Sunday,20:20,GB,37,NO,30,Home,-7,67,0,7,6,3.5,52.0,0,dome,astroturf,,,NOR00,Mercedes-Benz Superdome,training
2020_03_HOU_PIT,2020,REG,3,2020-09-27,Sunday,13:00,HOU,21,PIT,28,Home,7,49,0,7,7,4.0,46.5,0,outdoors,grass,79,6,PIT00,Heinz Field,training
2020_03_KC_BAL,2020,REG,3,2020-09-28,Monday,20:15,KC,34,BAL,20,Home,-14,54,0,8,8,3.5,55.0,0,outdoors,grass,73,8,BAL00,M&T Bank Stadium,training
2020_03_LA_BUF,2020,REG,3,2020-09-27,Sunday,13:00,LA,32,BUF,35,Home,3,67,0,7,7,1.5,46.5,0,outdoors,astroturf,79,16,BUF00,New Era Field,training
2020_03_LV_NE,2020,REG,3,2020-09-27,Sunday,13:00,LV,20,NE,36,Home,16,56,0,6,7,7.0,47.0,0,outdoors,grass,73,8,BOS00,Gillette Stadium,training
2020_03_MIA_JAX,2020,REG,3,2020-09-24,Thursday,20:20,MIA,31,JAX,13,Home,-18,44,0,4,4,3.0,49.0,0,outdoors,grass,81,12,JAX00,TIAA Bank Stadium,training
2020_03_NYJ_IND,2020,REG,3,2020-09-27,Sunday,16:05,NYJ,7,IND,36,Home,29,43,0,7,7,12.5,44.0,0,closed,fieldturf,,,IND00,Lucas Oil Stadium,training
2020_03_SF_NYG,2020,REG,3,2020-09-27,Sunday,13:00,SF,36,NYG,9,Home,-27,45,0,7,7,-3.0,44.0,0,outdoors,fieldturf,75,2,NYC01,MetLife Stadium,training
2020_03_TB_DEN,2020,REG,3,2020-09-27,Sunday,16:25,TB,28,DEN,10,Home,-18,38,0,7,7,-6.0,42.5,0,outdoors,grass,55,7,DEN00,Empower Field at Mile High,training
2020_03_TEN_MIN,2020,REG,3,2020-09-27,Sunday,13:00,TEN,31,MIN,30,Home,-1,61,0,7,7,-3.0,49.5,0,dome,sportturf,,,MIN01,U.S. Bank Stadium,training
2020_03_WAS_CLE,2020,REG,3,2020-09-27,Sunday,13:00,WAS,20,CLE,34,Home,14,54,0,7,10,7.5,45.0,0,outdoors,grass,73,18,CLE00,FirstEnergy Stadium,training
2020_04_ARI_CAR,2020,REG,4,2020-10-04,Sunday,13:00,ARI,21,CAR,31,Home,10,52,0,7,7,-3.0,52.5,0,outdoors,grass,68,8,CAR00,Bank of America Stadium,training
2020_04_ATL_GB,2020,REG,4,2020-10-05,Monday,21:00,ATL,16,GB,30,Home,14,46,0,8,8,5.0,56.5,0,outdoors,grass,53,9,GNB00,Lambeau Field,training
2020_04_BAL_WAS,2020,REG,4,2020-10-04,Sunday,13:00,BAL,31,WAS,17,Home,-14,48,0,6,7,-14.5,45.0,0,outdoors,grass,65,5,WAS00,FedExField,training
2020_04_BUF_LV,2020,REG,4,2020-10-04,Sunday,16:25,BUF,30,LV,23,Home,-7,53,0,7,7,-3.0,53.0,0,dome,grass,,,VEG00,Allegiant Stadium,training
2020_04_CLE_DAL,2020,REG,4,2020-10-04,Sunday,13:00,CLE,49,DAL,38,Home,-11,87,0,7,7,3.5,56.5,0,closed,fieldturf,,,DAL00,AT&T Stadium,training
2020_04_DEN_NYJ,2020,REG,4,2020-10-01,Thursday,20:20,DEN,37,NYJ,28,Home,-9,65,0,4,4,1.0,41.0,0,outdoors,fieldturf,64,6,NYC01,MetLife Stadium,training
2020_04_IND_CHI,2020,REG,4,2020-10-04,Sunday,16:25,IND,19,CHI,11,Home,-8,30,0,7,7,-3.5,43.5,0,outdoors,grass,52,10,CHI98,Soldier Field,training
2020_04_JAX_CIN,2020,REG,4,2020-10-04,Sunday,13:00,JAX,25,CIN,33,Home,8,58,0,10,7,1.0,50.0,0,outdoors,grass,64,6,CIN00,Paul Brown Stadium,training
2020_04_LAC_TB,2020,REG,4,2020-10-04,Sunday,13:00,LAC,31,TB,38,Home,7,69,0,7,7,7.5,42.5,0,outdoors,grass,75,6,TAM00,Raymond James Stadium,training
2020_04_MIN_HOU,2020,REG,4,2020-10-04,Sunday,13:00,MIN,31,HOU,23,Home,-8,54,0,7,7,3.5,52.5,0,closed,grass,,,HOU00,NRG Stadium,training
2020_04_NE_KC,2020,REG,4,2020-10-05,Monday,19:05,NE,10,KC,26,Home,16,36,0,8,7,7.0,52.5,0,outdoors,astroturf,73,14,KAN00,Arrowhead Stadium,training
2020_04_NO_DET,2020,REG,4,2020-10-04,Sunday,13:00,NO,35,DET,29,Home,-6,64,0,7,7,-3.0,51.5,0,dome,fieldturf,,,DET00,Ford Field,training
2020_04_NYG_LA,2020,REG,4,2020-10-04,Sunday,16:05,NYG,9,LA,17,Home,8,26,0,7,7,13.5,49.5,0,dome,matrixturf,,,LAX01,SoFi Stadium,training
2020_04_PHI_SF,2020,REG,4,2020-10-04,Sunday,20:20,PHI,25,SF,20,Home,-5,45,0,7,7,8.5,45.5,0,outdoors,grass,84,12,SFO01,Levi's Stadium,training
2020_04_SEA_MIA,2020,REG,4,2020-10-04,Sunday,13:00,SEA,31,MIA,23,Home,-8,54,0,7,10,-4.5,55.0,0,outdoors,grass,86,13,MIA00,Hard Rock Stadium,training
2021_01_ARI_TEN,2021,REG,1,2021-09-12,Sunday,13:00,ARI,38,TEN,13,Home,-25,51,0,7,7,2.5,54.0,0,outdoors,grass ,82,8,NAS00,Nissan Stadium,training
2021_01_BAL_LV,2021,REG,1,2021-09-13,Monday,20:15,BAL,27,LV,33,Home,6,60,1,7,7,-3.0,50.5,0,dome,grass,,,VEG00,Allegiant Stadium,training
2021_01_CHI_LA,2021,REG,1,2021-09-12,Sunday,20:20,CHI,14,LA,34,Home,20,48,0,7,7,9.5,46.0,0,dome,matrixturf,,,LAX01,SoFi Stadium,training
2021_01_CLE_KC,2021,REG,1,2021-09-12,Sunday,16:25,CLE,29,KC,33,Home,4,62,0,7,7,5.5,54.5,0,outdoors,grass ,88,8,KAN00,GEHA Field at Arrowhead Stadium,training
2021_01_DAL_TB,2021,REG,1,2021-09-09,Thursday,20:20,DAL,29,TB,31,Home,2,60,0,7,7,10.0,52.5,0,outdoors,grass ,82,9,TAM00,Raymond James Stadium,training
2021_01_DEN_NYG,2021,REG,1,2021-09-12,Sunday,16:25,DEN,27,NYG,13,Home,-14,40,0,7,7,-3.0,41.5,0,outdoors,fieldturf,82,19,NYC01,MetLife Stadium,training
2021_01_GB_NO,2021,REG,1,2021-09-12,Sunday,16:25,GB,3,NO,38,Neutral,35,41,0,7,7,-4.0,49.0,0,outdoors,grass ,86,9,JAX00,TIAA Bank Stadium,training
2021_01_JAX_HOU,2021,REG,1,2021-09-12,Sunday,13:00,JAX,21,HOU,37,Home,16,58,0,7,7,-3.5,45.5,1,closed,astroturf,,,HOU00,NRG Stadium,training
2021_01_LAC_WAS,2021,REG,1,2021-09-12,Sunday,13:00,LAC,20,WAS,16,Home,-4,36,0,7,7,2.5,45.5,0,outdoors,grass ,81,4,WAS00,FedExField,training
2021_01_MIA_NE,2021,REG,1,2021-09-12,Sunday,16:25,MIA,17,NE,16,Home,-1,33,0,7,7,3.5,43.5,1,outdoors,fieldturf,81,15,BOS00,Gillette Stadium,training
2021_01_MIN_CIN,2021,REG,1,2021-09-12,Sunday,13:00,MIN,24,CIN,27,Home,3,51,1,7,7,-3.0,47.0,0,outdoors,fieldturf,81,15,CIN00,Paul Brown Stadium,training
2021_01_NYJ_CAR,2021,REG,1,2021-09-12,Sunday,13:00,NYJ,14,CAR,19,Home,5,33,0,7,7,3.5,44.5,0,outdoors,grass ,81,0,CAR00,Bank of America Stadium,training
2021_01_PHI_ATL,2021,REG,1,2021-09-12,Sunday,13:00,PHI,32,ATL,6,Home,-26,38,0,7,7,3.5,49.0,0,open,fieldturf,,,ATL97,Mercedes-Benz Stadium,training
2021_01_PIT_BUF,2021,REG,1,2021-09-12,Sunday,13:00,PIT,23,BUF,16,Home,-7,39,0,7,7,6.5,48.0,0,outdoors,a_turf,73,17,BUF00,New Era Field,training
2021_01_SEA_IND,2021,REG,1,2021-09-12,Sunday,13:00,SEA,28,IND,16,Home,-12,44,0,7,7,-3.0,49.0,0,closed,fieldturf,,,IND00,Lucas Oil Stadium,training
2021_01_SF_DET,2021,REG,1,2021-09-12,Sunday,13:00,SF,41,DET,33,Home,-8,74,0,7,7,-9.5,46.0,0,dome,fieldturf,,,DET00,Ford Field,training
2021_02_ATL_TB,2021,REG,2,2021-09-19,Sunday,16:05,ATL,25,TB,48,Home,23,73,0,7,10,13.5,52.0,1,outdoors,grass ,85,0,TAM00,Raymond James Stadium,training
2021_02_BUF_MIA,2021,REG,2,2021-09-19,Sunday,13:00,BUF,35,MIA,0,Home,-35,35,0,7,7,-3.5,48.0,1,outdoors,grass ,89,7,MIA00,Hard Rock Stadium,training
2021_02_CIN_CHI,2021,REG,2,2021-09-19,Sunday,13:00,CIN,17,CHI,20,Home,3,37,0,7,7,2.0,44.5,0,outdoors,grass ,80,0,CHI98,Soldier Field,training
2021_02_DAL_LAC,2021,REG,2,2021-09-19,Sunday,16:25,DAL,20,LAC,17,Home,-3,37,0,10,7,3.0,55.0,0,dome,matrixturf,,,LAX01,SoFi Stadium,training
2021_02_DEN_JAX,2021,REG,2,2021-09-19,Sunday,13:00,DEN,23,JAX,13,Home,-10,36,0,7,7,-6.0,45.0,0,outdoors,grass ,80,7,JAX00,TIAA Bank Stadium,training
2021_02_DET_GB,2021,REG,2,2021-09-20,Monday,20:15,DET,17,GB,35,Home,18,52,0,8,8,11.5,49.5,1,outdoors,grass ,73,12,GNB00,Lambeau Field,training
2021_02_HOU_CLE,2021,REG,2,2021-09-19,Sunday,13:00,HOU,21,CLE,31,Home,10,52,0,7,7,13.5,48.5,0,outdoors,grass ,75,12,CLE00,FirstEnergy Stadium,training
2021_02_KC_BAL,2021,REG,2,2021-09-19,Sunday,20:20,KC,35,BAL,36,Home,1,71,0,7,6,-3.5,53.5,0,outdoors,grass,82,8,BAL00,M&T Bank Stadium,training
2021_02_LA_IND,2021,REG,2,2021-09-19,Sunday,13:00,LA,27,IND,24,Home,-3,51,0,7,7,-4.0,48.0,0,closed,fieldturf,,,IND00,Lucas Oil Stadium,training
2021_02_LV_PIT,2021,REG,2,2021-09-19,Sunday,13:00,LV,26,PIT,17,Home,-9,43,0,6,7,5.5,46.5,0,outdoors,grass ,77,4,PIT00,Heinz Field,training
2021_02_MIN_ARI,2021,REG,2,2021-09-19,Sunday,16:05,MIN,33,ARI,34,Home,1,67,0,7,7,4.0,51.0,0,closed,grass ,,,PHO00,State Farm Stadium,training
2021_02_NE_NYJ,2021,REG,2,2021-09-19,Sunday,13:00,NE,25,NYJ,6,Home,-19,31,0,7,7,-5.5,43.0,1,outdoors,fieldturf,72,13,NYC01,MetLife Stadium,training
2021_02_NO_CAR,2021,REG,2,2021-09-19,Sunday,13:00,NO,7,CAR,26,Home,19,33,0,7,7,-3.0,45.0,1,outdoors,grass ,83,4,CAR00,Bank of America Stadium,training
2021_02_NYG_WAS,2021,REG,2,2021-09-16,Thursday,20:20,NYG,29,WAS,30,Home,1,59,0,4,4,4.0,42.0,1,outdoors,grass ,71,0,WAS00,FedExField,training
2021_02_SF_PHI,2021,REG,2,2021-09-19,Sunday,13:00,SF,17,PHI,11,Home,-6,28,0,7,7,-3.0,49.0,0,outdoors,grass ,76,13,PHI00,Lincoln Financial Field,training
2021_02_TEN_SEA,2021,REG,2,2021-09-19,Sunday,16:25,TEN,33,SEA,30,Home,-3,63,1,7,7,6.5,53.5,0,outdoors,fieldturf,62,14,SEA00,Lumen Field,training
2021_03_ARI_JAX,2021,REG,3,2021-09-26,Sunday,13:00,ARI,31,JAX,19,Home,-12,50,0,7,7,-8.0,51.5,0,outdoors,grass ,81,4,JAX00,TIAA Bank Stadium,training
2021_03_ATL_NYG,2021,REG,3,2021-09-26,Sunday,13:00,ATL,17,NYG,14,Home,-3,31,0,7,10,3.0,48.0,0,outdoors,fieldturf,69,13,NYC01,MetLife Stadium,training
2021_03_BAL_DET,2021,REG,3,2021-09-26,Sunday,13:00,BAL,19,DET,17,Home,-2,36,0,7,6,-7.5,51.0,0,dome,fieldturf,,,DET00,Ford Field,training
2021_03_CAR_HOU,2021,REG,3,2021-09-23,Thursday,20:20,CAR,24,HOU,9,Home,-15,33,0,4,4,-8.0,43.0,0,closed,astroturf,,,HOU00,NRG Stadium,training
2021_03_CHI_CLE,2021,REG,3,2021-09-26,Sunday,13:00,CHI,6,CLE,26,Home,20,32,0,7,7,7.5,45.0,0,outdoors,grass ,70,22,CLE00,FirstEnergy Stadium,training
2021_03_CIN_PIT,2021,REG,3,2021-09-26,Sunday,13:00,CIN,24,PIT,10,Home,-14,34,0,7,7,2.5,42.5,1,outdoors,grass ,67,9,PIT00,Heinz Field,training
2021_03_GB_SF,2021,REG,3,2021-09-26,Sunday,20:20,GB,30,SF,28,Home,-2,58,0,6,7,3.5,50.5,0,outdoors,grass,69,15,SFO01,Levi's Stadium,training
2021_03_IND_TEN,2021,REG,3,2021-09-26,Sunday,13:00,IND,16,TEN,25,Home,9,41,0,7,7,4.5,47.0,1,outdoors,grass ,72,4,NAS00,Nissan Stadium,training
2021_03_LAC_KC,2021,REG,3,2021-09-26,Sunday,13:00,LAC,30,KC,24,Home,-6,54,0,7,7,6.5,55.0,1,outdoors,grass ,81,19,KAN00,GEHA Field at Arrowhead Stadium,training
2021_03_MIA_LV,2021,REG,3,2021-09-26,Sunday,16:05,MIA,28,LV,31,Home,3,59,1,7,7,4.0,45.0,0,dome,grass,,,VEG00,Allegiant Stadium,training
2021_03_NO_NE,2021,REG,3,2021-09-26,Sunday,13:00,NO,28,NE,13,Home,-15,41,0,7,7,3.0,44.0,0,outdoors,fieldturf,73,11,BOS00,Gillette Stadium,training
2021_03_NYJ_DEN,2021,REG,3,2021-09-26,Sunday,16:05,NYJ,0,DEN,26,Home,26,26,0,7,7,10.5,42.0,0,outdoors,grass ,82,6,DEN00,Empower Field at Mile High,training
2021_03_PHI_DAL,2021,REG,3,2021-09-27,Monday,20:15,PHI,21,DAL,41,Home,20,62,0,8,8,3.5,51.5,1,open,matrixturf,,,DAL00,AT&T Stadium,training
2021_03_SEA_MIN,2021,REG,3,2021-09-26,Sunday,16:25,SEA,17,MIN,30,Home,13,47,0,7,7,-2.0,53.5,0,dome,sportturf,,,MIN01,U.S. Bank Stadium,training
2021_03_TB_LA,2021,REG,3,2021-09-26,Sunday,16:25,TB,24,LA,34,Home,10,58,0,7,7,-1.0,55.0,0,dome,matrixturf,,,LAX01,SoFi Stadium,training
2021_03_WAS_BUF,2021,REG,3,2021-09-26,Sunday,13:00,WAS,21,BUF,43,Home,22,64,0,10,7,7.5,45.5,0,outdoors,a_turf,67,21,BUF00,New Era Field,training
2021_04_ARI_LA,2021,REG,4,2021-10-03,Sunday,16:05,ARI,37,LA,20,Home,-17,57,0,7,7,3.5,53.5,1,dome,matrixturf,,,LAX01,SoFi Stadium,training
2021_04_BAL_DEN,2021,REG,4,2021-10-03,Sunday,16:25,BAL,23,DEN,7,Home,-16,30,0,7,7,1.0,44.0,0,outdoors,grass ,77,11,DEN00,Empower Field at Mile High,training
2021_04_CAR_DAL,2021,REG,4,2021-10-03,Sunday,13:00,CAR,28,DAL,36,Home,8,64,0,10,6,4.5,51.5,0,closed,matrixturf,,,DAL00,AT&T Stadium,training
2021_04_CLE_MIN,2021,REG,4,2021-10-03,Sunday,13:00,CLE,14,MIN,7,Home,-7,21,0,7,7,-1.0,52.0,0,dome,sportturf,,,MIN01,U.S. Bank Stadium,training
2021_04_DET_CHI,2021,REG,4,2021-10-03,Sunday,13:00,DET,14,CHI,24,Home,10,38,0,7,7,3.0,42.0,1,outdoors,grass ,72,4,CHI98,Soldier Field,training
2021_04_HOU_BUF,2021,REG,4,2021-10-03,Sunday,13:00,HOU,0,BUF,40,Home,40,40,0,10,7,19.0,47.5,0,outdoors,a_turf,67,12,BUF00,New Era Field,training
2021_04_IND_MIA,2021,REG,4,2021-10-03,Sunday,13:00,IND,27,MIA,17,Home,-10,44,0,7,7,2.5,41.5,0,outdoors,grass ,85,16,MIA00,Hard Rock Stadium,training
2021_04_JAX_CIN,2021,REG,4,2021-09-30,Thursday,20:20,JAX,21,CIN,24,Home,3,45,0,4,4,7.5,46.0,0,outdoors,fieldturf,65,0,CIN00,Paul Brown Stadium,training
2021_04_KC_PHI,2021,REG,4,2021-10-03,Sunday,13:00,KC,42,PHI,30,Home,-12,72,0,7,6,-7.5,53.5,0,outdoors,grass ,73,8,PHI00,Lincoln Financial Field,training
2021_04_LV_LAC,2021,REG,4,2021-10-04,Monday,20:15,LV,14,LAC,28,Home,14,42,0,8,8,3.0,52.0,1,dome,matrixturf,,,LAX01,SoFi Stadium,training
2021_04_NYG_NO,2021,REG,4,2021-10-03,Sunday,13:00,NYG,27,NO,21,Home,-6,48,1,7,7,7.5,43.0,0,dome,sportturf,,,NOR00,Mercedes-Benz Superdome,training
2021_04_PIT_GB,2021,REG,4,2021-10-03,Sunday,16:25,PIT,17,GB,27,Home,10,44,0,7,7,6.5,45.0,0,outdoors,grass ,67,4,GNB00,Lambeau Field,training
2021_04_SEA_SF,2021,REG,4,2021-10-03,Sunday,16:05,SEA,28,SF,21,Home,-7,49,0,7,7,2.5,52.0,1,outdoors,grass,80,0,SFO01,Levi's Stadium,training
2021_04_TB_NE,2021,REG,4,2021-10-03,Sunday,20:20,TB,19,NE,17,Home,-2,36,0,7,7,-6.0,49.5,0,outdoors,fieldturf,62,4,BOS00,Gillette Stadium,training
2021_04_TEN_NYJ,2021,REG,4,2021-10-03,Sunday,13:00,TEN,24,NYJ,27,Home,3,51,1,7,7,-5.5,44.5,0,outdoors,fieldturf,78,9,NYC01,MetLife Stadium,training
2022_01_BAL_NYJ,2022,REG,1,2022-09-11,Sunday,13:00,BAL,24,NYJ,9,Home,-15,33,0,7,7,-6.5,44.0,0,outdoors,fieldturf,,,NYC01,MetLife Stadium,training
2022_01_BUF_LA,2022,REG,1,2022-09-08,Thursday,20:20,BUF,31,LA,10,Home,-21,41,0,7,7,-1.0,51.5,0,dome,matrixturf,,,LAX01,SoFi Stadium,training
2022_01_CLE_CAR,2022,REG,1,2022-09-11,Sunday,13:00,CLE,26,CAR,24,Home,-2,50,0,7,7,2.5,42.5,0,outdoors,grass,,,CAR00,Bank of America Stadium,training
2022_01_DEN_SEA,2022,REG,1,2022-09-12,Monday,20:15,DEN,16,SEA,17,Home,1,33,0,7,7,-6.0,44.0,0,outdoors,fieldturf,,,SEA00,Lumen Field,training
2022_01_GB_MIN,2022,REG,1,2022-09-11,Sunday,16:25,GB,7,MIN,23,Home,16,30,0,7,7,2.5,47.0,1,dome,sportturf,,,MIN01,U.S. Bank Stadium,training
2022_01_IND_HOU,2022,REG,1,2022-09-11,Sunday,13:00,IND,20,HOU,20,Home,0,40,1,7,7,-7.0,46.0,1,closed,astroturf,,,HOU00,NRG Stadium,training
2022_01_JAX_WAS,2022,REG,1,2022-09-11,Sunday,13:00,JAX,22,WAS,28,Home,6,50,0,7,7,3.0,43.5,0,outdoors,grass,,,WAS00,FedExField,training
2022_01_KC_ARI,2022,REG,1,2022-09-11,Sunday,16:25,KC,44,ARI,21,Home,-23,65,0,7,7,-6.0,54.0,0,closed,grass,,,PHO00,State Farm Stadium,training
2022_01_LV_LAC,2022,REG,1,2022-09-11,Sunday,16:25,LV,19,LAC,24,Home,5,43,0,7,7,3.5,52.5,1,dome,matrixturf,,,LAX01,SoFi Stadium,training
2022_01_NE_MIA,2022,REG,1,2022-09-11,Sunday,13:00,NE,7,MIA,20,Home,13,27,0,7,7,3.0,47.0,1,outdoors,grass,,,MIA00,Hard Rock Stadium,training
2022_01_NO_ATL,2022,REG,1,2022-09-11,Sunday,13:00,NO,27,ATL,26,Home,-1,53,0,7,7,-6.0,43.5,1,closed,fieldturf,,,ATL97,Mercedes-Benz Stadium,training
2022_01_NYG_TEN,2022,REG,1,2022-09-11,Sunday,16:25,NYG,21,TEN,20,Home,-1,41,0,7,7,5.5,43.5,0,outdoors,grass,,,NAS00,Nissan Stadium,training
2022_01_PHI_DET,2022,REG,1,2022-09-11,Sunday,13:00,PHI,38,DET,35,Home,-3,73,0,7,7,-6.0,49.0,0,dome,fieldturf,,,DET00,Ford Field,training
2022_01_PIT_CIN,2022,REG,1,2022-09-11,Sunday,13:00,PIT,23,CIN,20,Home,-3,43,1,7,7,7.5,44.5,1,outdoors,fieldturf,,,CIN00,Paycor Stadium,training
2022_01_SF_CHI,2022,REG,1,2022-09-11,Sunday,13:00,SF,10,CHI,19,Home,9,29,0,7,7,-6.5,38.0,0,outdoors,grass,,,CHI98,Soldier Field,training
2022_01_TB_DAL,2022,REG,1,2022-09-11,Sunday,20:20,TB,19,DAL,3,Home,-16,22,0,7,7,-2.5,49.5,0,closed,matrixturf,,,DAL00,AT&T Stadium,training
2022_02_ARI_LV,2022,REG,2,2022-09-18,Sunday,16:25,ARI,29,LV,23,Home,-6,52,1,7,7,5.5,51.5,0,dome,grass,,,VEG00,Allegiant Stadium,training
2022_02_ATL_LA,2022,REG,2,2022-09-18,Sunday,16:05,ATL,27,LA,31,Home,4,58,0,7,10,10.5,46.5,0,dome,matrixturf,,,LAX01,SoFi Stadium,training
2022_02_CAR_NYG,2022,REG,2,2022-09-18,Sunday,13:00,CAR,16,NYG,19,Home,3,35,0,7,7,-1.0,44.0,0,outdoors,fieldturf,,,NYC01,MetLife Stadium,training
2022_02_CHI_GB,2022,REG,2,2022-09-18,Sunday,20:20,CHI,10,GB,27,Home,17,37,0,7,7,10.5,42.0,1,outdoors,grass,,,GNB00,Lambeau Field,training
2022_02_CIN_DAL,2022,REG,2,2022-09-18,Sunday,16:25,CIN,17,DAL,20,Home,3,37,0,7,7,-7.5,42.0,0,closed,matrixturf,,,DAL00,AT&T Stadium,training
2022_02_HOU_DEN,2022,REG,2,2022-09-18,Sunday,16:25,HOU,9,DEN,16,Home,7,25,0,7,6,10.5,46.0,0,outdoors,grass,,,DEN00,Empower Field at Mile High,training
2022_02_IND_JAX,2022,REG,2,2022-09-18,Sunday,13:00,IND,0,JAX,24,Home,24,24,0,7,7,-3.0,43.5,1,outdoors,grass,,,JAX00,TIAA Bank Stadium,training
2022_02_LAC_KC,2022,REG,2,2022-09-15,Thursday,20:15,LAC,24,KC,27,Home,3,51,0,4,4,4.0,52.5,1,outdoors,grass,,,KAN00,GEHA Field at Arrowhead Stadium,training
2022_02_MIA_BAL,2022,REG,2,2022-09-18,Sunday,13:00,MIA,42,BAL,38,Home,-4,80,0,7,7,3.0,44.0,0,outdoors,grass,,,BAL00,M&T Bank Stadium,training
2022_02_MIN_PHI,2022,REG,2,2022-09-19,Monday,20:30,MIN,7,PHI,24,Home,17,31,0,8,8,2.5,49.5,0,outdoors,grass,,,PHI00,Lincoln Financial Field,training
2022_02_NE_PIT,2022,REG,2,2022-09-18,Sunday,13:00,NE,17,PIT,14,Home,-3,31,0,7,7,-3.0,40.0,0,outdoors,grass,,,PIT00,Acrisure Stadium,training
2022_02_NYJ_CLE,2022,REG,2,2022-09-18,Sunday,13:00,NYJ,31,CLE,30,Home,-1,61,0,7,7,6.5,38.5,0,outdoors,grass,,,CLE00,FirstEnergy Stadium,training
2022_02_SEA_SF,2022,REG,2,2022-09-18,Sunday,16:05,SEA,7,SF,27,Home,20,34,0,6,7,8.5,40.0,1,outdoors,grass,,,SFO01,Levi's Stadium,training
2022_02_TB_NO,2022,REG,2,2022-09-18,Sunday,13:00,TB,20,NO,10,Home,-10,30,0,7,7,-2.5,44.0,1,dome,sportturf,,,NOR00,Mercedes-Benz Superdome,training
2022_02_TEN_BUF,2022,REG,2,2022-09-19,Monday,19:15,TEN,7,BUF,41,Home,34,48,0,8,11,10.0,47.5,0,outdoors,a_turf,,,BUF00,New Era Field,training
2022_02_WAS_DET,2022,REG,2,2022-09-18,Sunday,13:00,WAS,27,DET,36,Home,9,63,0,7,7,-1.0,48.5,0,dome,fieldturf,,,DET00,Ford Field,training
2022_03_ATL_SEA,2022,REG,3,2022-09-25,Sunday,16:25,ATL,27,SEA,23,Home,-4,50,0,7,7,1.0,43.0,0,outdoors,fieldturf,,,SEA00,Lumen Field,training
2022_03_BAL_NE,2022,REG,3,2022-09-25,Sunday,13:00,BAL,37,NE,26,Home,-11,63,0,7,7,-2.5,45.5,0,outdoors,fieldturf,,,BOS00,Gillette Stadium,training
2022_03_BUF_MIA,2022,REG,3,2022-09-25,Sunday,13:00,BUF,19,MIA,21,Home,2,40,0,6,7,-4.0,54.0,1,outdoors,grass,,,MIA00,Hard Rock Stadium,training
2022_03_CIN_NYJ,2022,REG,3,2022-09-25,Sunday,13:00,CIN,27,NYJ,12,Home,-15,39,0,7,7,-6.5,46.0,0,outdoors,fieldturf,,,NYC01,MetLife Stadium,training
2022_03_DAL_NYG,2022,REG,3,2022-09-26,Monday,20:15,DAL,23,NYG,16,Home,-7,39,0,8,8,1.0,38.5,1,outdoors,fieldturf,,,NYC01,MetLife Stadium,training
2022_03_DET_MIN,2022,REG,3,2022-09-25,Sunday,13:00,DET,24,MIN,28,Home,4,52,0,7,6,6.5,52.0,1,dome,sportturf,,,MIN01,U.S. Bank Stadium,training
2022_03_GB_TB,2022,REG,3,2022-09-25,Sunday,16:25,GB,14,TB,12,Home,-2,26,0,7,7,1.0,41.5,0,outdoors,grass,,,TAM00,Raymond James Stadium,training
2022_03_HOU_CHI,2022,REG,3,2022-09-25,Sunday,13:00,HOU,20,CHI,23,Home,3,43,0,7,7,3.0,40.0,0,outdoors,grass,,,CHI98,Soldier Field,training
2022_03_JAX_LAC,2022,REG,3,2022-09-25,Sunday,16:05,JAX,38,LAC,10,Home,-28,48,0,7,10,6.5,46.0,0,dome,matrixturf,,,LAX01,SoFi Stadium,training
2022_03_KC_IND,2022,REG,3,2022-09-25,Sunday,13:00,KC,17,IND,20,Home,3,37,0,10,7,-4.5,51.0,0,open,fieldturf,,,IND00,Lucas Oil Stadium,training
2022_03_LA_ARI,2022,REG,3,2022-09-25,Sunday,16:25,LA,20,ARI,12,Home,-8,32,0,7,7,-3.5,49.0,1,closed,grass,,,PHO00,State Farm Stadium,training
2022_03_LV_TEN,2022,REG,3,2022-09-25,Sunday,13:00,LV,22,TEN,24,Home,2,46,0,7,6,-1.5,45.5,0,outdoors,grass,,,NAS00,Nissan Stadium,training
2022_03_NO_CAR,2022,REG,3,2022-09-25,Sunday,13:00,NO,14,CAR,22,Home,8,36,0,7,7,-2.0,41.0,1,outdoors,grass,,,CAR00,Bank of America Stadium,training
2022_03_PHI_WAS,2022,REG,3,2022-09-25,Sunday,13:00,PHI,24,WAS,8,Home,-16,32,0,6,7,-6.0,47.0,1,outdoors,grass,,,WAS00,FedExField,training
2022_03_PIT_CLE,2022,REG,3,2022-09-22,Thursday,20:15,PIT,17,CLE,29,Home,12,46,0,4,4,4.5,38.0,1,outdoors,grass,,,CLE00,FirstEnergy Stadium,training
2022_03_SF_DEN,2022,REG,3,2022-09-25,Sunday,20:20,SF,10,DEN,11,Home,1,21,0,7,7,-1.0,44.0,0,outdoors,grass,,,DEN00,Empower Field at Mile High,training
2022_04_ARI_CAR,2022,REG,4,2022-10-02,Sunday,16:05,ARI,26,CAR,16,Home,-10,42,0,7,7,1.0,44.0,0,outdoors,grass,,,CAR00,Bank of America Stadium,training
2022_04_BUF_BAL,2022,REG,4,2022-10-02,Sunday,13:00,BUF,23,BAL,20,Home,-3,43,0,7,7,-3.0,50.0,0,outdoors,grass,,,BAL00,M&T Bank Stadium,training
2022_04_CHI_NYG,2022,REG,4,2022-10-02,Sunday,13:00,CHI,12,NYG,20,Home,8,32,0,7,6,3.0,39.0,0,outdoors,fieldturf,,,NYC01,MetLife Stadium,training
2022_04_CLE_ATL,2022,REG,4,2022-10-02,Sunday,13:00,CLE,20,ATL,23,Home,3,43,0,10,7,-1.0,48.0,0,open,fieldturf,,,ATL97,Mercedes-Benz Stadium,training
2022_04_DEN_LV,2022,REG,4,2022-10-02,Sunday,16:25,DEN,23,LV,32,Home,9,55,0,7,7,2.5,45.5,1,dome,grass,,,VEG00,Allegiant Stadium,training
2022_04_JAX_PHI,2022,REG,4,2022-10-02,Sunday,13:00,JAX,21,PHI,29,Home,8,50,0,7,7,6.5,44.0,0,outdoors,grass,,,PHI00,Lincoln Financial Field,training
2022_04_KC_TB,2022,REG,4,2022-10-02,Sunday,20:20,KC,41,TB,31,Home,-10,72,0,7,7,1.0,46.5,0,outdoors,grass,,,TAM00,Raymond James Stadium,training
2022_04_LAC_HOU,2022,REG,4,2022-10-02,Sunday,13:00,LAC,34,HOU,24,Home,-10,58,0,7,7,-5.5,45.0,0,closed,astroturf,,,HOU00,NRG Stadium,training
2022_04_LA_SF,2022,REG,4,2022-10-03,Monday,20:15,LA,9,SF,24,Home,15,33,0,8,8,1.0,42.0,1,outdoors,grass,,,SFO01,Levi's Stadium,training
2022_04_MIA_CIN,2022,REG,4,2022-09-29,Thursday,20:15,MIA,15,CIN,27,Home,12,42,0,4,4,4.0,48.5,0,outdoors,fieldturf,,,CIN00,Paycor Stadium,training
2022_04_MIN_NO,2022,REG,4,2022-10-02,Sunday,09:30,MIN,28,NO,25,Neutral,-3,53,0,7,7,-4.0,42.0,0,outdoors,"",,,LON02,Tottenham Stadium,training
2022_04_NE_GB,2022,REG,4,2022-10-02,Sunday,16:25,NE,24,GB,27,Home,3,51,1,7,7,10.0,40.5,0,outdoors,grass,,,GNB00,Lambeau Field,training
2022_04_NYJ_PIT,2022,REG,4,2022-10-02,Sunday,13:00,NYJ,24,PIT,20,Home,-4,44,0,7,10,3.0,41.0,0,outdoors,grass,,,PIT00,Acrisure Stadium,training
2022_04_SEA_DET,2022,REG,4,2022-10-02,Sunday,13:00,SEA,48,DET,45,Home,-3,93,0,7,7,3.0,48.5,0,dome,fieldturf,,,DET00,Ford Field,training
2022_04_TEN_IND,2022,REG,4,2022-10-02,Sunday,13:00,TEN,24,IND,17,Home,-7,41,0,7,7,4.5,43.0,1,open,fieldturf,,,IND00,Lucas Oil Stadium,training
2023_01_ARI_WAS,2023,REG,1,2023-09-10,Sunday,13:00,ARI,16,WAS,20,Home,4,36,0,7,7,7.0,38.0,0,outdoors,"",,,WAS00,FedExField,training
2023_01_BUF_NYJ,2023,REG,1,2023-09-11,Monday,20:15,BUF,16,NYJ,22,Home,6,38,1,7,7,-2.5,44.5,1,outdoors,"",,,NYC01,MetLife Stadium,training
2023_01_CAR_ATL,2023,REG,1,2023-09-10,Sunday,13:00,CAR,10,ATL,24,Home,14,34,0,7,7,3.5,40.5,1,closed,"",,,ATL97,Mercedes-Benz Stadium,training
2023_01_CIN_CLE,2023,REG,1,2023-09-10,Sunday,13:00,CIN,3,CLE,24,Home,21,27,0,7,7,-1.0,46.5,1,outdoors,"",,,CLE00,FirstEnergy Stadium,training
2023_01_DAL_NYG,2023,REG,1,2023-09-10,Sunday,20:20,DAL,40,NYG,0,Home,-40,40,0,7,7,-3.5,44.5,1,outdoors,"",,,NYC01,MetLife Stadium,training
2023_01_DET_KC,2023,REG,1,2023-09-07,Thursday,20:20,DET,21,KC,20,Home,-1,41,0,7,7,4.0,53.0,0,outdoors,"",,,KAN00,GEHA Field at Arrowhead Stadium,training
2023_01_GB_CHI,2023,REG,1,2023-09-10,Sunday,16:25,GB,38,CHI,20,Home,-18,58,0,7,7,1.0,41.0,1,outdoors,"",,,CHI98,Soldier Field,training
2023_01_HOU_BAL,2023,REG,1,2023-09-10,Sunday,13:00,HOU,9,BAL,25,Home,16,34,0,7,7,9.5,43.5,0,outdoors,"",,,BAL00,M&T Bank Stadium,training
2023_01_JAX_IND,2023,REG,1,2023-09-10,Sunday,13:00,JAX,31,IND,21,Home,-10,52,0,7,7,-4.0,45.5,1,closed,"",,,IND00,Lucas Oil Stadium,training
2023_01_LA_SEA,2023,REG,1,2023-09-10,Sunday,16:25,LA,30,SEA,13,Home,-17,43,0,7,7,4.5,45.0,1,outdoors,"",,,SEA00,Lumen Field,training
2023_01_LV_DEN,2023,REG,1,2023-09-10,Sunday,16:25,LV,17,DEN,16,Home,-1,33,0,7,7,3.0,43.0,1,outdoors,"",,,DEN00,Empower Field at Mile High,training
2023_01_MIA_LAC,2023,REG,1,2023-09-10,Sunday,16:25,MIA,36,LAC,34,Home,-2,70,0,7,7,3.0,50.5,0,dome,"",,,LAX01,SoFi Stadium,training
2023_01_PHI_NE,2023,REG,1,2023-09-10,Sunday,16:25,PHI,25,NE,20,Home,-5,45,0,7,7,-3.5,44.5,0,outdoors,"",,,BOS00,Gillette Stadium,training
2023_01_SF_PIT,2023,REG,1,2023-09-10,Sunday,13:00,SF,30,PIT,7,Home,-23,37,0,7,7,-1.5,41.5,0,outdoors,"",,,PIT00,Acrisure Stadium,training
2023_01_TB_MIN,2023,REG,1,2023-09-10,Sunday,13:00,TB,20,MIN,17,Home,-3,37,0,7,7,4.0,45.0,0,dome,"",,,MIN01,U.S. Bank Stadium,training
2023_01_TEN_NO,2023,REG,1,2023-09-10,Sunday,13:00,TEN,15,NO,16,Home,1,31,0,7,7,3.0,41.0,0,dome,"",,,NOR00,Mercedes-Benz Superdome,training
2023_02_BAL_CIN,2023,REG,2,2023-09-17,Sunday,13:00,BAL,27,CIN,24,Home,-3,51,0,7,7,3.5,45.5,1,outdoors,"",,,CIN00,Paycor Stadium,training
2023_02_CHI_TB,2023,REG,2,2023-09-17,Sunday,13:00,CHI,17,TB,27,Home,10,44,0,7,7,2.5,41.0,0,outdoors,"",,,TAM00,Raymond James Stadium,training
2023_02_CLE_PIT,2023,REG,2,2023-09-18,Monday,20:15,CLE,22,PIT,26,Home,4,48,0,8,8,-2.5,39.0,1,outdoors,"",,,PIT00,Acrisure Stadium,training
2023_02_GB_ATL,2023,REG,2,2023-09-17,Sunday,13:00,GB,24,ATL,25,Home,1,49,0,7,7,3.0,40.5,0,open,"",,,ATL97,Mercedes-Benz Stadium,training
2023_02_IND_HOU,2023,REG,2,2023-09-17,Sunday,13:00,IND,31,HOU,20,Home,-11,51,0,7,7,-1.0,40.0,1,open,"",,,HOU00,NRG Stadium,training
2023_02_KC_JAX,2023,REG,2,2023-09-17,Sunday,13:00,KC,17,JAX,9,Home,-8,26,0,10,7,-3.5,50.5,0,outdoors,"",,,JAX00,TIAA Bank Stadium,training
2023_02_LAC_TEN,2023,REG,2,2023-09-17,Sunday,13:00,LAC,24,TEN,27,Home,3,51,1,7,7,-2.5,45.5,0,outdoors,"",,,NAS00,Nissan Stadium,training
2023_02_LV_BUF,2023,REG,2,2023-09-17,Sunday,13:00,LV,10,BUF,38,Home,28,48,0,7,6,7.5,47.0,0,outdoors,"",,,BUF00,New Era Field,training
2023_02_MIA_NE,2023,REG,2,2023-09-17,Sunday,20:20,MIA,24,NE,17,Home,-7,41,0,7,7,-2.0,46.5,1,outdoors,"",,,BOS00,Gillette Stadium,training
2023_02_MIN_PHI,2023,REG,2,2023-09-14,Thursday,20:15,MIN,28,PHI,34,Home,6,62,0,4,4,6.0,49.0,0,outdoors,"",,,PHI00,Lincoln Financial Field,training
2023_02_NO_CAR,2023,REG,2,2023-09-18,Monday,19:15,NO,20,CAR,17,Home,-3,37,0,8,8,-3.0,39.5,1,outdoors,"",,,CAR00,Bank of America Stadium,training
2023_02_NYG_ARI,2023,REG,2,2023-09-17,Sunday,16:05,NYG,31,ARI,28,Home,-3,59,0,7,7,-5.0,40.0,0,closed,"",,,PHO00,State Farm Stadium,training
2023_02_NYJ_DAL,2023,REG,2,2023-09-17,Sunday,16:25,NYJ,10,DAL,30,Home,20,40,0,6,7,8.5,38.5,0,open,"",,,DAL00,AT&T Stadium,training
2023_02_SEA_DET,2023,REG,2,2023-09-17,Sunday,13:00,SEA,37,DET,31,Home,-6,68,1,7,10,4.5,47.5,0,dome,"",,,DET00,Ford Field,training
2023_02_SF_LA,2023,REG,2,2023-09-17,Sunday,16:05,SF,30,LA,23,Home,-7,53,0,7,7,-7.5,45.0,1,dome,"",,,LAX01,SoFi Stadium,training
2023_02_WAS_DEN,2023,REG,2,2023-09-17,Sunday,16:25,WAS,35,DEN,33,Home,-2,68,0,7,7,4.0,38.5,0,outdoors,"",,,DEN00,Empower Field at Mile High,training
2023_03_ATL_DET,2023,REG,3,2023-09-24,Sunday,13:00,ATL,6,DET,20,Home,14,26,0,7,7,3.0,47.5,0,dome,fieldturf,,,DET00,Ford Field,training
2023_03_BUF_WAS,2023,REG,3,2023-09-24,Sunday,13:00,BUF,37,WAS,3,Home,-34,40,0,7,7,-5.5,44.0,0,outdoors,grass,65,1,WAS00,FedExField,training
2023_03_CAR_SEA,2023,REG,3,2023-09-24,Sunday,16:05,CAR,27,SEA,37,Home,10,64,0,6,7,5.0,42.5,0,outdoors,fieldturf,61,2,SEA00,Lumen Field,training
2023_03_CHI_KC,2023,REG,3,2023-09-24,Sunday,16:25,CHI,10,KC,41,Home,31,51,0,7,7,13.0,48.0,0,outdoors,grass,,,KAN00,GEHA Field at Arrowhead Stadium,training
2023_03_DAL_ARI,2023,REG,3,2023-09-24,Sunday,16:25,DAL,16,ARI,28,Home,12,44,0,7,7,-11.5,43.5,0,open,grass,,,PHO00,State Farm Stadium,training
2023_03_DEN_MIA,2023,REG,3,2023-09-24,Sunday,13:00,DEN,20,MIA,70,Home,50,90,0,7,7,6.0,47.5,0,outdoors,grass,86,5,MIA00,Hard Rock Stadium,training
2023_03_HOU_JAX,2023,REG,3,2023-09-24,Sunday,13:00,HOU,37,JAX,17,Home,-20,54,0,7,7,7.5,43.5,1,outdoors,grass,84,6,JAX00,TIAA Bank Stadium,training
2023_03_IND_BAL,2023,REG,3,2023-09-24,Sunday,13:00,IND,22,BAL,19,Home,-3,41,1,7,7,7.5,43.5,0,outdoors,grass,68,3,BAL00,M&T Bank Stadium,training
2023_03_LAC_MIN,2023,REG,3,2023-09-24,Sunday,13:00,LAC,28,MIN,24,Home,-4,52,0,7,10,1.0,54.0,0,dome,sportturf,,,MIN01,U.S. Bank Stadium,training
2023_03_LA_CIN,2023,REG,3,2023-09-25,Monday,20:15,LA,16,CIN,19,Home,3,35,0,8,8,3.0,45.5,0,outdoors,fieldturf,74,7,CIN00,Paycor Stadium,training
2023_03_NE_NYJ,2023,REG,3,2023-09-24,Sunday,13:00,NE,15,NYJ,10,Home,-5,25,0,7,7,-2.5,35.5,1,outdoors,fieldturf,64,14,NYC01,MetLife Stadium,training
2023_03_NO_GB,2023,REG,3,2023-09-24,Sunday,13:00,NO,17,GB,18,Home,1,35,0,6,7,-1.5,41.5,0,outdoors,grass,68,10,GNB00,Lambeau Field,training
2023_03_NYG_SF,2023,REG,3,2023-09-21,Thursday,20:15,NYG,12,SF,30,Home,18,42,0,4,4,10.5,43.5,0,outdoors,grass,77,13,SFO01,Levi's Stadium,training
2023_03_PHI_TB,2023,REG,3,2023-09-25,Monday,19:15,PHI,25,TB,11,Home,-14,36,0,11,8,-6.0,44.0,0,outdoors,grass,90,4,TAM00,Raymond James Stadium,training
2023_03_PIT_LV,2023,REG,3,2023-09-24,Sunday,20:20,PIT,23,LV,18,Home,-5,41,0,6,7,3.0,43.5,0,dome,grass,,,VEG00,Allegiant Stadium,training
2023_03_TEN_CLE,2023,REG,3,2023-09-24,Sunday,13:00,TEN,3,CLE,27,Home,24,30,0,7,6,3.5,38.0,0,outdoors,grass,68,5,CLE00,FirstEnergy Stadium,training
2023_04_ARI_SF,2023,REG,4,2023-10-01,Sunday,16:25,ARI,16,SF,35,Home,19,51,0,7,10,15.0,44.0,1,outdoors,grass,75,9,SFO01,Levi's Stadium,training
2023_04_ATL_JAX,2023,REG,4,2023-10-01,Sunday,09:30,ATL,7,JAX,23,Neutral,16,30,0,7,7,3.5,42.5,0,outdoors,"",,,LON00,Wembley Stadium,training
2023_04_BAL_CLE,2023,REG,4,2023-10-01,Sunday,13:00,BAL,28,CLE,3,Home,-25,31,0,7,7,-2.0,38.5,1,outdoors,grass,71,7,CLE00,FirstEnergy Stadium,training
2023_04_CIN_TEN,2023,REG,4,2023-10-01,Sunday,13:00,CIN,3,TEN,27,Home,24,30,0,6,7,-2.5,41.5,0,outdoors,grass,82,4,NAS00,Nissan Stadium,training
2023_04_DEN_CHI,2023,REG,4,2023-10-01,Sunday,13:00,DEN,31,CHI,28,Home,-3,59,0,7,7,-3.0,47.0,0,outdoors,grass,80,2,CHI98,Soldier Field,training
2023_04_DET_GB,2023,REG,4,2023-09-28,Thursday,20:15,DET,34,GB,20,Home,-14,54,0,4,4,-2.5,45.0,1,outdoors,grass,64,8,GNB00,Lambeau Field,training
2023_04_KC_NYJ,2023,REG,4,2023-10-01,Sunday,20:20,KC,23,NYJ,20,Home,-3,43,0,7,7,-9.5,41.5,0,outdoors,fieldturf,69,5,NYC01,MetLife Stadium,training
2023_04_LA_IND,2023,REG,4,2023-10-01,Sunday,13:00,LA,29,IND,23,Home,-6,52,1,6,7,-1.0,44.5,0,open,fieldturf,,,IND00,Lucas Oil Stadium,training
2023_04_LV_LAC,2023,REG,4,2023-10-01,Sunday,16:05,LV,17,LAC,24,Home,7,41,0,7,7,7.0,49.0,1,dome,matrixturf,,,LAX01,SoFi Stadium,training
2023_04_MIA_BUF,2023,REG,4,2023-10-01,Sunday,13:00,MIA,20,BUF,48,Home,28,68,0,7,7,2.5,53.0,1,outdoors,a_turf,70,2,BUF00,New Era Field,training
2023_04_MIN_CAR,2023,REG,4,2023-10-01,Sunday,13:00,MIN,21,CAR,13,Home,-8,34,0,7,7,-4.5,46.5,0,outdoors,grass,78,7,CAR00,Bank of America Stadium,training
2023_04_NE_DAL,2023,REG,4,2023-10-01,Sunday,16:25,NE,3,DAL,38,Home,35,41,0,7,7,6.5,43.0,0,closed,matrixturf,,,DAL00,AT&T Stadium,training
2023_04_PIT_HOU,2023,REG,4,2023-10-01,Sunday,13:00,PIT,6,HOU,30,Home,24,36,0,7,7,-3.0,41.5,0,open,astroturf,,,HOU00,NRG Stadium,training
2023_04_SEA_NYG,2023,REG,4,2023-10-02,Monday,20:15,SEA,24,NYG,3,Home,-21,27,0,8,11,-2.5,46.5,0,outdoors,fieldturf,67,8,NYC01,MetLife Stadium,training
2023_04_TB_NO,2023,REG,4,2023-10-01,Sunday,13:00,TB,26,NO,9,Home,-17,35,0,6,7,4.0,41.0,1,dome,sportturf,,,NOR00,Mercedes-Benz Superdome,training
2024_01_ARI_BUF,2024,REG,1,2024-09-08,Sunday,13:00,ARI,28,BUF,34,Home,6,62,0,7,7,6.5,46.0,0,outdoors,a_turf,61,20,BUF00,New Era Field,validation
2024_01_BAL_KC,2024,REG,1,2024-09-05,Thursday,20:20,BAL,20,KC,27,Home,7,47,0,7,7,3.0,46.0,0,outdoors,grass,67,8,KAN00,GEHA Field at Arrowhead Stadium,validation
2024_01_CAR_NO,2024,REG,1,2024-09-08,Sunday,13:00,CAR,10,NO,47,Home,37,57,0,7,7,3.5,41.5,1,dome,sportturf,,,NOR00,Mercedes-Benz Superdome,validation
2024_01_DAL_CLE,2024,REG,1,2024-09-08,Sunday,16:25,DAL,33,CLE,17,Home,-16,50,0,7,7,2.5,42.0,0,outdoors,grass,69,17,CLE00,FirstEnergy Stadium,validation
2024_01_DEN_SEA,2024,REG,1,2024-09-08,Sunday,16:05,DEN,20,SEA,26,Home,6,46,0,7,7,6.5,42.0,0,outdoors,fieldturf,65,7,SEA00,Lumen Field,validation
2024_01_GB_PHI,2024,REG,1,2024-09-06,Friday,20:15,GB,29,PHI,34,Neutral,5,63,0,7,7,2.0,49.5,0,outdoors,"",,,SAO00,Arena Corinthians,validation
2024_01_HOU_IND,2024,REG,1,2024-09-08,Sunday,13:00,HOU,29,IND,27,Home,-2,56,0,7,7,-3.0,49.0,1,closed,fieldturf,,,IND00,Lucas Oil Stadium,validation
2024_01_JAX_MIA,2024,REG,1,2024-09-08,Sunday,13:00,JAX,17,MIA,20,Home,3,37,0,7,7,3.5,49.5,0,outdoors,grass,91,10,MIA00,Hard Rock Stadium,validation
2024_01_LA_DET,2024,REG,1,2024-09-08,Sunday,20:20,LA,20,DET,26,Home,6,46,1,7,7,5.0,54.0,0,dome,fieldturf,,,DET00,Ford Field,validation
2024_01_LV_LAC,2024,REG,1,2024-09-08,Sunday,16:05,LV,10,LAC,22,Home,12,32,0,7,7,3.0,41.0,1,dome,matrixturf,,,LAX01,SoFi Stadium,validation
2024_01_MIN_NYG,2024,REG,1,2024-09-08,Sunday,13:00,MIN,28,NYG,6,Home,-22,34,0,7,7,-1.0,42.5,0,outdoors,fieldturf,64,10,NYC01,MetLife Stadium,validation
2024_01_NE_CIN,2024,REG,1,2024-09-08,Sunday,13:00,NE,16,CIN,10,Home,-6,26,0,7,7,8.0,40.5,0,outdoors,fieldturf,66,5,CIN00,Paycor Stadium,validation
2024_01_NYJ_SF,2024,REG,1,2024-09-09,Monday,20:15,NYJ,19,SF,32,Home,13,51,0,7,7,3.5,43.0,0,outdoors,grass,76,10,SFO01,Levi's Stadium,validation
2024_01_PIT_ATL,2024,REG,1,2024-09-08,Sunday,13:00,PIT,18,ATL,10,Home,-8,28,0,7,7,4.0,43.0,0,closed,fieldturf,,,ATL97,Mercedes-Benz Stadium,validation
2024_01_TEN_CHI,2024,REG,1,2024-09-08,Sunday,13:00,TEN,17,CHI,24,Home,7,41,0,7,7,4.0,43.0,0,outdoors,grass,67,8,CHI98,Soldier Field,validation
2024_01_WAS_TB,2024,REG,1,2024-09-08,Sunday,16:25,WAS,20,TB,37,Home,17,57,0,7,7,4.0,42.0,0,outdoors,grass,93,6,TAM00,Raymond James Stadium,validation
2024_02_ATL_PHI,2024,REG,2,2024-09-16,Monday,20:15,ATL,22,PHI,21,Home,-1,43,0,8,10,5.5,46.5,0,outdoors,grass,71,9,PHI00,Lincoln Financial Field,validation
2024_02_BUF_MIA,2024,REG,2,2024-09-12,Thursday,20:15,BUF,31,MIA,10,Home,-21,41,0,4,4,2.5,48.5,1,outdoors,grass,86,3,MIA00,Hard Rock Stadium,validation
2024_02_CHI_HOU,2024,REG,2,2024-09-15,Sunday,20:20,CHI,13,HOU,19,Home,6,32,0,7,7,6.0,45.5,0,closed,astroturf,,,HOU00,NRG Stadium,validation
2024_02_CIN_KC,2024,REG,2,2024-09-15,Sunday,16:25,CIN,25,KC,26,Home,1,51,0,7,10,6.5,47.5,0,outdoors,grass,89,8,KAN00,GEHA Field at Arrowhead Stadium,validation
2024_02_CLE_JAX,2024,REG,2,2024-09-15,Sunday,13:00,CLE,18,JAX,13,Home,-5,31,0,7,7,3.0,41.5,0,outdoors,grass,80,12,JAX00,TIAA Bank Stadium,validation
2024_02_IND_GB,2024,REG,2,2024-09-15,Sunday,13:00,IND,10,GB,16,Home,6,26,0,7,9,-3.0,41.5,0,outdoors,grass,85,7,GNB00,Lambeau Field,validation
2024_02_LAC_CAR,2024,REG,2,2024-09-15,Sunday,13:00,LAC,26,CAR,3,Home,-23,29,0,7,7,-5.0,39.0,0,outdoors,grass,78,13,CAR00,Bank of America Stadium,validation
2024_02_LA_ARI,2024,REG,2,2024-09-15,Sunday,16:05,LA,10,ARI,41,Home,31,51,0,7,7,-1.0,47.5,1,closed,grass,,,PHO00,State Farm Stadium,validation
2024_02_LV_BAL,2024,REG,2,2024-09-15,Sunday,13:00,LV,26,BAL,23,Home,-3,49,0,7,10,9.0,41.0,0,outdoors,grass,76,10,BAL00,M&T Bank Stadium,validation
2024_02_NO_DAL,2024,REG,2,2024-09-15,Sunday,13:00,NO,44,DAL,19,Home,-25,63,0,7,7,6.5,47.0,0,closed,matrixturf,,,DAL00,AT&T Stadium,validation
2024_02_NYG_WAS,2024,REG,2,2024-09-15,Sunday,13:00,NYG,18,WAS,21,Home,3,39,0,7,7,1.5,42.5,1,outdoors,grass,82,11,WAS00,FedExField,validation
2024_02_NYJ_TEN,2024,REG,2,2024-09-15,Sunday,13:00,NYJ,24,TEN,17,Home,-7,41,0,6,7,-3.5,41.5,0,outdoors,grass,80,13,NAS00,Nissan Stadium,validation
2024_02_PIT_DEN,2024,REG,2,2024-09-15,Sunday,16:25,PIT,13,DEN,6,Home,-7,19,0,7,7,-3.0,36.5,0,outdoors,grass,83,4,DEN00,Empower Field at Mile High,validation
2024_02_SEA_NE,2024,REG,2,2024-09-15,Sunday,13:00,SEA,23,NE,20,Home,-3,43,1,7,7,-3.5,39.0,0,outdoors,fieldturf,77,5,BOS00,Gillette Stadium,validation
2024_02_SF_MIN,2024,REG,2,2024-09-15,Sunday,13:00,SF,17,MIN,23,Home,6,40,0,6,7,-4.5,46.5,0,dome,sportturf,,,MIN01,U.S. Bank Stadium,validation
2024_02_TB_DET,2024,REG,2,2024-09-15,Sunday,13:00,TB,20,DET,16,Home,-4,36,0,7,7,7.5,51.5,0,dome,fieldturf,,,DET00,Ford Field,validation
2024_03_BAL_DAL,2024,REG,3,2024-09-22,Sunday,16:25,BAL,28,DAL,25,Home,-3,53,0,7,7,-1.5,47.5,0,closed,matrixturf,,,DAL00,AT&T Stadium,validation
2024_03_CAR_LV,2024,REG,3,2024-09-22,Sunday,16:05,CAR,36,LV,22,Home,-14,58,0,7,7,5.5,40.0,0,dome,grass,,,VEG00,Allegiant Stadium,validation
2024_03_CHI_IND,2024,REG,3,2024-09-22,Sunday,13:00,CHI,16,IND,21,Home,5,37,0,7,7,1.5,43.0,0,closed,fieldturf,,,IND00,Lucas Oil Stadium,validation
2024_03_DEN_TB,2024,REG,3,2024-09-22,Sunday,13:00,DEN,26,TB,7,Home,-19,33,0,7,7,6.0,40.5,0,outdoors,grass,85,6,TAM00,Raymond James Stadium,validation
2024_03_DET_ARI,2024,REG,3,2024-09-22,Sunday,16:25,DET,20,ARI,13,Home,-7,33,0,7,7,-3.0,51.5,0,closed,grass,,,PHO00,State Farm Stadium,validation
2024_03_GB_TEN,2024,REG,3,2024-09-22,Sunday,13:00,GB,30,TEN,14,Home,-16,44,0,7,7,3.0,37.0,0,outdoors,grass,87,7,NAS00,Nissan Stadium,validation
2024_03_HOU_MIN,2024,REG,3,2024-09-22,Sunday,13:00,HOU,7,MIN,34,Home,27,41,0,7,7,-2.0,46.0,0,dome,sportturf,,,MIN01,U.S. Bank Stadium,validation
2024_03_JAX_BUF,2024,REG,3,2024-09-23,Monday,19:30,JAX,10,BUF,47,Home,37,57,0,8,11,4.0,46.5,0,outdoors,a_turf,68,5,BUF00,New Era Field,validation
2024_03_KC_ATL,2024,REG,3,2024-09-22,Sunday,20:20,KC,22,ATL,17,Home,-5,39,0,7,6,-3.0,46.0,0,closed,fieldturf,,,ATL97,Mercedes-Benz Stadium,validation
2024_03_LAC_PIT,2024,REG,3,2024-09-22,Sunday,13:00,LAC,10,PIT,20,Home,10,30,0,7,7,3.0,36.0,0,outdoors,grass,72,2,PIT00,Acrisure Stadium,validation
2024_03_MIA_SEA,2024,REG,3,2024-09-22,Sunday,16:05,MIA,3,SEA,24,Home,21,27,0,10,7,4.0,41.5,0,outdoors,fieldturf,64,2,SEA00,Lumen Field,validation
2024_03_NE_NYJ,2024,REG,3,2024-09-19,Thursday,20:15,NE,3,NYJ,24,Home,21,27,0,4,4,6.5,39.0,1,outdoors,fieldturf,75,5,NYC01,MetLife Stadium,validation
2024_03_NYG_CLE,2024,REG,3,2024-09-22,Sunday,13:00,NYG,21,CLE,15,Home,-6,36,0,7,7,6.5,38.0,0,outdoors,grass,76,4,CLE00,FirstEnergy Stadium,validation
2024_03_PHI_NO,2024,REG,3,2024-09-22,Sunday,13:00,PHI,15,NO,12,Home,-3,27,0,6,7,2.5,49.0,0,dome,sportturf,,,NOR00,Mercedes-Benz Superdome,validation
2024_03_SF_LA,2024,REG,3,2024-09-22,Sunday,16:25,SF,24,LA,27,Home,3,51,0,7,7,-6.0,44.5,1,dome,matrixturf,,,LAX01,SoFi Stadium,validation
2024_03_WAS_CIN,2024,REG,3,2024-09-23,Monday,20:15,WAS,38,CIN,33,Home,-5,71,0,8,8,7.5,46.0,0,outdoors,fieldturf,69,5,CIN00,Paycor Stadium,validation
2024_04_BUF_BAL,2024,REG,4,2024-09-29,Sunday,20:20,BUF,10,BAL,35,Home,25,45,0,6,7,2.5,46.5,0,outdoors,grass,68,8,BAL00,M&T Bank Stadium,validation
2024_04_CIN_CAR,2024,REG,4,2024-09-29,Sunday,13:00,CIN,34,CAR,24,Home,-10,58,0,6,7,-4.5,47.0,0,outdoors,grass,78,6,CAR00,Bank of America Stadium,validation
2024_04_CLE_LV,2024,REG,4,2024-09-29,Sunday,16:25,CLE,16,LV,20,Home,4,36,0,7,7,-2.5,36.5,0,dome,grass,,,VEG00,Allegiant Stadium,validation
2024_04_DAL_NYG,2024,REG,4,2024-09-26,Thursday,20:15,DAL,20,NYG,15,Home,-5,35,0,4,4,-5.5,45.0,1,outdoors,fieldturf,74,3,NYC01,MetLife Stadium,validation
2024_04_DEN_NYJ,2024,REG,4,2024-09-29,Sunday,13:00,DEN,10,NYJ,9,Home,-1,19,0,7,10,7.5,39.5,0,outdoors,fieldturf,67,8,NYC01,MetLife Stadium,validation
2024_04_JAX_HOU,2024,REG,4,2024-09-29,Sunday,13:00,JAX,20,HOU,24,Home,4,44,0,6,7,5.5,44.5,1,closed,astroturf,,,HOU00,NRG Stadium,validation
2024_04_KC_LAC,2024,REG,4,2024-09-29,Sunday,16:25,KC,17,LAC,10,Home,-7,27,0,7,7,-7.5,41.5,1,dome,matrixturf,,,LAX01,SoFi Stadium,validation
2024_04_LA_CHI,2024,REG,4,2024-09-29,Sunday,13:00,LA,18,CHI,24,Home,6,42,0,7,7,3.0,40.0,0,outdoors,grass,70,16,CHI98,Soldier Field,validation
2024_04_MIN_GB,2024,REG,4,2024-09-29,Sunday,13:00,MIN,31,GB,29,Home,-2,60,0,7,7,2.5,44.0,1,outdoors,grass,71,15,GNB00,Lambeau Field,validation
2024_04_NE_SF,2024,REG,4,2024-09-29,Sunday,16:05,NE,13,SF,30,Home,17,43,0,10,7,10.5,41.5,0,outdoors,grass,71,5,SFO01,Levi's Stadium,validation
2024_04_NO_ATL,2024,REG,4,2024-09-29,Sunday,13:00,NO,24,ATL,26,Home,2,50,0,7,7,2.5,41.5,1,closed,fieldturf,,,ATL97,Mercedes-Benz Stadium,validation
2024_04_PHI_TB,2024,REG,4,2024-09-29,Sunday,13:00,PHI,16,TB,33,Home,17,49,0,7,7,-1.0,42.0,0,outdoors,grass,88,9,TAM00,Raymond James Stadium,validation
2024_04_PIT_IND,2024,REG,4,2024-09-29,Sunday,13:00,PIT,24,IND,27,Home,3,51,0,7,7,-2.5,40.0,0,closed,fieldturf,,,IND00,Lucas Oil Stadium,validation
2024_04_SEA_DET,2024,REG,4,2024-09-30,Monday,20:15,SEA,29,DET,42,Home,13,71,0,8,8,3.5,46.5,0,dome,fieldturf,,,DET00,Ford Field,validation
2024_04_TEN_MIA,2024,REG,4,2024-09-30,Monday,19:30,TEN,31,MIA,12,Home,-19,43,0,8,8,2.5,37.0,0,outdoors,grass,86,9,MIA00,Hard Rock Stadium,validation
2025_01_ARI_NO,2025,REG,1,2025-09-07,Sunday,13:00,ARI,20,NO,13,Home,-7,33,0,7,7,-6.0,44.5,0,dome,sportturf,,,NOR00,Mercedes-Benz Superdome,test
2025_01_BAL_BUF,2025,REG,1,2025-09-07,Sunday,20:20,BAL,40,BUF,41,Home,1,81,0,7,7,-1.5,50.5,0,outdoors,a_turf,58,8,BUF00,New Era Field,test
2025_01_CAR_JAX,2025,REG,1,2025-09-07,Sunday,13:00,CAR,10,JAX,26,Home,16,36,0,7,7,4.5,45.5,0,outdoors,grass,85,3,JAX00,TIAA Bank Stadium,test
2025_01_CIN_CLE,2025,REG,1,2025-09-07,Sunday,13:00,CIN,17,CLE,16,Home,-1,33,0,7,7,-5.5,47.5,1,outdoors,grass,63,10,CLE00,FirstEnergy Stadium,test
2025_01_DAL_PHI,2025,REG,1,2025-09-04,Thursday,20:20,DAL,20,PHI,24,Home,4,44,0,7,7,8.5,47.5,1,outdoors,grass,75,11,PHI00,Lincoln Financial Field,test
2025_01_DET_GB,2025,REG,1,2025-09-07,Sunday,16:25,DET,13,GB,27,Home,14,40,0,7,7,1.5,48.5,1,outdoors,grass,60,5,GNB00,Lambeau Field,test
2025_01_HOU_LA,2025,REG,1,2025-09-07,Sunday,16:25,HOU,9,LA,14,Home,5,23,0,7,7,3.5,43.5,0,dome,matrixturf,,,LAX01,SoFi Stadium,test
2025_01_KC_LAC,2025,REG,1,2025-09-05,Friday,20:00,KC,21,LAC,27,Neutral,6,48,0,7,7,-3.0,47.5,1,dome,"",,,LAX01,SoFi Stadium,test
2025_01_LV_NE,2025,REG,1,2025-09-07,Sunday,13:00,LV,20,NE,13,Home,-7,33,0,7,7,2.5,44.5,0,outdoors,fieldturf,62,4,BOS00,Gillette Stadium,test
2025_01_MIA_IND,2025,REG,1,2025-09-07,Sunday,13:00,MIA,8,IND,33,Home,25,41,0,7,7,1.5,47.5,0,closed,fieldturf,,,IND00,Lucas Oil Stadium,test
2025_01_MIN_CHI,2025,REG,1,2025-09-08,Monday,20:15,MIN,27,CHI,24,Home,-3,51,0,7,7,-1.5,43.5,1,outdoors,grass,68,6,CHI98,Soldier Field,test
2025_01_NYG_WAS,2025,REG,1,2025-09-07,Sunday,13:00,NYG,6,WAS,21,Home,15,27,0,7,7,6.0,45.5,1,outdoors,grass,68,5,WAS00,FedExField,test
2025_01_PIT_NYJ,2025,REG,1,2025-09-07,Sunday,13:00,PIT,34,NYJ,32,Home,-2,66,0,7,7,-3.0,37.5,0,outdoors,fieldturf,67,3,NYC01,MetLife Stadium,test
2025_01_SF_SEA,2025,REG,1,2025-09-07,Sunday,16:05,SF,17,SEA,13,Home,-4,30,0,7,7,-2.5,43.5,1,outdoors,fieldturf,67,6,SEA00,Lumen Field,test
2025_01_TB_ATL,2025,REG,1,2025-09-07,Sunday,13:00,TB,23,ATL,20,Home,-3,43,0,7,7,-1.5,47.5,1,closed,fieldturf,,,ATL97,Mercedes-Benz Stadium,test
2025_01_TEN_DEN,2025,REG,1,2025-09-07,Sunday,16:05,TEN,12,DEN,20,Home,8,32,0,7,7,8.5,42.5,0,outdoors,grass,84,6,DEN00,Empower Field at Mile High,test
2025_02_ATL_MIN,2025,REG,2,2025-09-14,Sunday,20:20,ATL,22,MIN,6,Home,-16,28,0,7,6,3.5,44.5,0,dome,sportturf,,,MIN01,U.S. Bank Stadium,test
2025_02_BUF_NYJ,2025,REG,2,2025-09-14,Sunday,13:00,BUF,30,NYJ,10,Home,-20,40,0,7,7,-6.0,47.5,1,outdoors,fieldturf,80,3,NYC01,MetLife Stadium,test
2025_02_CAR_ARI,2025,REG,2,2025-09-14,Sunday,16:05,CAR,22,ARI,27,Home,5,49,0,7,7,7.0,45.5,0,closed,grass,,,PHO00,State Farm Stadium,test
2025_02_CHI_DET,2025,REG,2,2025-09-14,Sunday,13:00,CHI,21,DET,52,Home,31,73,0,6,7,6.0,46.5,1,dome,fieldturf,,,DET00,Ford Field,test
2025_02_CLE_BAL,2025,REG,2,2025-09-14,Sunday,13:00,CLE,17,BAL,41,Home,24,58,0,7,7,12.5,46.5,1,outdoors,grass,82,3,BAL00,M&T Bank Stadium,test
2025_02_DEN_IND,2025,REG,2,2025-09-14,Sunday,16:05,DEN,28,IND,29,Home,1,57,0,7,7,-2.5,43.5,0,closed,fieldturf,,,IND00,Lucas Oil Stadium,test
2025_02_JAX_CIN,2025,REG,2,2025-09-14,Sunday,13:00,JAX,27,CIN,31,Home,4,58,0,7,7,3.5,49.5,0,outdoors,fieldturf,85,3,CIN00,Paycor Stadium,test
2025_02_LAC_LV,2025,REG,2,2025-09-15,Monday,22:00,LAC,20,LV,9,Home,-11,29,0,10,8,-3.5,46.5,1,dome,grass,,,VEG00,Allegiant Stadium,test
2025_02_LA_TEN,2025,REG,2,2025-09-14,Sunday,13:00,LA,33,TEN,19,Home,-14,52,0,7,7,-5.5,41.5,0,outdoors,grass,83,3,NAS00,Nissan Stadium,test
2025_02_NE_MIA,2025,REG,2,2025-09-14,Sunday,13:00,NE,33,MIA,27,Home,-6,60,0,7,7,1.5,43.5,1,outdoors,grass,89,4,MIA00,Hard Rock Stadium,test
2025_02_NYG_DAL,2025,REG,2,2025-09-14,Sunday,13:00,NYG,37,DAL,40,Home,3,77,1,7,10,4.5,44.5,1,closed,matrixturf,,,DAL00,AT&T Stadium,test
2025_02_PHI_KC,2025,REG,2,2025-09-14,Sunday,16:25,PHI,20,KC,17,Home,-3,37,0,10,9,-1.5,46.5,0,outdoors,grass,88,12,KAN00,GEHA Field at Arrowhead Stadium,test
2025_02_SEA_PIT,2025,REG,2,2025-09-14,Sunday,13:00,SEA,31,PIT,17,Home,-14,48,0,7,7,3.5,40.5,0,outdoors,grass,79,5,PIT00,Acrisure Stadium,test
2025_02_SF_NO,2025,REG,2,2025-09-14,Sunday,13:00,SF,26,NO,21,Home,-5,47,0,7,7,-3.0,40.5,0,dome,sportturf,,,NOR00,Mercedes-Benz Superdome,test
2025_02_TB_HOU,2025,REG,2,2025-09-15,Monday,19:00,TB,20,HOU,19,Home,-1,39,0,8,8,2.5,42.5,0,closed,astroturf,,,HOU00,NRG Stadium,test
2025_02_WAS_GB,2025,REG,2,2025-09-11,Thursday,20:15,WAS,18,GB,27,Home,9,45,0,4,4,3.5,48.5,0,outdoors,grass,65,7,GNB00,Lambeau Field,test
2025_03_ARI_SF,2025,REG,3,2025-09-21,Sunday,16:25,ARI,15,SF,16,Home,1,31,0,7,7,1.5,44.5,1,outdoors,grass,72,7,SFO01,Levi's Stadium,test
2025_03_ATL_CAR,2025,REG,3,2025-09-21,Sunday,13:00,ATL,0,CAR,30,Home,30,30,0,7,7,-5.5,44.5,1,outdoors,grass,83,5,CAR00,Bank of America Stadium,test
2025_03_CIN_MIN,2025,REG,3,2025-09-21,Sunday,13:00,CIN,10,MIN,48,Home,38,58,0,7,7,3.0,41.5,0,dome,sportturf,,,MIN01,U.S. Bank Stadium,test
2025_03_DAL_CHI,2025,REG,3,2025-09-21,Sunday,16:25,DAL,14,CHI,31,Home,17,45,0,7,7,-1.5,49.5,0,outdoors,grass,82,4,CHI98,Soldier Field,test
2025_03_DEN_LAC,2025,REG,3,2025-09-21,Sunday,16:05,DEN,20,LAC,23,Home,3,43,0,7,6,2.5,45.5,1,dome,matrixturf,,,LAX01,SoFi Stadium,test
2025_03_DET_BAL,2025,REG,3,2025-09-22,Monday,20:15,DET,38,BAL,30,Home,-8,68,0,8,8,4.5,53.5,0,outdoors,grass,74,7,BAL00,M&T Bank Stadium,test
2025_03_GB_CLE,2025,REG,3,2025-09-21,Sunday,13:00,GB,10,CLE,13,Home,3,23,0,10,7,-8.5,41.5,0,outdoors,grass,79,10,CLE00,FirstEnergy Stadium,test
2025_03_HOU_JAX,2025,REG,3,2025-09-21,Sunday,13:00,HOU,10,JAX,17,Home,7,27,0,6,7,1.5,43.5,1,outdoors,grass,85,11,JAX00,TIAA Bank Stadium,test
2025_03_IND_TEN,2025,REG,3,2025-09-21,Sunday,13:00,IND,41,TEN,20,Home,-21,61,0,7,7,-6.0,43.5,1,outdoors,grass,84,8,NAS00,Nissan Stadium,test
2025_03_KC_NYG,2025,REG,3,2025-09-21,Sunday,20:20,KC,22,NYG,9,Home,-13,31,0,7,7,-6.0,44.5,0,outdoors,fieldturf,65,5,NYC01,MetLife Stadium,test
2025_03_LA_PHI,2025,REG,3,2025-09-21,Sunday,13:00,LA,26,PHI,33,Home,7,59,0,7,7,3.5,45.5,0,outdoors,grass,73,9,PHI00,Lincoln Financial Field,test
2025_03_LV_WAS,2025,REG,3,2025-09-21,Sunday,13:00,LV,24,WAS,41,Home,17,65,0,6,10,2.5,43.5,0,outdoors,grass,72,6,WAS00,FedExField,test
2025_03_MIA_BUF,2025,REG,3,2025-09-18,Thursday,20:15,MIA,21,BUF,31,Home,10,52,0,4,4,12.5,50.5,1,outdoors,a_turf,68,7,BUF00,New Era Field,test
2025_03_NO_SEA,2025,REG,3,2025-09-21,Sunday,16:05,NO,13,SEA,44,Home,31,57,0,7,7,7.5,41.5,0,outdoors,fieldturf,63,3,SEA00,Lumen Field,test
2025_03_NYJ_TB,2025,REG,3,2025-09-21,Sunday,13:00,NYJ,27,TB,29,Home,2,56,0,7,6,6.5,43.5,0,outdoors,grass,88,5,TAM00,Raymond James Stadium,test
2025_03_PIT_NE,2025,REG,3,2025-09-21,Sunday,13:00,PIT,21,NE,14,Home,-7,35,0,7,7,-1.5,44.5,0,outdoors,fieldturf,66,5,BOS00,Gillette Stadium,test
2025_04_BAL_KC,2025,REG,4,2025-09-28,Sunday,16:25,BAL,20,KC,37,Home,17,57,0,6,7,-2.5,48.5,0,outdoors,grass,89,10,KAN00,GEHA Field at Arrowhead Stadium,test
2025_04_CAR_NE,2025,REG,4,2025-09-28,Sunday,13:00,CAR,13,NE,42,Home,29,55,0,7,7,5.5,42.5,0,outdoors,fieldturf,76,7,BOS00,Gillette Stadium,test
2025_04_CHI_LV,2025,REG,4,2025-09-28,Sunday,16:25,CHI,25,LV,24,Home,-1,49,0,7,7,1.5,47.5,0,dome,grass,,,VEG00,Allegiant Stadium,test
2025_04_CIN_DEN,2025,REG,4,2025-09-29,Monday,20:15,CIN,3,DEN,28,Home,25,31,0,8,8,7.5,44.5,0,outdoors,grass,66,12,DEN00,Empower Field at Mile High,test
2025_04_CLE_DET,2025,REG,4,2025-09-28,Sunday,13:00,CLE,10,DET,34,Home,24,44,0,7,6,10.0,44.5,0,dome,fieldturf,,,DET00,Ford Field,test
2025_04_GB_DAL,2025,REG,4,2025-09-28,Sunday,20:20,GB,40,DAL,40,Home,0,80,1,7,7,-7.0,47.5,0,closed,matrixturf,,,DAL00,AT&T Stadium,test
2025_04_IND_LA,2025,REG,4,2025-09-28,Sunday,16:05,IND,20,LA,27,Home,7,47,0,7,7,3.5,49.5,0,dome,matrixturf,,,LAX01,SoFi Stadium,test
2025_04_JAX_SF,2025,REG,4,2025-09-28,Sunday,16:05,JAX,26,SF,21,Home,-5,47,0,7,7,3.5,45.5,0,outdoors,grass,72,7,SFO01,Levi's Stadium,test
2025_04_LAC_NYG,2025,REG,4,2025-09-28,Sunday,13:00,LAC,18,NYG,21,Home,3,39,0,7,7,-6.0,43.5,0,outdoors,fieldturf,81,4,NYC01,MetLife Stadium,test
2025_04_MIN_PIT,2025,REG,4,2025-09-28,Sunday,09:30,MIN,21,PIT,24,Neutral,3,45,0,7,7,-2.5,41.5,0,outdoors,grass,61,5,PIT00,Acrisure Stadium,test
2025_04_NO_BUF,2025,REG,4,2025-09-28,Sunday,13:00,NO,19,BUF,31,Home,12,50,0,7,10,15.5,48.5,0,outdoors,a_turf,73,7,BUF00,New Era Field,test
