game_id,pfr_game_id,season,game_type,week,player,pfr_player_id,position,team,opponent,offense_snaps,offense_pct,defense_snaps,defense_pct,st_snaps,st_pct,data_split
2018_01_ATL_PHI,201809060phi,2018,REG,1,Robert Alford,AlfoRo00,CB,ATL,PHI,0.0,0.0,72.0,1.0,6.0,0.22,training
2018_01_ATL_PHI,201809060phi,2018,REG,1,Ricardo Allen,AlleRi00,SS,ATL,PHI,0.0,0.0,72.0,1.0,3.0,0.11,training
2018_01_ATL_PHI,201809060phi,2018,REG,1,Vic Beasley,BeasVi00,LB,ATL,PHI,0.0,0.0,44.0,0.61,0.0,0.0,training
2018_01_ATL_PHI,201809060phi,2018,REG,1,Justin Bethel,BethJu00,CB,ATL,PHI,0.0,0.0,0.0,0.0,24.0,0.89,training
2018_01_ATL_PHI,201809060phi,2018,REG,1,Matthew Bosher,BoshMa00,P,ATL,PHI,0.0,0.0,0.0,0.0,13.0,0.48,training
2018_01_ATL_PHI,201809060phi,2018,REG,1,Deante Burton,BurtDe00,WR,ATL,PHI,0.0,0.0,5.0,0.07,18.0,0.67,training
2018_01_ATL_PHI,201809060phi,2018,REG,1,De'Vondre Campbell,CampDe00,LB,ATL,PHI,0.0,0.0,71.0,0.99,2.0,0.07,training
2018_01_ATL_PHI,201809060phi,2018,REG,1,Tevin Coleman,ColeTe01,RB,ATL,PHI,36.0,0.51,0.0,0.0,0.0,0.0,training
2018_01_ATL_PHI,201809060phi,2018,REG,1,Jack Crawford,CrawJa00,DT,ATL,PHI,0.0,0.0,30.0,0.42,0.0,0.0,training
2018_01_ATL_PHI,201809060phi,2018,REG,1,Devonta Freeman,FreeDe00,RB,ATL,PHI,39.0,0.56,0.0,0.0,0.0,0.0,training
2018_01_ATL_PHI,201809060phi,2018,REG,1,Brandon Fusco,FuscBr00,G,ATL,PHI,70.0,1.0,0.0,0.0,3.0,0.11,training
2018_01_ATL_PHI,201809060phi,2018,REG,1,Russell Gage,GageRu00,WR,ATL,PHI,1.0,0.01,0.0,0.0,19.0,0.7,training
2018_01_ATL_PHI,201809060phi,2018,REG,1,Marvin Hall,HallMa02,WR,ATL,PHI,9.0,0.13,0.0,0.0,13.0,0.48,training
2018_01_ATL_PHI,201809060phi,2018,REG,1,Justin Hardy,HardJu00,WR,ATL,PHI,6.0,0.09,0.0,0.0,16.0,0.59,training
2018_01_ATL_PHI,201809060phi,2018,REG,1,Austin Hooper,HoopAu00,TE,ATL,PHI,59.0,0.84,0.0,0.0,3.0,0.11,training
2018_01_ATL_PHI,201809060phi,2018,REG,1,Kemal Ishmael,IshmKe00,FS,ATL,PHI,0.0,0.0,0.0,0.0,22.0,0.81,training
2018_01_ATL_PHI,201809060phi,2018,REG,1,Grady Jarrett,JarrGr00,DT,ATL,PHI,0.0,0.0,54.0,0.75,2.0,0.07,training
2018_01_ATL_PHI,201809060phi,2018,REG,1,Deion Jones,JoneDe01,LB,ATL,PHI,0.0,0.0,69.0,0.96,1.0,0.04,training
2018_01_ATL_PHI,201809060phi,2018,REG,1,Julio Jones,JoneJu02,WR,ATL,PHI,57.0,0.81,1.0,0.01,0.0,0.0,training
2018_01_ATL_PHI,201809060phi,2018,REG,1,Damontae Kazee,KazeDa00,SS,ATL,PHI,0.0,0.0,35.0,0.49,13.0,0.48,training
2018_01_ATL_PHI,201809060phi,2018,REG,1,Andy Levitre,LeviAn20,G,ATL,PHI,70.0,1.0,0.0,0.0,3.0,0.11,training
2018_01_ATL_PHI,201809060phi,2018,REG,1,Alex Mack,MackAl20,C,ATL,PHI,70.0,1.0,0.0,0.0,0.0,0.0,training
2018_01_ATL_PHI,201809060phi,2018,REG,1,Jake Matthews,MattJa00,T,ATL,PHI,70.0,1.0,0.0,0.0,3.0,0.11,training
2018_01_ATL_PHI,201809060phi,2018,REG,1,Terrell McClain,McClTe00,DT,ATL,PHI,0.0,0.0,39.0,0.54,2.0,0.07,training
2018_01_ATL_PHI,201809060phi,2018,REG,1,Takkarist McKinley,McKiTa00,DE,ATL,PHI,0.0,0.0,47.0,0.65,0.0,0.0,training
2018_01_ATL_PHI,201809060phi,2018,REG,1,Keanu Neal,NealKe01,FS,ATL,PHI,0.0,0.0,37.0,0.51,3.0,0.11,training
2018_01_ATL_PHI,201809060phi,2018,REG,1,Foyesade Oluokun,OluoFo00,LB,ATL,PHI,0.0,0.0,4.0,0.06,23.0,0.85,training
2018_01_ATL_PHI,201809060phi,2018,REG,1,Ricky Ortiz,OrtiRi00,FB,ATL,PHI,10.0,0.14,0.0,0.0,9.0,0.33,training
2018_01_ATL_PHI,201809060phi,2018,REG,1,Jeff Overbaugh,OverJe00,LS,ATL,PHI,0.0,0.0,0.0,0.0,9.0,0.33,training
2018_01_ATL_PHI,201809060phi,2018,REG,1,Logan Paulsen,PaulLo00,TE,ATL,PHI,19.0,0.27,0.0,0.0,8.0,0.3,training
2018_01_ATL_PHI,201809060phi,2018,REG,1,Brian Poole,PoolBr01,CB,ATL,PHI,0.0,0.0,63.0,0.88,13.0,0.48,training
2018_01_ATL_PHI,201809060phi,2018,REG,1,Brooks Reed,ReedBr00,DE,ATL,PHI,0.0,0.0,28.0,0.39,2.0,0.07,training
2018_01_ATL_PHI,201809060phi,2018,REG,1,Calvin Ridley,RidlCa00,WR,ATL,PHI,45.0,0.64,0.0,0.0,4.0,0.15,training
2018_01_ATL_PHI,201809060phi,2018,REG,1,Duke Riley,RileDu00,LB,ATL,PHI,0.0,0.0,9.0,0.12,12.0,0.44,training
2018_01_ATL_PHI,201809060phi,2018,REG,1,Matt Ryan,RyanMa00,QB,ATL,PHI,70.0,1.0,0.0,0.0,0.0,0.0,training
2018_01_ATL_PHI,201809060phi,2018,REG,1,Ty Sambrailo,SambTy00,T,ATL,PHI,0.0,0.0,0.0,0.0,3.0,0.11,training
2018_01_ATL_PHI,201809060phi,2018,REG,1,Mohamed Sanu,SanuMo00,WR,ATL,PHI,56.0,0.8,0.0,0.0,0.0,0.0,training
2018_01_ATL_PHI,201809060phi,2018,REG,1,Eric Saubert,SaubEr00,TE,ATL,PHI,13.0,0.19,0.0,0.0,22.0,0.81,training
2018_01_ATL_PHI,201809060phi,2018,REG,1,Ryan Schraeder,SchrRy00,T,ATL,PHI,70.0,1.0,0.0,0.0,3.0,0.11,training
2018_01_ATL_PHI,201809060phi,2018,REG,1,Wes Schweitzer,SchwWe00,C,ATL,PHI,0.0,0.0,0.0,0.0,3.0,0.11,training
2018_01_ATL_PHI,201809060phi,2018,REG,1,Deadrin Senat,SenaDe00,NT,ATL,PHI,0.0,0.0,20.0,0.28,0.0,0.0,training
2018_01_ATL_PHI,201809060phi,2018,REG,1,Derrick Shelby,ShelDe00,DE,ATL,PHI,0.0,0.0,25.0,0.35,2.0,0.07,training
2018_01_ATL_PHI,201809060phi,2018,REG,1,Ito Smith,SmitIt00,RB,ATL,PHI,0.0,0.0,0.0,0.0,8.0,0.3,training
2018_01_ATL_PHI,201809060phi,2018,REG,1,Desmond Trufant,TrufDe00,CB,ATL,PHI,0.0,0.0,67.0,0.93,3.0,0.11,training
2018_01_ATL_PHI,201809060phi,2018,REG,1,Matt Bryant,bryanmat01,K,ATL,PHI,0.0,0.0,0.0,0.0,3.0,0.11,training
2018_01_ATL_PHI,201809060phi,2018,REG,1,Nelson Agholor,AghoNe00,WR,PHI,ATL,68.0,0.94,0.0,0.0,0.0,0.0,training
2018_01_ATL_PHI,201809060phi,2018,REG,1,Jay Ajayi,AjayJa00,RB,PHI,ATL,29.0,0.4,0.0,0.0,0.0,0.0,training
2018_01_ATL_PHI,201809060phi,2018,REG,1,D.J. Alexander,AlexD.00,LB,PHI,ATL,0.0,0.0,0.0,0.0,22.0,0.81,training
2018_01_ATL_PHI,201809060phi,2018,REG,1,Derek Barnett,BarnDe01,DE,PHI,ATL,0.0,0.0,40.0,0.57,3.0,0.11,training
2018_01_ATL_PHI,201809060phi,2018,REG,1,Michael Bennett,BennMi99,DE,PHI,ATL,0.0,0.0,45.0,0.64,3.0,0.11,training
2018_01_ATL_PHI,201809060phi,2018,REG,1,Brandon Brooks,BrooBr00,G,PHI,ATL,72.0,1.0,0.0,0.0,2.0,0.07,training
2018_01_ATL_PHI,201809060phi,2018,REG,1,DeAndre Carter,CartDe02,WR,PHI,ATL,53.0,0.74,0.0,0.0,0.0,0.0,training
2018_01_ATL_PHI,201809060phi,2018,REG,1,Corey Clement,ClemCo00,RB,PHI,ATL,13.0,0.18,0.0,0.0,19.0,0.7,training
2018_01_ATL_PHI,201809060phi,2018,REG,1,Fletcher Cox,CoxxFl00,DT,PHI,ATL,0.0,0.0,65.0,0.93,0.0,0.0,training
2018_01_ATL_PHI,201809060phi,2018,REG,1,Ronald Darby,DarbRo00,CB,PHI,ATL,0.0,0.0,65.0,0.93,0.0,0.0,training
2018_01_ATL_PHI,201809060phi,2018,REG,1,Rasul Douglas,DougRa00,CB,PHI,ATL,0.0,0.0,2.0,0.03,10.0,0.37,training
2018_01_ATL_PHI,201809060phi,2018,REG,1,Jake Elliott,ElliJa03,K,PHI,ATL,0.0,0.0,0.0,0.0,6.0,0.22,training
2018_01_ATL_PHI,201809060phi,2018,REG,1,Zach Ertz,ErtzZa00,TE,PHI,ATL,70.0,0.97,0.0,0.0,0.0,0.0,training
2018_01_ATL_PHI,201809060phi,2018,REG,1,Nick Foles,FoleNi00,QB,PHI,ATL,72.0,1.0,0.0,0.0,0.0,0.0,training
2018_01_ATL_PHI,201809060phi,2018,REG,1,Nathan Gerry,GerrNa00,LB,PHI,ATL,0.0,0.0,26.0,0.37,22.0,0.81,training
2018_01_ATL_PHI,201809060phi,2018,REG,1,Shelton Gibson,GibsSh00,WR,PHI,ATL,4.0,0.06,0.0,0.0,22.0,0.81,training
2018_01_ATL_PHI,201809060phi,2018,REG,1,Dallas Goedert,GoedDa00,TE,PHI,ATL,17.0,0.24,0.0,0.0,6.0,0.22,training
2018_01_ATL_PHI,201809060phi,2018,REG,1,Brandon Graham,GrahBr99,DE,PHI,ATL,0.0,0.0,46.0,0.66,3.0,0.11,training
2019_01_ATL_MIN,201909080min,2019,REG,1,Ricardo Allen,AlleRi00,SS,ATL,MIN,0.0,0.0,47.0,0.87,1.0,0.05,training
2019_01_ATL_MIN,201909080min,2019,REG,1,Allen Bailey,BailAl00,DE,ATL,MIN,0.0,0.0,44.0,0.81,4.0,0.18,training
2019_01_ATL_MIN,201909080min,2019,REG,1,Kenjon Barner,BarnKe00,RB,ATL,MIN,0.0,0.0,0.0,0.0,11.0,0.5,training
2019_01_ATL_MIN,201909080min,2019,REG,1,Vic Beasley,BeasVi00,LB,ATL,MIN,0.0,0.0,48.0,0.89,0.0,0.0,training
2019_01_ATL_MIN,201909080min,2019,REG,1,Matthew Bosher,BoshMa00,P,ATL,MIN,0.0,0.0,0.0,0.0,7.0,0.32,training
2019_01_ATL_MIN,201909080min,2019,REG,1,De'Vondre Campbell,CampDe00,LB,ATL,MIN,0.0,0.0,54.0,1.0,4.0,0.18,training
2019_01_ATL_MIN,201909080min,2019,REG,1,James Carpenter,CarpJa00,G,ATL,MIN,74.0,1.0,0.0,0.0,0.0,0.0,training
2019_01_ATL_MIN,201909080min,2019,REG,1,Adrian Clayborn,ClayAd00,DE,ATL,MIN,0.0,0.0,12.0,0.22,0.0,0.0,training
2019_01_ATL_MIN,201909080min,2019,REG,1,John Cominsky,ComiJo00,DE,ATL,MIN,0.0,0.0,0.0,0.0,6.0,0.27,training
2019_01_ATL_MIN,201909080min,2019,REG,1,Jack Crawford,CrawJa00,DT,ATL,MIN,0.0,0.0,23.0,0.43,5.0,0.23,training
2019_01_ATL_MIN,201909080min,2019,REG,1,Tyeler Davison,DaviTy01,DT,ATL,MIN,0.0,0.0,42.0,0.78,4.0,0.18,training
2019_01_ATL_MIN,201909080min,2019,REG,1,Devonta Freeman,FreeDe00,RB,ATL,MIN,36.0,0.49,0.0,0.0,0.0,0.0,training
2019_01_ATL_MIN,201909080min,2019,REG,1,Russell Gage,GageRu00,WR,ATL,MIN,13.0,0.18,1.0,0.02,11.0,0.5,training
2019_01_ATL_MIN,201909080min,2019,REG,1,Jermaine Grace,GracJe00,LB,ATL,MIN,0.0,0.0,0.0,0.0,18.0,0.82,training
2019_01_ATL_MIN,201909080min,2019,REG,1,Jaeden Graham,GrahJa01,TE,ATL,MIN,5.0,0.07,0.0,0.0,17.0,0.77,training
2019_01_ATL_MIN,201909080min,2019,REG,1,Justin Hardy,HardJu00,WR,ATL,MIN,21.0,0.28,0.0,0.0,13.0,0.59,training
2019_01_ATL_MIN,201909080min,2019,REG,1,Josh Harris,HarrJo02,LS,ATL,MIN,0.0,0.0,0.0,0.0,4.0,0.18,training
2019_01_ATL_MIN,201909080min,2019,REG,1,Austin Hooper,HoopAu00,TE,ATL,MIN,58.0,0.78,0.0,0.0,0.0,0.0,training
2019_01_ATL_MIN,201909080min,2019,REG,1,Kemal Ishmael,IshmKe00,SS,ATL,MIN,0.0,0.0,14.0,0.26,22.0,1.0,training
2019_01_ATL_MIN,201909080min,2019,REG,1,Grady Jarrett,JarrGr00,DT,ATL,MIN,0.0,0.0,43.0,0.8,4.0,0.18,training
2019_01_ATL_MIN,201909080min,2019,REG,1,Deion Jones,JoneDe01,LB,ATL,MIN,0.0,0.0,34.0,0.63,4.0,0.18,training
2019_01_ATL_MIN,201909080min,2019,REG,1,Julio Jones,JoneJu02,WR,ATL,MIN,50.0,0.68,0.0,0.0,0.0,0.0,training
2019_01_ATL_MIN,201909080min,2019,REG,1,Damontae Kazee,KazeDa00,SS,ATL,MIN,0.0,0.0,11.0,0.2,11.0,0.5,training
2019_01_ATL_MIN,201909080min,2019,REG,1,Chris Lindstrom,LindCh00,G,ATL,MIN,45.0,0.61,0.0,0.0,0.0,0.0,training
2019_01_ATL_MIN,201909080min,2019,REG,1,Alex Mack,MackAl20,C,ATL,MIN,74.0,1.0,0.0,0.0,0.0,0.0,training
2019_01_ATL_MIN,201909080min,2019,REG,1,Jake Matthews,MattJa00,T,ATL,MIN,74.0,1.0,0.0,0.0,0.0,0.0,training
2019_01_ATL_MIN,201909080min,2019,REG,1,Kaleb McGary,McGaKa00,T,ATL,MIN,43.0,0.58,0.0,0.0,0.0,0.0,training
2019_01_ATL_MIN,201909080min,2019,REG,1,Takkarist McKinley,McKiTa00,DE,ATL,MIN,0.0,0.0,47.0,0.87,0.0,0.0,training
2019_01_ATL_MIN,201909080min,2019,REG,1,Keanu Neal,NealKe01,FS,ATL,MIN,0.0,0.0,50.0,0.93,0.0,0.0,training
2019_01_ATL_MIN,201909080min,2019,REG,1,Sharrod Neasman,NeasSh00,SS,ATL,MIN,0.0,0.0,4.0,0.07,22.0,1.0,training
2019_01_ATL_MIN,201909080min,2019,REG,1,Isaiah Oliver,OlivIs00,CB,ATL,MIN,0.0,0.0,42.0,0.78,1.0,0.05,training
2019_01_ATL_MIN,201909080min,2019,REG,1,Foyesade Oluokun,OluoFo00,LB,ATL,MIN,0.0,0.0,23.0,0.43,12.0,0.55,training
2019_01_ATL_MIN,201909080min,2019,REG,1,Calvin Ridley,RidlCa00,WR,ATL,MIN,57.0,0.77,0.0,0.0,0.0,0.0,training
2019_01_ATL_MIN,201909080min,2019,REG,1,Duke Riley,RileDu00,LB,ATL,MIN,0.0,0.0,1.0,0.02,22.0,1.0,training
2019_01_ATL_MIN,201909080min,2019,REG,1,Matt Ryan,RyanMa00,QB,ATL,MIN,74.0,1.0,0.0,0.0,0.0,0.0,training
2019_01_ATL_MIN,201909080min,2019,REG,1,Ty Sambrailo,SambTy00,T,ATL,MIN,33.0,0.45,0.0,0.0,0.0,0.0,training
2019_01_ATL_MIN,201909080min,2019,REG,1,Mohamed Sanu,SanuMo00,WR,ATL,MIN,62.0,0.84,0.0,0.0,0.0,0.0,training
2019_01_ATL_MIN,201909080min,2019,REG,1,Wes Schweitzer,SchwWe00,C,ATL,MIN,29.0,0.39,0.0,0.0,0.0,0.0,training
2019_01_ATL_MIN,201909080min,2019,REG,1,Kendall Sheffield,ShefKe00,CB,ATL,MIN,0.0,0.0,1.0,0.02,17.0,0.77,training
2019_01_ATL_MIN,201909080min,2019,REG,1,Ito Smith,SmitIt00,RB,ATL,MIN,38.0,0.51,0.0,0.0,0.0,0.0,training
2019_01_ATL_MIN,201909080min,2019,REG,1,Keith Smith,SmitKe03,FB,ATL,MIN,6.0,0.08,0.0,0.0,5.0,0.23,training
2019_01_ATL_MIN,201909080min,2019,REG,1,Luke Stocker,StocLu00,TE,ATL,MIN,22.0,0.3,0.0,0.0,9.0,0.41,training
2019_01_ATL_MIN,201909080min,2019,REG,1,Desmond Trufant,TrufDe00,CB,ATL,MIN,0.0,0.0,53.0,0.98,0.0,0.0,training
2019_01_ATL_MIN,201909080min,2019,REG,1,Blidi Wreh-Wilson,WrehBl00,CB,ATL,MIN,0.0,0.0,0.0,0.0,8.0,0.36,training
2019_01_ATL_MIN,201909080min,2019,REG,1,Ameer Abdullah,AbduAm00,RB,MIN,ATL,4.0,0.07,0.0,0.0,14.0,0.64,training
2019_01_ATL_MIN,201909080min,2019,REG,1,Mackensie Alexander,AlexMa01,CB,MIN,ATL,0.0,0.0,19.0,0.26,0.0,0.0,training
2019_01_ATL_MIN,201909080min,2019,REG,1,Dan Bailey,BailDa00,K,MIN,ATL,1.0,0.02,0.0,0.0,9.0,0.41,training
2019_01_ATL_MIN,201909080min,2019,REG,1,Anthony Barr,BarrAn00,LB,MIN,ATL,0.0,0.0,68.0,0.92,0.0,0.0,training
2019_01_ATL_MIN,201909080min,2019,REG,1,Chad Beebe,BeebCh00,WR,MIN,ATL,14.0,0.26,0.0,0.0,6.0,0.27,training
2019_01_ATL_MIN,201909080min,2019,REG,1,Mike Boone,BoonMi00,RB,MIN,ATL,2.0,0.04,0.0,0.0,13.0,0.59,training
2019_01_ATL_MIN,201909080min,2019,REG,1,Kris Boyd,BoydKr00,CB,MIN,ATL,0.0,0.0,15.0,0.2,12.0,0.55,training
2019_01_ATL_MIN,201909080min,2019,REG,1,Garrett Bradbury,BradGa00,C,MIN,ATL,53.0,0.98,0.0,0.0,0.0,0.0,training
2019_01_ATL_MIN,201909080min,2019,REG,1,Kentrell Brothers,BrotKe00,LB,MIN,ATL,0.0,0.0,0.0,0.0,18.0,0.82,training
2019_01_ATL_MIN,201909080min,2019,REG,1,Britton Colquitt,ColqBr00,P,MIN,ATL,1.0,0.02,0.0,0.0,10.0,0.45,training
2019_01_ATL_MIN,201909080min,2019,REG,1,Dalvin Cook,CookDa01,RB,MIN,ATL,36.0,0.67,0.0,0.0,0.0,0.0,training
2019_01_ATL_MIN,201909080min,2019,REG,1,Kirk Cousins,CousKi00,QB,MIN,ATL,53.0,0.98,0.0,0.0,0.0,0.0,training
2019_01_ATL_MIN,201909080min,2019,REG,1,Austin Cutting,CuttAu00,LS,MIN,ATL,1.0,0.02,0.0,0.0,10.0,0.45,training
2019_01_ATL_MIN,201909080min,2019,REG,1,Stefon Diggs,DiggSt00,WR,MIN,ATL,32.0,0.59,0.0,0.0,0.0,0.0,training
2019_01_ATL_MIN,201909080min,2019,REG,1,Brandon Dillon,DillBr00,TE,MIN,ATL,7.0,0.13,0.0,0.0,0.0,0.0,training
2019_01_ATL_MIN,201909080min,2019,REG,1,Dakota Dozier,DoziDa00,G,MIN,ATL,4.0,0.07,0.0,0.0,4.0,0.18,training
2019_01_ATL_MIN,201909080min,2019,REG,1,Pat Elflein,ElflPa00,G,MIN,ATL,54.0,1.0,0.0,0.0,4.0,0.18,training
2019_01_ATL_MIN,201909080min,2019,REG,1,Marcus Epps,EppsMa00,SS,MIN,ATL,0.0,0.0,1.0,0.01,6.0,0.27,training
2019_01_ATL_MIN,201909080min,2019,REG,1,Mark Fields II,FielMa01,CB,MIN,ATL,0.0,0.0,6.0,0.08,2.0,0.09,training
2020_01_ARI_SF,202009130sfo,2020,REG,1,Zach Allen,AlleZa01,DE,ARI,SF,0.0,0.0,31.0,0.5,5.0,0.18,training
2020_01_ARI_SF,202009130sfo,2020,REG,1,Dan Arnold,ArnoDa00,WR,ARI,SF,45.0,0.55,0.0,0.0,1.0,0.04,training
2020_01_ARI_SF,202009130sfo,2020,REG,1,Budda Baker,BakeBu00,DB,ARI,SF,0.0,0.0,62.0,1.0,1.0,0.04,training
2020_01_ARI_SF,202009130sfo,2020,REG,1,Chris Banjo,BanjCh00,DB,ARI,SF,0.0,0.0,58.0,0.94,15.0,0.54,training
2020_01_ARI_SF,202009130sfo,2020,REG,1,Kelvin Beachum,BeacKe00,G,ARI,SF,82.0,1.0,0.0,0.0,6.0,0.21,training
2020_01_ARI_SF,202009130sfo,2020,REG,1,Angelo Blackson,BlacAn00,DE,ARI,SF,0.0,0.0,23.0,0.37,0.0,0.0,training
2020_01_ARI_SF,202009130sfo,2020,REG,1,Aaron Brewer,BrewAa00,LS,ARI,SF,0.0,0.0,0.0,0.0,10.0,0.36,training
2020_01_ARI_SF,202009130sfo,2020,REG,1,De'Vondre Campbell,CampDe00,LB,ARI,SF,0.0,0.0,62.0,1.0,5.0,0.18,training
2020_01_ARI_SF,202009130sfo,2020,REG,1,Mason Cole,ColeMa02,C,ARI,SF,36.0,0.44,0.0,0.0,0.0,0.0,training
2020_01_ARI_SF,202009130sfo,2020,REG,1,Darrell Daniels,DaniDa02,TE,ARI,SF,14.0,0.17,0.0,0.0,17.0,0.61,training
2020_01_ARI_SF,202009130sfo,2020,REG,1,Kenyan Drake,DrakKe00,RB,ARI,SF,58.0,0.71,0.0,0.0,0.0,0.0,training
2020_01_ARI_SF,202009130sfo,2020,REG,1,Chase Edmonds,EdmoCh00,RB,ARI,SF,28.0,0.34,0.0,0.0,5.0,0.18,training
2020_01_ARI_SF,202009130sfo,2020,REG,1,Kylie Fitts,FittKy00,LB,ARI,SF,0.0,0.0,9.0,0.15,13.0,0.46,training
2020_01_ARI_SF,202009130sfo,2020,REG,1,Larry Fitzgerald,FitzLa00,WR,ARI,SF,65.0,0.79,0.0,0.0,0.0,0.0,training
2020_01_ARI_SF,202009130sfo,2020,REG,1,D.J. Foster,FostD.01,RB,ARI,SF,0.0,0.0,0.0,0.0,17.0,0.61,training
2020_01_ARI_SF,202009130sfo,2020,REG,1,Leki Fotu,FotuLe00,NT,ARI,SF,0.0,0.0,4.0,0.06,0.0,0.0,training
2020_01_ARI_SF,202009130sfo,2020,REG,1,Lamont Gaillard,GailLa00,G,ARI,SF,46.0,0.56,0.0,0.0,6.0,0.21,training
2020_01_ARI_SF,202009130sfo,2020,REG,1,Max Garcia,GarcMa00,C,ARI,SF,0.0,0.0,0.0,0.0,6.0,0.21,training
2020_01_ARI_SF,202009130sfo,2020,REG,1,Dennis Gardeck,GardDe01,LB,ARI,SF,0.0,0.0,0.0,0.0,22.0,0.79,training
2020_01_ARI_SF,202009130sfo,2020,REG,1,Zane Gonzalez,GonzZa00,K,ARI,SF,0.0,0.0,0.0,0.0,10.0,0.36,training
2020_01_ARI_SF,202009130sfo,2020,REG,1,Jordan Hicks,HickJo00,LB,ARI,SF,0.0,0.0,62.0,1.0,5.0,0.18,training
2020_01_ARI_SF,202009130sfo,2020,REG,1,DeAndre Hopkins,HopkDe00,WR,ARI,SF,77.0,0.94,0.0,0.0,0.0,0.0,training
2020_01_ARI_SF,202009130sfo,2020,REG,1,D.J. Humphries,HumpD.00,T,ARI,SF,81.0,0.99,0.0,0.0,6.0,0.21,training
2020_01_ARI_SF,202009130sfo,2020,REG,1,Andy Isabella,IsabAn00,WR,ARI,SF,14.0,0.17,0.0,0.0,2.0,0.07,training
2020_01_ARI_SF,202009130sfo,2020,REG,1,Chandler Jones,JoneCh03,DE,ARI,SF,0.0,0.0,55.0,0.89,1.0,0.04,training
2020_01_ARI_SF,202009130sfo,2020,REG,1,Devon Kennard,KennDe00,LB,ARI,SF,0.0,0.0,34.0,0.55,0.0,0.0,training
2020_01_ARI_SF,202009130sfo,2020,REG,1,Christian Kirk,KirkCh01,WR,ARI,SF,63.0,0.77,0.0,0.0,5.0,0.18,training
2020_01_ARI_SF,202009130sfo,2020,REG,1,Dre Kirkpatrick,KirkDr00,DB,ARI,SF,0.0,0.0,20.0,0.32,0.0,0.0,training
2020_01_ARI_SF,202009130sfo,2020,REG,1,Rashard Lawrence,LawrRa01,NT,ARI,SF,0.0,0.0,14.0,0.23,0.0,0.0,training
2020_01_ARI_SF,202009130sfo,2020,REG,1,Andy Lee,LeexAn20,P,ARI,SF,0.0,0.0,0.0,0.0,10.0,0.36,training
2020_01_ARI_SF,202009130sfo,2020,REG,1,Byron Murphy,MurpBy00,DB,ARI,SF,0.0,0.0,60.0,0.97,5.0,0.18,training
2020_01_ARI_SF,202009130sfo,2020,REG,1,Justin Murray,MurrJu00,T,ARI,SF,1.0,0.01,0.0,0.0,6.0,0.21,training
2020_01_ARI_SF,202009130sfo,2020,REG,1,Kyler Murray,MurrKy00,QB,ARI,SF,82.0,1.0,0.0,0.0,0.0,0.0,training
2020_01_ARI_SF,202009130sfo,2020,REG,1,Corey Peters,PeteCo00,DT,ARI,SF,0.0,0.0,44.0,0.71,11.0,0.39,training
2020_01_ARI_SF,202009130sfo,2020,REG,1,Kevin Peterson,PeteKe01,CB,ARI,SF,0.0,0.0,0.0,0.0,12.0,0.43,training
2020_01_ARI_SF,202009130sfo,2020,REG,1,Patrick Peterson,PetePa00,DB,ARI,SF,0.0,0.0,61.0,0.98,5.0,0.18,training
2020_01_ARI_SF,202009130sfo,2020,REG,1,Jordan Phillips,PhilJo01,DT,ARI,SF,0.0,0.0,31.0,0.5,5.0,0.18,training
2020_01_ARI_SF,202009130sfo,2020,REG,1,Justin Pugh,PughJu00,T,ARI,SF,82.0,1.0,0.0,0.0,5.0,0.18,training
2020_01_ARI_SF,202009130sfo,2020,REG,1,Haason Reddick,ReddHa00,LB,ARI,SF,0.0,0.0,30.0,0.48,6.0,0.21,training
2020_01_ARI_SF,202009130sfo,2020,REG,1,Trent Sherfield,SherTr00,WR,ARI,SF,2.0,0.02,0.0,0.0,15.0,0.54,training
2020_01_ARI_SF,202009130sfo,2020,REG,1,Isaiah Simmons,SimmIs00,LB,ARI,SF,0.0,0.0,18.0,0.29,4.0,0.14,training
2020_01_ARI_SF,202009130sfo,2020,REG,1,Chris Streveler,StreCh00,QB,ARI,SF,1.0,0.01,0.0,0.0,1.0,0.04,training
2020_01_ARI_SF,202009130sfo,2020,REG,1,J.R. Sweezy,SweeJ.00,T,ARI,SF,82.0,1.0,0.0,0.0,6.0,0.21,training
2020_01_ARI_SF,202009130sfo,2020,REG,1,Jalen Thompson,ThomJa04,DB,ARI,SF,0.0,0.0,2.0,0.03,0.0,0.0,training
2020_01_ARI_SF,202009130sfo,2020,REG,1,Zeke Turner,TurnZe00,DB,ARI,SF,0.0,0.0,0.0,0.0,20.0,0.71,training
2020_01_ARI_SF,202009130sfo,2020,REG,1,Tanner Vallejo,VallTa00,LB,ARI,SF,0.0,0.0,0.0,0.0,17.0,0.61,training
2020_01_ARI_SF,202009130sfo,2020,REG,1,Charles Washington,WashCh01,S,ARI,SF,0.0,0.0,2.0,0.03,16.0,0.57,training
2020_01_ARI_SF,202009130sfo,2020,REG,1,Maxx Williams,WillMa04,TE,ARI,SF,43.0,0.52,0.0,0.0,6.0,0.21,training
2020_01_ARI_SF,202009130sfo,2020,REG,1,Azeez Al-Shaair,AlShAz00,LB,SF,ARI,0.0,0.0,0.0,0.0,23.0,0.82,training
2020_01_ARI_SF,202009130sfo,2020,REG,1,Kwon Alexander,AlexKw00,LB,SF,ARI,0.0,0.0,80.0,0.98,1.0,0.04,training
2020_01_ARI_SF,202009130sfo,2020,REG,1,Arik Armstead,ArmsAr01,DE,SF,ARI,0.0,0.0,52.0,0.63,11.0,0.39,training
2020_01_ARI_SF,202009130sfo,2020,REG,1,Nick Bosa,BosaNi00,DE,SF,ARI,0.0,0.0,57.0,0.7,1.0,0.04,training
2020_01_ARI_SF,202009130sfo,2020,REG,1,Kendrick Bourne,BourKe00,WR,SF,ARI,57.0,0.92,0.0,0.0,0.0,0.0,training
2020_01_ARI_SF,202009130sfo,2020,REG,1,Daniel Brunskill,BrunDa00,T,SF,ARI,62.0,1.0,0.0,0.0,4.0,0.14,training
2020_01_ARI_SF,202009130sfo,2020,REG,1,Tevin Coleman,ColeTe01,RB,SF,ARI,6.0,0.1,0.0,0.0,5.0,0.18,training
2020_01_ARI_SF,202009130sfo,2020,REG,1,Tom Compton,CompTo00,T,SF,ARI,0.0,0.0,0.0,0.0,4.0,0.14,training
2020_01_ARI_SF,202009130sfo,2020,REG,1,Ross Dwelley,DwelRo00,TE,SF,ARI,7.0,0.11,0.0,0.0,9.0,0.32,training
2020_01_ARI_SF,202009130sfo,2020,REG,1,Dee Ford,FordDe00,DE,SF,ARI,0.0,0.0,46.0,0.56,1.0,0.04,training
2020_01_ARI_SF,202009130sfo,2020,REG,1,Jimmy Garoppolo,GaroJi00,QB,SF,ARI,62.0,1.0,0.0,0.0,0.0,0.0,training
2020_01_ARI_SF,202009130sfo,2020,REG,1,Kevin Givens,GiveKe01,DT,SF,ARI,0.0,0.0,22.0,0.27,0.0,0.0,training
2020_01_ARI_SF,202009130sfo,2020,REG,1,Hroniss Grasu,GrasHr00,C,SF,ARI,62.0,1.0,0.0,0.0,0.0,0.0,training
2020_01_ARI_SF,202009130sfo,2020,REG,1,Dre Greenlaw,GreeDr00,LB,SF,ARI,0.0,0.0,35.0,0.43,23.0,0.82,training
2020_01_ARI_SF,202009130sfo,2020,REG,1,Marcell Harris,HarrMa03,DB,SF,ARI,0.0,0.0,0.0,0.0,17.0,0.61,training
2021_01_ARI_TEN,202109120oti,2021,REG,1,Robert Alford,AlfoRo00,CB,ARI,TEN,0.0,0.0,49.0,0.77,0.0,0.0,training
2021_01_ARI_TEN,202109120oti,2021,REG,1,Zach Allen,AlleZa01,DT,ARI,TEN,0.0,0.0,36.0,0.56,3.0,0.11,training
2021_01_ARI_TEN,202109120oti,2021,REG,1,Budda Baker,BakeBu00,SS,ARI,TEN,0.0,0.0,61.0,0.95,0.0,0.0,training
2021_01_ARI_TEN,202109120oti,2021,REG,1,Kelvin Beachum,BeacKe00,T,ARI,TEN,41.0,0.59,0.0,0.0,4.0,0.15,training
2021_01_ARI_TEN,202109120oti,2021,REG,1,Aaron Brewer,BrewAa00,LS,ARI,TEN,0.0,0.0,0.0,0.0,10.0,0.37,training
2021_01_ARI_TEN,202109120oti,2021,REG,1,Zaven Collins,CollZa00,LB,ARI,TEN,0.0,0.0,22.0,0.34,0.0,0.0,training
2021_01_ARI_TEN,202109120oti,2021,REG,1,James Conner,ConnJa00,RB,ARI,TEN,34.0,0.49,0.0,0.0,0.0,0.0,training
2021_01_ARI_TEN,202109120oti,2021,REG,1,Darrell Daniels,DaniDa02,TE,ARI,TEN,15.0,0.22,0.0,0.0,7.0,0.26,training
2021_01_ARI_TEN,202109120oti,2021,REG,1,Victor Dimukeje,DimuVi00,LB,ARI,TEN,0.0,0.0,4.0,0.06,14.0,0.52,training
2021_01_ARI_TEN,202109120oti,2021,REG,1,Michael Dogbe,DogbMi00,DE,ARI,TEN,0.0,0.0,13.0,0.2,0.0,0.0,training
2021_01_ARI_TEN,202109120oti,2021,REG,1,Chase Edmonds,EdmoCh00,RB,ARI,TEN,40.0,0.58,0.0,0.0,0.0,0.0,training
2021_01_ARI_TEN,202109120oti,2021,REG,1,Kylie Fitts,FittKy00,LB,ARI,TEN,0.0,0.0,10.0,0.16,20.0,0.74,training
2021_01_ARI_TEN,202109120oti,2021,REG,1,Leki Fotu,FotuLe00,DT,ARI,TEN,1.0,0.01,17.0,0.27,3.0,0.11,training
2021_01_ARI_TEN,202109120oti,2021,REG,1,Max Garcia,GarcMa00,C,ARI,TEN,0.0,0.0,0.0,0.0,7.0,0.26,training
2021_01_ARI_TEN,202109120oti,2021,REG,1,Markus Golden,GoldMa00,LB,ARI,TEN,0.0,0.0,45.0,0.7,0.0,0.0,training
2021_01_ARI_TEN,202109120oti,2021,REG,1,A.J. Green,GreeA.00,WR,ARI,TEN,55.0,0.8,0.0,0.0,0.0,0.0,training
2021_01_ARI_TEN,202109120oti,2021,REG,1,Antonio Hamilton,HamiAn01,CB,ARI,TEN,0.0,0.0,3.0,0.05,17.0,0.63,training
2021_01_ARI_TEN,202109120oti,2021,REG,1,Demetrius Harris,HarrDe03,TE,ARI,TEN,23.0,0.33,0.0,0.0,10.0,0.37,training
2021_01_ARI_TEN,202109120oti,2021,REG,1,Jordan Hicks,HickJo00,LB,ARI,TEN,0.0,0.0,61.0,0.95,3.0,0.11,training
2021_01_ARI_TEN,202109120oti,2021,REG,1,DeAndre Hopkins,HopkDe00,WR,ARI,TEN,61.0,0.88,0.0,0.0,0.0,0.0,training
2021_01_ARI_TEN,202109120oti,2021,REG,1,Rodney Hudson,HudsRo00,C,ARI,TEN,69.0,1.0,0.0,0.0,3.0,0.11,training
2021_01_ARI_TEN,202109120oti,2021,REG,1,D.J. Humphries,HumpD.00,T,ARI,TEN,69.0,1.0,0.0,0.0,7.0,0.26,training
2021_01_ARI_TEN,202109120oti,2021,REG,1,Chandler Jones,JoneCh03,LB,ARI,TEN,0.0,0.0,48.0,0.75,0.0,0.0,training
2021_01_ARI_TEN,202109120oti,2021,REG,1,Josh Jones,JoneJo07,G,ARI,TEN,56.0,0.81,0.0,0.0,7.0,0.26,training
2021_01_ARI_TEN,202109120oti,2021,REG,1,Devon Kennard,KennDe00,LB,ARI,TEN,0.0,0.0,13.0,0.2,0.0,0.0,training
2021_01_ARI_TEN,202109120oti,2021,REG,1,Christian Kirk,KirkCh01,WR,ARI,TEN,39.0,0.57,0.0,0.0,0.0,0.0,training
2021_01_ARI_TEN,202109120oti,2021,REG,1,Rashard Lawrence,LawrRa01,NT,ARI,TEN,0.0,0.0,21.0,0.33,0.0,0.0,training
2021_01_ARI_TEN,202109120oti,2021,REG,1,Andy Lee,LeexAn20,P,ARI,TEN,0.0,0.0,0.0,0.0,10.0,0.37,training
2021_01_ARI_TEN,202109120oti,2021,REG,1,Rondale Moore,MoorRo02,WR,ARI,TEN,20.0,0.29,0.0,0.0,7.0,0.26,training
2021_01_ARI_TEN,202109120oti,2021,REG,1,Byron Murphy,MurpBy00,CB,ARI,TEN,0.0,0.0,58.0,0.91,6.0,0.22,training
2021_01_ARI_TEN,202109120oti,2021,REG,1,Justin Murray,MurrJu00,T,ARI,TEN,32.0,0.46,0.0,0.0,7.0,0.26,training
2021_01_ARI_TEN,202109120oti,2021,REG,1,Kyler Murray,MurrKy00,QB,ARI,TEN,69.0,1.0,0.0,0.0,0.0,0.0,training
2021_01_ARI_TEN,202109120oti,2021,REG,1,Corey Peters,PeteCo00,DT,ARI,TEN,0.0,0.0,15.0,0.23,3.0,0.11,training
2021_01_ARI_TEN,202109120oti,2021,REG,1,Matt Prater,PratMa20,K,ARI,TEN,0.0,0.0,0.0,0.0,14.0,0.52,training
2021_01_ARI_TEN,202109120oti,2021,REG,1,Justin Pugh,PughJu00,G,ARI,TEN,66.0,0.96,0.0,0.0,7.0,0.26,training
2021_01_ARI_TEN,202109120oti,2021,REG,1,Isaiah Simmons,SimmIs00,LB,ARI,TEN,0.0,0.0,58.0,0.91,7.0,0.26,training
2021_01_ARI_TEN,202109120oti,2021,REG,1,Deionte Thompson,ThomDe06,SS,ARI,TEN,0.0,0.0,3.0,0.05,17.0,0.63,training
2021_01_ARI_TEN,202109120oti,2021,REG,1,Jalen Thompson,ThomJa04,FS,ARI,TEN,0.0,0.0,54.0,0.84,7.0,0.26,training
2021_01_ARI_TEN,202109120oti,2021,REG,1,Zeke Turner,TurnZe00,LB,ARI,TEN,0.0,0.0,0.0,0.0,20.0,0.74,training
2021_01_ARI_TEN,202109120oti,2021,REG,1,Tanner Vallejo,VallTa00,LB,ARI,TEN,0.0,0.0,6.0,0.09,20.0,0.74,training
2021_01_ARI_TEN,202109120oti,2021,REG,1,Jonathan Ward,WardJo00,RB,ARI,TEN,0.0,0.0,0.0,0.0,17.0,0.63,training
2021_01_ARI_TEN,202109120oti,2021,REG,1,Charles Washington,WashCh01,FS,ARI,TEN,0.0,0.0,3.0,0.05,19.0,0.7,training
2021_01_ARI_TEN,202109120oti,2021,REG,1,J.J. Watt,WattJ.00,DE,ARI,TEN,1.0,0.01,46.0,0.72,3.0,0.11,training
2021_01_ARI_TEN,202109120oti,2021,REG,1,Maxx Williams,WillMa04,TE,ARI,TEN,55.0,0.8,0.0,0.0,10.0,0.37,training
2021_01_ARI_TEN,202109120oti,2021,REG,1,Marco Wilson,WilsMa04,CB,ARI,TEN,0.0,0.0,58.0,0.91,1.0,0.04,training
2021_01_ARI_TEN,202109120oti,2021,REG,1,Brian Winters,WintBr00,G,ARI,TEN,13.0,0.19,0.0,0.0,7.0,0.26,training
2021_01_ARI_TEN,202109120oti,2021,REG,1,Olasunkanmi Adeniyi,AdenOl00,LB,TEN,ARI,0.0,0.0,8.0,0.12,21.0,0.78,training
2021_01_ARI_TEN,202109120oti,2021,REG,1,Denico Autry,AutrDe00,DE,TEN,ARI,0.0,0.0,30.0,0.43,8.0,0.3,training
2021_01_ARI_TEN,202109120oti,2021,REG,1,Michael Badgley,BadgMi00,K,TEN,ARI,0.0,0.0,0.0,0.0,6.0,0.22,training
2021_01_ARI_TEN,202109120oti,2021,REG,1,Khari Blasingame,BlasKh00,FB,TEN,ARI,9.0,0.14,0.0,0.0,14.0,0.52,training
2021_01_ARI_TEN,202109120oti,2021,REG,1,Breon Borders,BordBr00,CB,TEN,ARI,0.0,0.0,2.0,0.03,4.0,0.15,training
2021_01_ARI_TEN,202109120oti,2021,REG,1,A.J. Brown,BrowAJ00,WR,TEN,ARI,52.0,0.81,1.0,0.01,0.0,0.0,training
2021_01_ARI_TEN,202109120oti,2021,REG,1,Jayon Brown,BrowJa06,LB,TEN,ARI,0.0,0.0,64.0,0.93,1.0,0.04,training
2021_01_ARI_TEN,202109120oti,2021,REG,1,Kevin Byard,ByarKe01,FS,TEN,ARI,0.0,0.0,61.0,0.88,0.0,0.0,training
2021_01_ARI_TEN,202109120oti,2021,REG,1,Morgan Cox,CoxxMo00,LS,TEN,ARI,0.0,0.0,0.0,0.0,7.0,0.26,training
2021_01_ARI_TEN,202109120oti,2021,REG,1,Dane Cruikshank,CruiDa00,SS,TEN,ARI,0.0,0.0,10.0,0.14,24.0,0.89,training
2021_01_ARI_TEN,202109120oti,2021,REG,1,Nate Davis,DaviNa01,G,TEN,ARI,64.0,1.0,0.0,0.0,3.0,0.11,training
2021_01_ARI_TEN,202109120oti,2021,REG,1,Bud Dupree,DuprAl00,LB,TEN,ARI,0.0,0.0,48.0,0.7,8.0,0.3,training
2021_01_ARI_TEN,202109120oti,2021,REG,1,Nick Dzubnar,DzubNi00,LB,TEN,ARI,0.0,0.0,6.0,0.09,24.0,0.89,training
2021_01_ARI_TEN,202109120oti,2021,REG,1,Rashaan Evans,EvanRa01,LB,TEN,ARI,0.0,0.0,55.0,0.8,0.0,0.0,training
2021_01_ARI_TEN,202109120oti,2021,REG,1,Caleb Farley,FarlCa00,CB,TEN,ARI,0.0,0.0,8.0,0.12,10.0,0.37,training
2021_01_ARI_TEN,202109120oti,2021,REG,1,Matthias Farley,FarlMa00,FS,TEN,ARI,0.0,0.0,2.0,0.03,19.0,0.7,training
2021_01_ARI_TEN,202109120oti,2021,REG,1,Anthony Firkser,FirkAn00,TE,TEN,ARI,31.0,0.48,0.0,0.0,7.0,0.26,training
2022_01_BAL_NYJ,202209110nyj,2022,REG,1,Mark Andrews,AndrMa00,TE,BAL,NYJ,47.0,0.84,0.0,0.0,1.0,0.04,training
2022_01_BAL_NYJ,202209110nyj,2022,REG,1,Jalyn Armour-Davis,ArmoJa00,DB,BAL,NYJ,0.0,0.0,3.0,0.04,12.0,0.44,training
2022_01_BAL_NYJ,202209110nyj,2022,REG,1,Rashod Bateman,BateRa00,WR,BAL,NYJ,37.0,0.66,0.0,0.0,1.0,0.04,training
2022_01_BAL_NYJ,202209110nyj,2022,REG,1,Josh Bynes,ByneJo00,LB,BAL,NYJ,0.0,0.0,32.0,0.38,0.0,0.0,training
2022_01_BAL_NYJ,202209110nyj,2022,REG,1,Calais Campbell,CampCa99,DE,BAL,NYJ,0.0,0.0,41.0,0.49,8.0,0.3,training
2022_01_BAL_NYJ,202209110nyj,2022,REG,1,Chuck Clark,ClarCh00,SS,BAL,NYJ,0.0,0.0,84.0,1.0,4.0,0.15,training
2022_01_BAL_NYJ,202209110nyj,2022,REG,1,Ben Cleveland,ClevBe00,G,BAL,NYJ,0.0,0.0,0.0,0.0,4.0,0.15,training
2022_01_BAL_NYJ,202209110nyj,2022,REG,1,Mike Davis,DaviMi01,RB,BAL,NYJ,7.0,0.13,0.0,0.0,0.0,0.0,training
2022_01_BAL_NYJ,202209110nyj,2022,REG,1,Kenyan Drake,DrakKe00,RB,BAL,NYJ,33.0,0.59,0.0,0.0,0.0,0.0,training
2022_01_BAL_NYJ,202209110nyj,2022,REG,1,Devin Duvernay,DuveDe00,WR,BAL,NYJ,29.0,0.52,0.0,0.0,9.0,0.33,training
2022_01_BAL_NYJ,202209110nyj,2022,REG,1,Kyle Fuller,FullKy00,CB,BAL,NYJ,0.0,0.0,80.0,0.95,0.0,0.0,training
2022_01_BAL_NYJ,202209110nyj,2022,REG,1,Kyle Hamilton,HamiKy00,DB,BAL,NYJ,0.0,0.0,42.0,0.5,22.0,0.81,training
2022_01_BAL_NYJ,202209110nyj,2022,REG,1,Malik Harrison,HarrMa06,LB,BAL,NYJ,0.0,0.0,22.0,0.26,18.0,0.67,training
2022_01_BAL_NYJ,202209110nyj,2022,REG,1,Justice Hill,HillJu00,RB,BAL,NYJ,11.0,0.2,0.0,0.0,14.0,0.52,training
2022_01_BAL_NYJ,202209110nyj,2022,REG,1,Justin Houston,HousJu00,LB,BAL,NYJ,0.0,0.0,54.0,0.64,0.0,0.0,training
2022_01_BAL_NYJ,202209110nyj,2022,REG,1,Marlon Humphrey,HumpMa00,CB,BAL,NYJ,0.0,0.0,84.0,1.0,3.0,0.11,training
2022_01_BAL_NYJ,202209110nyj,2022,REG,1,Lamar Jackson,JackLa00,QB,BAL,NYJ,56.0,1.0,0.0,0.0,0.0,0.0,training
2022_01_BAL_NYJ,202209110nyj,2022,REG,1,Ja'Wuan James,JameJa01,T,BAL,NYJ,24.0,0.43,0.0,0.0,0.0,0.0,training
2022_01_BAL_NYJ,202209110nyj,2022,REG,1,Isaiah Likely,LikeIs00,TE,BAL,NYJ,25.0,0.45,0.0,0.0,1.0,0.04,training
2022_01_BAL_NYJ,202209110nyj,2022,REG,1,Tyler Linderbaum,LindTy00,C,BAL,NYJ,56.0,1.0,0.0,0.0,0.0,0.0,training
2022_01_BAL_NYJ,202209110nyj,2022,REG,1,Nnamdi Madubuike,MaduJu00,DT,BAL,NYJ,0.0,0.0,43.0,0.51,0.0,0.0,training
2022_01_BAL_NYJ,202209110nyj,2022,REG,1,Steven Means,MeanSt00,LB,BAL,NYJ,0.0,0.0,28.0,0.33,9.0,0.33,training
2022_01_BAL_NYJ,202209110nyj,2022,REG,1,Patrick Mekari,MekaPa00,G,BAL,NYJ,32.0,0.57,0.0,0.0,4.0,0.15,training
2022_01_BAL_NYJ,202209110nyj,2022,REG,1,Nick Moore,MoorNi00,LS,BAL,NYJ,0.0,0.0,0.0,0.0,10.0,0.37,training
2022_01_BAL_NYJ,202209110nyj,2022,REG,1,Morgan Moses,MoseMo00,T,BAL,NYJ,56.0,1.0,0.0,0.0,4.0,0.15,training
2022_01_BAL_NYJ,202209110nyj,2022,REG,1,Josh Oliver,OlivJo00,TE,BAL,NYJ,19.0,0.34,0.0,0.0,0.0,0.0,training
2022_01_BAL_NYJ,202209110nyj,2022,REG,1,Odafe Oweh,OwehJa00,LB,BAL,NYJ,0.0,0.0,68.0,0.81,0.0,0.0,training
2022_01_BAL_NYJ,202209110nyj,2022,REG,1,Del'Shawn Phillips,PhilDe00,LB,BAL,NYJ,0.0,0.0,0.0,0.0,18.0,0.67,training
2022_01_BAL_NYJ,202209110nyj,2022,REG,1,Michael Pierce,PierMi00,NT,BAL,NYJ,0.0,0.0,45.0,0.54,0.0,0.0,training
2022_01_BAL_NYJ,202209110nyj,2022,REG,1,Ben Powers,PoweBe00,G,BAL,NYJ,56.0,1.0,0.0,0.0,4.0,0.15,training
2022_01_BAL_NYJ,202209110nyj,2022,REG,1,James Proche,ProcJa00,WR,BAL,NYJ,5.0,0.09,0.0,0.0,1.0,0.04,training
2022_01_BAL_NYJ,202209110nyj,2022,REG,1,Patrick Queen,QueePa00,LB,BAL,NYJ,0.0,0.0,84.0,1.0,0.0,0.0,training
2022_01_BAL_NYJ,202209110nyj,2022,REG,1,Patrick Ricard,RicaPa00,FB,BAL,NYJ,36.0,0.64,0.0,0.0,2.0,0.07,training
2022_01_BAL_NYJ,202209110nyj,2022,REG,1,Demarcus Robinson,RobiDe01,WR,BAL,NYJ,25.0,0.45,0.0,0.0,1.0,0.04,training
2022_01_BAL_NYJ,202209110nyj,2022,REG,1,Josh Ross,RossJo01,LB,BAL,NYJ,0.0,0.0,0.0,0.0,18.0,0.67,training
2022_01_BAL_NYJ,202209110nyj,2022,REG,1,Brandon Stephens,StepBr01,FS,BAL,NYJ,0.0,0.0,58.0,0.69,14.0,0.52,training
2022_01_BAL_NYJ,202209110nyj,2022,REG,1,Geno Stone,StonGe00,SS,BAL,NYJ,0.0,0.0,0.0,0.0,22.0,0.81,training
2022_01_BAL_NYJ,202209110nyj,2022,REG,1,Jordan Stout,StouJo00,P,BAL,NYJ,0.0,0.0,0.0,0.0,10.0,0.37,training
2022_01_BAL_NYJ,202209110nyj,2022,REG,1,Justin Tucker,TuckJu00,K,BAL,NYJ,0.0,0.0,0.0,0.0,9.0,0.33,training
2022_01_BAL_NYJ,202209110nyj,2022,REG,1,Brent Urban,UrbaBr00,DE,BAL,NYJ,0.0,0.0,25.0,0.3,8.0,0.3,training
2022_01_BAL_NYJ,202209110nyj,2022,REG,1,Tylan Wallace,WallTy00,WR,BAL,NYJ,6.0,0.11,0.0,0.0,16.0,0.59,training
2022_01_BAL_NYJ,202209110nyj,2022,REG,1,Broderick Washington Jr.,WashBr01,DT,BAL,NYJ,0.0,0.0,34.0,0.4,8.0,0.3,training
2022_01_BAL_NYJ,202209110nyj,2022,REG,1,Kristian Welch,WelcKr00,LB,BAL,NYJ,0.0,0.0,0.0,0.0,23.0,0.85,training
2022_01_BAL_NYJ,202209110nyj,2022,REG,1,Damarion Williams,WillDa15,DB,BAL,NYJ,0.0,0.0,13.0,0.15,15.0,0.56,training
2022_01_BAL_NYJ,202209110nyj,2022,REG,1,Marcus Williams,WillMa06,FS,BAL,NYJ,0.0,0.0,84.0,1.0,0.0,0.0,training
2022_01_BAL_NYJ,202209110nyj,2022,REG,1,Kevin Zeitler,ZeitKe00,G,BAL,NYJ,56.0,1.0,0.0,0.0,4.0,0.15,training
2022_01_BAL_NYJ,202209110nyj,2022,REG,1,Tony Adams,AdamTo03,DB,NYJ,BAL,0.0,0.0,1.0,0.02,12.0,0.44,training
2022_01_BAL_NYJ,202209110nyj,2022,REG,1,Kwon Alexander,AlexKw00,LB,NYJ,BAL,0.0,0.0,37.0,0.66,1.0,0.04,training
2022_01_BAL_NYJ,202209110nyj,2022,REG,1,Braxton Berrios,BerrBr00,WR,NYJ,BAL,39.0,0.46,0.0,0.0,11.0,0.41,training
2022_01_BAL_NYJ,202209110nyj,2022,REG,1,Lawrence Cager,CageLa01,WR,NYJ,BAL,10.0,0.12,0.0,0.0,11.0,0.41,training
2022_01_BAL_NYJ,202209110nyj,2022,REG,1,Michael Carter II,CartMi02,CB,NYJ,BAL,0.0,0.0,18.0,0.32,4.0,0.15,training
2022_01_BAL_NYJ,202209110nyj,2022,REG,1,Michael Carter,CartMi03,RB,NYJ,BAL,50.0,0.6,0.0,0.0,0.0,0.0,training
2022_01_BAL_NYJ,202209110nyj,2022,REG,1,Micheal Clemons,ClemMi03,DE,NYJ,BAL,0.0,0.0,24.0,0.43,17.0,0.63,training
2022_01_BAL_NYJ,202209110nyj,2022,REG,1,Tyler Conklin,ConkTy00,TE,NYJ,BAL,77.0,0.92,0.0,0.0,3.0,0.11,training
2022_01_BAL_NYJ,202209110nyj,2022,REG,1,Ashtyn Davis,DaviAs00,SS,NYJ,BAL,0.0,0.0,0.0,0.0,18.0,0.67,training
2022_01_BAL_NYJ,202209110nyj,2022,REG,1,Corey Davis,DaviCo03,WR,NYJ,BAL,57.0,0.68,0.0,0.0,0.0,0.0,training
2022_01_BAL_NYJ,202209110nyj,2022,REG,1,Brandin Echols,EchoBr00,CB,NYJ,BAL,0.0,0.0,1.0,0.02,16.0,0.59,training
2022_01_BAL_NYJ,202209110nyj,2022,REG,1,George Fant,FantGe00,T,NYJ,BAL,84.0,1.0,0.0,0.0,3.0,0.11,training
2022_01_BAL_NYJ,202209110nyj,2022,REG,1,Dan Feeney,FeenDa00,G,NYJ,BAL,0.0,0.0,0.0,0.0,3.0,0.11,training
2022_01_BAL_NYJ,202209110nyj,2022,REG,1,Joe Flacco,FlacJo00,QB,NYJ,BAL,84.0,1.0,0.0,0.0,0.0,0.0,training
2022_01_BAL_NYJ,202209110nyj,2022,REG,1,John Franklin-Myers,FranJo02,DE,NYJ,BAL,0.0,0.0,28.0,0.5,1.0,0.04,training
2022_01_BAL_NYJ,202209110nyj,2022,REG,1,Sauce Gardner,GardSa00,DB,NYJ,BAL,0.0,0.0,56.0,1.0,6.0,0.22,training
2022_01_BAL_NYJ,202209110nyj,2022,REG,1,Bryce Hall,HallBr02,CB,NYJ,BAL,0.0,0.0,5.0,0.09,0.0,0.0,training
2023_01_ARI_WAS,202309100was,2023,REG,1,Budda Baker,BakeBu00,SS,ARI,WAS,0.0,0.0,71.0,1.0,4.0,0.14,training
2023_01_ARI_WAS,202309100was,2023,REG,1,Krys Barnes,BarnKr00,LB,ARI,WAS,0.0,0.0,19.0,0.27,23.0,0.83,training
2023_01_ARI_WAS,202309100was,2023,REG,1,Jackson Barton,BartJa00,T,ARI,WAS,0.0,0.0,0.0,0.0,3.0,0.11,training
2023_01_ARI_WAS,202309100was,2023,REG,1,Kris Boyd,BoydKr00,CB,ARI,WAS,0.0,0.0,0.0,0.0,18.0,0.65,training
2023_01_ARI_WAS,202309100was,2023,REG,1,Aaron Brewer,BrewAa00,LS,ARI,WAS,0.0,0.0,0.0,0.0,9.0,0.32,training
2023_01_ARI_WAS,202309100was,2023,REG,1,Marquise Brown,BrowMa04,WR,ARI,WAS,52.0,0.84,0.0,0.0,0.0,0.0,training
2023_01_ARI_WAS,202309100was,2023,REG,1,Andre Chachere,ChacAn00,SS,ARI,WAS,0.0,0.0,3.0,0.04,6.0,0.22,training
2023_01_ARI_WAS,202309100was,2023,REG,1,Kei'Trel Clark,ClarKe02,CB,ARI,WAS,0.0,0.0,71.0,1.0,0.0,0.0,training
2023_01_ARI_WAS,202309100was,2023,REG,1,L.J. Collier,CollLJ00,DE,ARI,WAS,0.0,0.0,37.0,0.52,3.0,0.11,training
2023_01_ARI_WAS,202309100was,2023,REG,1,Zaven Collins,CollZa00,LB,ARI,WAS,0.0,0.0,42.0,0.59,0.0,0.0,training
2023_01_ARI_WAS,202309100was,2023,REG,1,Trystan Colon-Castillo,ColoTr01,C,ARI,WAS,0.0,0.0,0.0,0.0,4.0,0.14,training
2023_01_ARI_WAS,202309100was,2023,REG,1,James Conner,ConnJa00,RB,ARI,WAS,52.0,0.84,0.0,0.0,0.0,0.0,training
2023_01_ARI_WAS,202309100was,2023,REG,1,Nolan Cooney,CoonNo00,P,ARI,WAS,0.0,0.0,0.0,0.0,9.0,0.32,training
2023_01_ARI_WAS,202309100was,2023,REG,1,Emari Demercado,DemeEm00,RB,ARI,WAS,3.0,0.05,0.0,0.0,7.0,0.25,training
2023_01_ARI_WAS,202309100was,2023,REG,1,Victor Dimukeje,DimuVi00,LB,ARI,WAS,0.0,0.0,25.0,0.35,19.0,0.69,training
2023_01_ARI_WAS,202309100was,2023,REG,1,Joshua Dobbs,DobbJo00,QB,ARI,WAS,62.0,1.0,0.0,0.0,0.0,0.0,training
2023_01_ARI_WAS,202309100was,2023,REG,1,Greg Dortch,DortGr01,WR,ARI,WAS,0.0,0.0,0.0,0.0,11.0,0.4,training
2023_01_ARI_WAS,202309100was,2023,REG,1,Zach Ertz,ErtzZa00,TE,ARI,WAS,48.0,0.77,0.0,0.0,0.0,0.0,training
2023_01_ARI_WAS,202309100was,2023,REG,1,Leki Fotu,FotuLe00,NT,ARI,WAS,0.0,0.0,17.0,0.24,4.0,0.14,training
2023_01_ARI_WAS,202309100was,2023,REG,1,Hjalte Froholdt,FrohHj00,C,ARI,WAS,62.0,1.0,0.0,0.0,4.0,0.14,training
2023_01_ARI_WAS,202309100was,2023,REG,1,Dennis Gardeck,GardDe01,LB,ARI,WAS,0.0,0.0,28.0,0.39,13.0,0.47,training
2023_01_ARI_WAS,202309100was,2023,REG,1,Antonio Hamilton,HamiAn01,CB,ARI,WAS,0.0,0.0,5.0,0.07,20.0,0.72,training
2023_01_ARI_WAS,202309100was,2023,REG,1,Will Hernandez,HernWi00,G,ARI,WAS,62.0,1.0,0.0,0.0,4.0,0.14,training
2023_01_ARI_WAS,202309100was,2023,REG,1,D.J. Humphries,HumpD.00,T,ARI,WAS,62.0,1.0,0.0,0.0,0.0,0.0,training
2023_01_ARI_WAS,202309100was,2023,REG,1,Keaontay Ingram,IngrKe01,RB,ARI,WAS,7.0,0.11,0.0,0.0,0.0,0.0,training
2023_01_ARI_WAS,202309100was,2023,REG,1,Paris Johnson,JohnPa03,T,ARI,WAS,62.0,1.0,0.0,0.0,4.0,0.14,training
2023_01_ARI_WAS,202309100was,2023,REG,1,Jonathan Ledbetter,LedbJo01,DE,ARI,WAS,0.0,0.0,41.0,0.58,4.0,0.14,training
2023_01_ARI_WAS,202309100was,2023,REG,1,Jesse Luketa,LukeJe00,LB,ARI,WAS,4.0,0.06,18.0,0.25,20.0,0.72,training
2023_01_ARI_WAS,202309100was,2023,REG,1,Christian Matthew,MattCh01,CB,ARI,WAS,0.0,0.0,0.0,0.0,23.0,0.83,training
2023_01_ARI_WAS,202309100was,2023,REG,1,Trey McBride,McBrTr01,TE,ARI,WAS,23.0,0.37,0.0,0.0,5.0,0.18,training
2023_01_ARI_WAS,202309100was,2023,REG,1,Rondale Moore,MoorRo02,WR,ARI,WAS,42.0,0.68,0.0,0.0,0.0,0.0,training
2023_01_ARI_WAS,202309100was,2023,REG,1,BJ Ojulari,OjulBJ00,LB,ARI,WAS,0.0,0.0,12.0,0.17,1.0,0.04,training
2023_01_ARI_WAS,202309100was,2023,REG,1,Zach Pascal,PascZa00,WR,ARI,WAS,5.0,0.08,0.0,0.0,20.0,0.72,training
2023_01_ARI_WAS,202309100was,2023,REG,1,Matt Prater,PratMa20,K,ARI,WAS,0.0,0.0,0.0,0.0,9.0,0.32,training
2023_01_ARI_WAS,202309100was,2023,REG,1,Kevin Strong,StroKe00,NT,ARI,WAS,0.0,0.0,31.0,0.44,1.0,0.04,training
2023_01_ARI_WAS,202309100was,2023,REG,1,Geoff Swaim,SwaiGe00,TE,ARI,WAS,18.0,0.29,0.0,0.0,8.0,0.29,training
2023_01_ARI_WAS,202309100was,2023,REG,1,Cameron Thomas,ThomCa03,LB,ARI,WAS,0.0,0.0,26.0,0.37,6.0,0.22,training
2023_01_ARI_WAS,202309100was,2023,REG,1,Jalen Thompson,ThomJa04,FS,ARI,WAS,0.0,0.0,70.0,0.99,0.0,0.0,training
2023_01_ARI_WAS,202309100was,2023,REG,1,Zeke Turner,TurnZe00,LB,ARI,WAS,0.0,0.0,0.0,0.0,24.0,0.87,training
2023_01_ARI_WAS,202309100was,2023,REG,1,K'Von Wallace,WallKV00,FS,ARI,WAS,0.0,0.0,50.0,0.71,4.0,0.14,training
2023_01_ARI_WAS,202309100was,2023,REG,1,Carlos Watkins,WatkCa00,DE,ARI,WAS,0.0,0.0,33.0,0.47,4.0,0.14,training
2023_01_ARI_WAS,202309100was,2023,REG,1,Kyzir White,WhitKy00,LB,ARI,WAS,0.0,0.0,71.0,1.0,0.0,0.0,training
2023_01_ARI_WAS,202309100was,2023,REG,1,Elijah Wilkinson,WilkEl00,G,ARI,WAS,62.0,1.0,0.0,0.0,4.0,0.14,training
2023_01_ARI_WAS,202309100was,2023,REG,1,Marco Wilson,WilsMa04,CB,ARI,WAS,0.0,0.0,71.0,1.0,0.0,0.0,training
2023_01_ARI_WAS,202309100was,2023,REG,1,Michael Wilson,WilsMi02,WR,ARI,WAS,56.0,0.9,0.0,0.0,0.0,0.0,training
2023_01_ARI_WAS,202309100was,2023,REG,1,Josh Woods,WoodJo02,LB,ARI,WAS,0.0,0.0,39.0,0.55,7.0,0.25,training
2023_01_ARI_WAS,202309100was,2023,REG,1,Jonathan Allen,AlleJo01,DT,WAS,ARI,0.0,0.0,57.0,0.92,0.0,0.0,training
2023_01_ARI_WAS,202309100was,2023,REG,1,Abdullah Anderson,AndeAb00,DT,WAS,ARI,0.0,0.0,10.0,0.16,4.0,0.14,training
2023_01_ARI_WAS,202309100was,2023,REG,1,Cody Barton,BartCo00,LB,WAS,ARI,0.0,0.0,62.0,1.0,0.0,0.0,training
2023_01_ARI_WAS,202309100was,2023,REG,1,John Bates,BateJo00,TE,WAS,ARI,26.0,0.37,0.0,0.0,9.0,0.32,training
2023_01_ARI_WAS,202309100was,2023,REG,1,Dyami Brown,BrowDy00,WR,WAS,ARI,19.0,0.27,0.0,0.0,5.0,0.18,training
2023_01_ARI_WAS,202309100was,2023,REG,1,Percy Butler,ButlPe00,FS,WAS,ARI,0.0,0.0,33.0,0.53,13.0,0.46,training
2023_01_ARI_WAS,202309100was,2023,REG,1,Saahdiq Charles,CharSa00,G,WAS,ARI,71.0,1.0,0.0,0.0,4.0,0.14,training
2023_01_ARI_WAS,202309100was,2023,REG,1,Camaron Cheeseman,CheeCa00,LS,WAS,ARI,0.0,0.0,0.0,0.0,10.0,0.36,training
2023_01_ARI_WAS,202309100was,2023,REG,1,Samuel Cosmi,CosmSa00,G,WAS,ARI,68.0,0.96,0.0,0.0,4.0,0.14,training
2023_01_ARI_WAS,202309100was,2023,REG,1,Jamison Crowder,CrowJa00,WR,WAS,ARI,0.0,0.0,0.0,0.0,5.0,0.18,training
2023_01_ARI_WAS,202309100was,2023,REG,1,Kamren Curl,CurlKa00,SS,WAS,ARI,0.0,0.0,62.0,1.0,0.0,0.0,training
2023_01_ARI_WAS,202309100was,2023,REG,1,Jamin Davis,DaviJa11,LB,WAS,ARI,0.0,0.0,40.0,0.65,5.0,0.18,training
2023_01_ARI_WAS,202309100was,2023,REG,1,Jahan Dotson,DotsJa00,WR,WAS,ARI,62.0,0.87,0.0,0.0,0.0,0.0,training
2023_01_ARI_WAS,202309100was,2023,REG,1,Emmanuel Forbes,ForbEm00,CB,WAS,ARI,0.0,0.0,40.0,0.65,0.0,0.0,training
2023_01_ARI_WAS,202309100was,2023,REG,1,Darrick Forrest,ForrDa00,FS,WAS,ARI,0.0,0.0,62.0,1.0,0.0,0.0,training
2023_01_ARI_WAS,202309100was,2023,REG,1,Kendall Fuller,FullKe00,CB,WAS,ARI,0.0,0.0,62.0,1.0,0.0,0.0,training
2023_01_ARI_WAS,202309100was,2023,REG,1,Nick Gates,GateNi00,C,WAS,ARI,71.0,1.0,0.0,0.0,0.0,0.0,training
2024_01_ARI_BUF,202409080buf,2024,REG,1,Isaiah Adams,AdamIs01,G,ARI,BUF,0.0,0.0,0.0,0.0,4.0,0.15,validation
2024_01_ARI_BUF,202409080buf,2024,REG,1,Budda Baker,BakeBu00,SS,ARI,BUF,0.0,0.0,62.0,1.0,6.0,0.22,validation
2024_01_ARI_BUF,202409080buf,2024,REG,1,Krys Barnes,BarnKr00,LB,ARI,BUF,0.0,0.0,10.0,0.16,23.0,0.85,validation
2024_01_ARI_BUF,202409080buf,2024,REG,1,Kelvin Beachum,BeacKe00,T,ARI,BUF,39.0,0.64,0.0,0.0,4.0,0.15,validation
2024_01_ARI_BUF,202409080buf,2024,REG,1,Trey Benson,BensTr01,RB,ARI,BUF,8.0,0.13,0.0,0.0,0.0,0.0,validation
2024_01_ARI_BUF,202409080buf,2024,REG,1,Joey Blount,BlouJo00,FS,ARI,BUF,0.0,0.0,0.0,0.0,17.0,0.63,validation
2024_01_ARI_BUF,202409080buf,2024,REG,1,Aaron Brewer,BrewAa00,LS,ARI,BUF,0.0,0.0,0.0,0.0,6.0,0.22,validation
2024_01_ARI_BUF,202409080buf,2024,REG,1,Evan Brown,BrowEv00,C,ARI,BUF,61.0,1.0,0.0,0.0,4.0,0.15,validation
2024_01_ARI_BUF,202409080buf,2024,REG,1,Sean Murphy-Bunting,BuntSe00,CB,ARI,BUF,0.0,0.0,62.0,1.0,6.0,0.22,validation
2024_01_ARI_BUF,202409080buf,2024,REG,1,Kei'Trel Clark,ClarKe02,CB,ARI,BUF,0.0,0.0,4.0,0.06,8.0,0.3,validation
2024_01_ARI_BUF,202409080buf,2024,REG,1,L.J. Collier,CollLJ00,DT,ARI,BUF,0.0,0.0,22.0,0.35,0.0,0.0,validation
2024_01_ARI_BUF,202409080buf,2024,REG,1,Zaven Collins,CollZa00,LB,ARI,BUF,0.0,0.0,43.0,0.69,0.0,0.0,validation
2024_01_ARI_BUF,202409080buf,2024,REG,1,Trystan Colon-Castillo,ColoTr01,C,ARI,BUF,0.0,0.0,0.0,0.0,4.0,0.15,validation
2024_01_ARI_BUF,202409080buf,2024,REG,1,James Conner,ConnJa00,RB,ARI,BUF,41.0,0.67,0.0,0.0,0.0,0.0,validation
2024_01_ARI_BUF,202409080buf,2024,REG,1,DeeJay Dallas,DallDe00,RB,ARI,BUF,0.0,0.0,0.0,0.0,16.0,0.59,validation
2024_01_ARI_BUF,202409080buf,2024,REG,1,Emari Demercado,DemeEm00,RB,ARI,BUF,13.0,0.21,0.0,0.0,8.0,0.3,validation
2024_01_ARI_BUF,202409080buf,2024,REG,1,Victor Dimukeje,DimuVi00,LB,ARI,BUF,0.0,0.0,13.0,0.21,17.0,0.63,validation
2024_01_ARI_BUF,202409080buf,2024,REG,1,Greg Dortch,DortGr01,WR,ARI,BUF,37.0,0.61,0.0,0.0,3.0,0.11,validation
2024_01_ARI_BUF,202409080buf,2024,REG,1,Hjalte Froholdt,FrohHj00,C,ARI,BUF,61.0,1.0,0.0,0.0,4.0,0.15,validation
2024_01_ARI_BUF,202409080buf,2024,REG,1,Dennis Gardeck,GardDe01,LB,ARI,BUF,0.0,0.0,40.0,0.64,8.0,0.3,validation
2024_01_ARI_BUF,202409080buf,2024,REG,1,Blake Gillikin,GillBl00,P,ARI,BUF,0.0,0.0,0.0,0.0,6.0,0.22,validation
2024_01_ARI_BUF,202409080buf,2024,REG,1,Marvin Harrison Jr.,HarrMa09,WR,ARI,BUF,55.0,0.9,0.0,0.0,0.0,0.0,validation
2024_01_ARI_BUF,202409080buf,2024,REG,1,Will Hernandez,HernWi00,G,ARI,BUF,61.0,1.0,0.0,0.0,3.0,0.11,validation
2024_01_ARI_BUF,202409080buf,2024,REG,1,Elijah Higgins,HiggEl00,TE,ARI,BUF,25.0,0.41,0.0,0.0,10.0,0.37,validation
2024_01_ARI_BUF,202409080buf,2024,REG,1,Paris Johnson,JohnPa03,T,ARI,BUF,61.0,1.0,0.0,0.0,4.0,0.15,validation
2024_01_ARI_BUF,202409080buf,2024,REG,1,Justin Jones,JoneJu03,DT,ARI,BUF,0.0,0.0,43.0,0.69,6.0,0.22,validation
2024_01_ARI_BUF,202409080buf,2024,REG,1,Roy Lopez,LopeRo00,NT,ARI,BUF,0.0,0.0,23.0,0.37,6.0,0.22,validation
2024_01_ARI_BUF,202409080buf,2024,REG,1,Trey McBride,McBrTr01,TE,ARI,BUF,52.0,0.85,0.0,0.0,0.0,0.0,validation
2024_01_ARI_BUF,202409080buf,2024,REG,1,Max Melton,MeltMa00,CB,ARI,BUF,0.0,0.0,11.0,0.18,17.0,0.63,validation
2024_01_ARI_BUF,202409080buf,2024,REG,1,Chris Moore,MoorCh00,WR,ARI,BUF,1.0,0.02,0.0,0.0,0.0,0.0,validation
2024_01_ARI_BUF,202409080buf,2024,REG,1,Kyler Murray,MurrKy00,QB,ARI,BUF,61.0,1.0,0.0,0.0,0.0,0.0,validation
2024_01_ARI_BUF,202409080buf,2024,REG,1,Bilal Nichols,NichBi00,DT,ARI,BUF,0.0,0.0,27.0,0.43,6.0,0.22,validation
2024_01_ARI_BUF,202409080buf,2024,REG,1,Owen Pappoe,PappOw00,LB,ARI,BUF,0.0,0.0,12.0,0.19,23.0,0.85,validation
2024_01_ARI_BUF,202409080buf,2024,REG,1,Zach Pascal,PascZa00,WR,ARI,BUF,4.0,0.07,0.0,0.0,17.0,0.63,validation
2024_01_ARI_BUF,202409080buf,2024,REG,1,Matt Prater,PratMa20,K,ARI,BUF,0.0,0.0,0.0,0.0,10.0,0.37,validation
2024_01_ARI_BUF,202409080buf,2024,REG,1,Tip Reiman,ReimTi00,TE,ARI,BUF,20.0,0.33,0.0,0.0,11.0,0.41,validation
2024_01_ARI_BUF,202409080buf,2024,REG,1,Dante Stills,StilDa01,DT,ARI,BUF,0.0,0.0,25.0,0.4,6.0,0.22,validation
2024_01_ARI_BUF,202409080buf,2024,REG,1,Dadrion Taylor-Demerson,TaylDa02,FS,ARI,BUF,0.0,0.0,0.0,0.0,21.0,0.78,validation
2024_01_ARI_BUF,202409080buf,2024,REG,1,Jalen Thompson,ThomJa04,FS,ARI,BUF,0.0,0.0,62.0,1.0,1.0,0.04,validation
2024_01_ARI_BUF,202409080buf,2024,REG,1,Starling Thomas,ThomSt01,CB,ARI,BUF,0.0,0.0,51.0,0.82,0.0,0.0,validation
2024_01_ARI_BUF,202409080buf,2024,REG,1,Xavier Thomas,ThomXa01,LB,ARI,BUF,0.0,0.0,18.0,0.29,6.0,0.22,validation
2024_01_ARI_BUF,202409080buf,2024,REG,1,Khyiris Tonga,TongKh00,NT,ARI,BUF,0.0,0.0,16.0,0.26,0.0,0.0,validation
2024_01_ARI_BUF,202409080buf,2024,REG,1,Kyzir White,WhitKy00,LB,ARI,BUF,0.0,0.0,62.0,1.0,0.0,0.0,validation
2024_01_ARI_BUF,202409080buf,2024,REG,1,Garrett Williams,WillGa00,CB,ARI,BUF,0.0,0.0,38.0,0.61,5.0,0.19,validation
2024_01_ARI_BUF,202409080buf,2024,REG,1,Jonah Williams,WillJo10,T,ARI,BUF,22.0,0.36,0.0,0.0,1.0,0.04,validation
2024_01_ARI_BUF,202409080buf,2024,REG,1,Mack Wilson,WilsMa03,LB,ARI,BUF,0.0,0.0,39.0,0.63,0.0,0.0,validation
2024_01_ARI_BUF,202409080buf,2024,REG,1,Michael Wilson,WilsMi02,WR,ARI,BUF,49.0,0.8,0.0,0.0,0.0,0.0,validation
2024_01_ARI_BUF,202409080buf,2024,REG,1,Josh Allen,AlleJo02,QB,BUF,ARI,62.0,1.0,0.0,0.0,0.0,0.0,validation
2024_01_ARI_BUF,202409080buf,2024,REG,1,Alec Anderson,AndeAl01,G,BUF,ARI,10.0,0.16,0.0,0.0,12.0,0.44,validation
2024_01_ARI_BUF,202409080buf,2024,REG,1,Tyler Bass,BassTy00,K,BUF,ARI,0.0,0.0,0.0,0.0,13.0,0.48,validation
2024_01_ARI_BUF,202409080buf,2024,REG,1,Christian Benford,BenfCh00,CB,BUF,ARI,0.0,0.0,61.0,1.0,0.0,0.0,validation
2024_01_ARI_BUF,202409080buf,2024,REG,1,Terrel Bernard,BernTe00,LB,BUF,ARI,0.0,0.0,61.0,1.0,4.0,0.15,validation
2024_01_ARI_BUF,202409080buf,2024,REG,1,Spencer Brown,BrowSp00,T,BUF,ARI,62.0,1.0,0.0,0.0,6.0,0.22,validation
2024_01_ARI_BUF,202409080buf,2024,REG,1,DeWayne Carter,CartDe03,DT,BUF,ARI,0.0,0.0,7.0,0.11,4.0,0.15,validation
2024_01_ARI_BUF,202409080buf,2024,REG,1,Kameron Cline,ClinKa00,DE,BUF,ARI,0.0,0.0,0.0,0.0,17.0,0.63,validation
2024_01_ARI_BUF,202409080buf,2024,REG,1,Brandon Codrington,CodrBr00,CB,BUF,ARI,0.0,0.0,0.0,0.0,8.0,0.29,validation
2024_01_ARI_BUF,202409080buf,2024,REG,1,Keon Coleman,ColeKe02,WR,BUF,ARI,45.0,0.73,0.0,0.0,0.0,0.0,validation
2024_01_ARI_BUF,202409080buf,2024,REG,1,James Cook,CookJa01,RB,BUF,ARI,38.0,0.61,0.0,0.0,0.0,0.0,validation
2024_01_ARI_BUF,202409080buf,2024,REG,1,Ray Davis,DaviRa04,RB,BUF,ARI,6.0,0.1,0.0,0.0,5.0,0.18,validation
2024_01_ARI_BUF,202409080buf,2024,REG,1,Dion Dawkins,DawkDi00,T,BUF,ARI,62.0,1.0,0.0,0.0,6.0,0.22,validation
2024_01_ARI_BUF,202409080buf,2024,REG,1,Rasul Douglas,DougRa00,CB,BUF,ARI,0.0,0.0,61.0,1.0,0.0,0.0,validation
2024_01_ARI_BUF,202409080buf,2024,REG,1,David Edwards,EdwaDa01,G,BUF,ARI,62.0,1.0,0.0,0.0,6.0,0.22,validation
2024_01_ARI_BUF,202409080buf,2024,REG,1,Mike Edwards,EdwaMi01,FS,BUF,ARI,0.0,0.0,0.0,0.0,9.0,0.33,validation
2025_01_ARI_NO,202509070nor,2025,REG,1,Isaiah Adams,AdamIs01,OL,ARI,NO,66.0,1.0,0.0,0.0,5.0,0.19,test
2025_01_ARI_NO,202509070nor,2025,REG,1,Budda Baker,BakeBu00,S,ARI,NO,0.0,0.0,75.0,1.0,5.0,0.19,test
2025_01_ARI_NO,202509070nor,2025,REG,1,Kelvin Beachum,BeacKe00,OL,ARI,NO,0.0,0.0,0.0,0.0,5.0,0.19,test
2025_01_ARI_NO,202509070nor,2025,REG,1,Trey Benson,BensTr01,RB,ARI,NO,22.0,0.33,0.0,0.0,0.0,0.0,test
2025_01_ARI_NO,202509070nor,2025,REG,1,Joey Blount,BlouJo00,S,ARI,NO,0.0,0.0,0.0,0.0,10.0,0.37,test
2025_01_ARI_NO,202509070nor,2025,REG,1,Aaron Brewer,BrewAa00,LS,ARI,NO,0.0,0.0,0.0,0.0,9.0,0.33,test
2025_01_ARI_NO,202509070nor,2025,REG,1,Baron Browning,BrowBa01,LB,ARI,NO,0.0,0.0,40.0,0.53,0.0,0.0,test
2025_01_ARI_NO,202509070nor,2025,REG,1,Evan Brown,BrowEv00,OL,ARI,NO,66.0,1.0,0.0,0.0,5.0,0.19,test
2025_01_ARI_NO,202509070nor,2025,REG,1,Jordan Burch,BurcJo00,LB,ARI,NO,0.0,0.0,28.0,0.37,10.0,0.37,test
2025_01_ARI_NO,202509070nor,2025,REG,1,Denzel Burke,BurkDe01,CB,ARI,NO,0.0,0.0,0.0,0.0,15.0,0.56,test
2025_01_ARI_NO,202509070nor,2025,REG,1,Calais Campbell,CampCa99,DL,ARI,NO,0.0,0.0,33.0,0.44,5.0,0.19,test
2025_01_ARI_NO,202509070nor,2025,REG,1,L.J. Collier,CollLJ00,DL,ARI,NO,0.0,0.0,29.0,0.39,0.0,0.0,test
2025_01_ARI_NO,202509070nor,2025,REG,1,Zaven Collins,CollZa00,LB,ARI,NO,0.0,0.0,37.0,0.49,9.0,0.33,test
2025_01_ARI_NO,202509070nor,2025,REG,1,James Conner,ConnJa00,RB,ARI,NO,43.0,0.65,0.0,0.0,0.0,0.0,test
2025_01_ARI_NO,202509070nor,2025,REG,1,Kitan Crawford,CrawKi00,S,ARI,NO,0.0,0.0,0.0,0.0,22.0,0.81,test
2025_01_ARI_NO,202509070nor,2025,REG,1,Akeem Davis-Gaither,DaviAk01,LB,ARI,NO,0.0,0.0,28.0,0.37,19.0,0.7,test
2025_01_ARI_NO,202509070nor,2025,REG,1,Emari Demercado,DemeEm00,RB,ARI,NO,0.0,0.0,0.0,0.0,16.0,0.59,test
2025_01_ARI_NO,202509070nor,2025,REG,1,Greg Dortch,DortGr01,WR,ARI,NO,10.0,0.15,0.0,0.0,9.0,0.33,test
2025_01_ARI_NO,202509070nor,2025,REG,1,Hjalte Froholdt,FrohHj00,OL,ARI,NO,66.0,1.0,0.0,0.0,5.0,0.19,test
2025_01_ARI_NO,202509070nor,2025,REG,1,Josh Fryar,FryaJo00,OL,ARI,NO,0.0,0.0,0.0,0.0,5.0,0.19,test
2025_01_ARI_NO,202509070nor,2025,REG,1,Jon Gaines,GainJo00,OL,ARI,NO,0.0,0.0,0.0,0.0,5.0,0.19,test
2025_01_ARI_NO,202509070nor,2025,REG,1,Blake Gillikin,GillBl00,P,ARI,NO,0.0,0.0,0.0,0.0,9.0,0.33,test
2025_01_ARI_NO,202509070nor,2025,REG,1,Marvin Harrison Jr.,HarrMa09,WR,ARI,NO,59.0,0.89,0.0,0.0,0.0,0.0,test
2025_01_ARI_NO,202509070nor,2025,REG,1,Elijah Higgins,HiggEl00,TE,ARI,NO,20.0,0.3,0.0,0.0,10.0,0.37,test
2025_01_ARI_NO,202509070nor,2025,REG,1,Paris Johnson,JohnPa03,OL,ARI,NO,66.0,1.0,0.0,0.0,5.0,0.19,test
2025_01_ARI_NO,202509070nor,2025,REG,1,Will Johnson,JohnWi02,CB,ARI,NO,0.0,0.0,45.0,0.6,4.0,0.15,test
2025_01_ARI_NO,202509070nor,2025,REG,1,Zay Jones,JoneZa00,WR,ARI,NO,31.0,0.47,0.0,0.0,0.0,0.0,test
2025_01_ARI_NO,202509070nor,2025,REG,1,Trey McBride,McBrTr01,TE,ARI,NO,64.0,0.97,0.0,0.0,0.0,0.0,test
2025_01_ARI_NO,202509070nor,2025,REG,1,Max Melton,MeltMa00,CB,ARI,NO,0.0,0.0,75.0,1.0,5.0,0.19,test
2025_01_ARI_NO,202509070nor,2025,REG,1,Kyler Murray,MurrKy00,QB,ARI,NO,66.0,1.0,0.0,0.0,0.0,0.0,test
2025_01_ARI_NO,202509070nor,2025,REG,1,PJ Mustipher,MustPJ00,DL,ARI,NO,0.0,0.0,11.0,0.15,0.0,0.0,test
2025_01_ARI_NO,202509070nor,2025,REG,1,Owen Pappoe,PappOw00,LB,ARI,NO,0.0,0.0,0.0,0.0,20.0,0.74,test
2025_01_ARI_NO,202509070nor,2025,REG,1,Tip Reiman,ReimTi00,TE,ARI,NO,34.0,0.52,0.0,0.0,12.0,0.44,test
2025_01_ARI_NO,202509070nor,2025,REG,1,Darius Robinson,RobiDa01,DL,ARI,NO,0.0,0.0,42.0,0.56,5.0,0.19,test
2025_01_ARI_NO,202509070nor,2025,REG,1,Chad Ryland,RylaCh00,K,ARI,NO,0.0,0.0,0.0,0.0,10.0,0.37,test
2025_01_ARI_NO,202509070nor,2025,REG,1,Cody Simon,SimoCo01,LB,ARI,NO,0.0,0.0,0.0,0.0,10.0,0.37,test
2025_01_ARI_NO,202509070nor,2025,REG,1,Dante Stills,StilDa01,DL,ARI,NO,0.0,0.0,34.0,0.45,5.0,0.19,test
2025_01_ARI_NO,202509070nor,2025,REG,1,Josh Sweat,SweaJo00,LB,ARI,NO,0.0,0.0,47.0,0.63,0.0,0.0,test
2025_01_ARI_NO,202509070nor,2025,REG,1,Dadrion Taylor-Demerson,TaylDa02,S,ARI,NO,0.0,0.0,50.0,0.67,14.0,0.52,test
2025_01_ARI_NO,202509070nor,2025,REG,1,Jalen Thompson,ThomJa04,S,ARI,NO,0.0,0.0,75.0,1.0,3.0,0.11,test
2025_01_ARI_NO,202509070nor,2025,REG,1,Dalvin Tomlinson,TomlDa00,DL,ARI,NO,0.0,0.0,25.0,0.33,5.0,0.19,test
2025_01_ARI_NO,202509070nor,2025,REG,1,Travis Vokolek,VokoTr00,TE,ARI,NO,3.0,0.05,0.0,0.0,12.0,0.44,test
2025_01_ARI_NO,202509070nor,2025,REG,1,Xavier Weaver,WeavXa00,WR,ARI,NO,0.0,0.0,0.0,0.0,1.0,0.04,test
2025_01_ARI_NO,202509070nor,2025,REG,1,Garrett Williams,WillGa00,CB,ARI,NO,0.0,0.0,75.0,1.0,8.0,0.3,test
2025_01_ARI_NO,202509070nor,2025,REG,1,Jonah Williams,WillJo10,OL,ARI,NO,66.0,1.0,0.0,0.0,0.0,0.0,test
2025_01_ARI_NO,202509070nor,2025,REG,1,Mack Wilson,WilsMa03,LB,ARI,NO,0.0,0.0,75.0,1.0,0.0,0.0,test
2025_01_ARI_NO,202509070nor,2025,REG,1,Michael Wilson,WilsMi02,WR,ARI,NO,44.0,0.67,0.0,0.0,0.0,0.0,test
2025_01_ARI_NO,202509070nor,2025,REG,1,Ugo Amadi,AmadUg00,DB,NO,ARI,0.0,0.0,0.0,0.0,18.0,0.67,test
2025_01_ARI_NO,202509070nor,2025,REG,1,Kelvin Banks,BankKe01,T,NO,ARI,75.0,1.0,0.0,0.0,5.0,0.19,test
2025_01_ARI_NO,202509070nor,2025,REG,1,Julian Blackmon,BlacJu01,S,NO,ARI,0.0,0.0,66.0,1.0,3.0,0.11,test
2025_01_ARI_NO,202509070nor,2025,REG,1,Bryan Bresee,BresBr00,DT,NO,ARI,0.0,0.0,47.0,0.71,5.0,0.19,test
2025_01_ARI_NO,202509070nor,2025,REG,1,Jonathan Bullard,BullJo00,DE,NO,ARI,0.0,0.0,22.0,0.33,0.0,0.0,test
2025_01_ARI_NO,202509070nor,2025,REG,1,Brandin Cooks,CookBr00,WR,NO,ARI,57.0,0.76,0.0,0.0,0.0,0.0,test
2025_01_ARI_NO,202509070nor,2025,REG,1,Demario Davis,DaviDe00,LB,NO,ARI,0.0,0.0,66.0,1.0,0.0,0.0,test
2025_01_ARI_NO,202509070nor,2025,REG,1,Fadil Diggs,DiggFa00,DE,NO,ARI,0.0,0.0,7.0,0.11,4.0,0.15,test
2025_01_ARI_NO,202509070nor,2025,REG,1,Jaylan Ford,FordJa02,LB,NO,ARI,0.0,0.0,0.0,0.0,17.0,0.63,test
2025_01_ARI_NO,202509070nor,2025,REG,1,Luke Fortner,FortLu01,OL,NO,ARI,0.0,0.0,0.0,0.0,5.0,0.19,test
2025_01_ARI_NO,202509070nor,2025,REG,1,Taliese Fuaga,FuagTa00,T,NO,ARI,46.0,0.61,0.0,0.0,3.0,0.11,test
2025_01_ARI_NO,202509070nor,2025,REG,1,Davon Godchaux,GodcDa00,DT,NO,ARI,0.0,0.0,39.0,0.59,5.0,0.19,test
